lon,lat,confidence,area_m2,distance_to_river_m
36.89825857907502,-1.2373604104217502,0.75,161.09500122070312,180.67427806436345
36.90591485558379,-1.2401741031864741,0.75,53.98419952392578,69.38087269889368
36.88368623683236,-1.2487132817038233,0.75,60.15449905395508,91.94091052486968
36.905919314684844,-1.2406868998076208,0.75,68.91400146484375,128.87305436507108
36.92018397895482,-1.2385331539988065,0.8125,53.885501861572266,109.09617920364451
36.89031692009883,-1.248120221263715,0.8125,81.42289733886719,22.53322222960694
36.88927794955339,-1.249529297196604,0.7555999755859375,41.95669937133789,181.17893406425526
36.87879906207778,-1.2400670847611919,0.7555999755859375,76.3396987915039,59.465015422648136
36.893531931958364,-1.2530073960182917,0.7555999755859375,130.16490173339844,52.82164808842695
36.87809452411133,-1.248628558783808,0.7555999755859375,87.0438003540039,196.54375850624004
36.91386989186314,-1.2374718879480866,0.7555999755859375,34.01210021972656,103.56870162645339
36.91258121165869,-1.2364106218973665,0.7555999755859375,104.36599731445312,82.36490358853828
36.89025003358304,-1.249520378994497,0.8180999755859375,51.268798828125,181.17902609480336
36.915435036332894,-1.2401651849843673,0.8180999755859375,129.71859741210938,69.38084902274836
36.90337762708438,-1.2412442874393015,0.8180999755859375,67.96119689941406,188.365179269583
36.90175005519987,-1.2368119409921765,0.8180999755859375,245.69729614257812,151.434321258048
36.914797384882256,-1.2376324155860103,0.7444000244140625,46.087799072265625,159.88636118204258
36.894958844295466,-1.245752438604335,0.8069000244140625,128.43020629882812,70.95936623541131
36.89374150970787,-1.2387917818599063,0.8694000244140625,120.26820373535156,58.73241921671532
36.899912905565856,-1.2369412549227266,0.8694000244140625,212.0576934814453,172.61940639469097
36.897447022683295,-1.237498642554407,0.8694000244140625,66.53209686279297,124.36403313609853
36.88511314916946,-1.2463142853370697,0.9319000244140625,3401.2579,146.02797755650002
36.88621454712967,-1.2493375558513058,0.7042999863624573,14.650899887084961,161.34818163513373
36.8918820645686,-1.254817791045991,0.7667999863624573,146.8778076171875,66.88830616180424
36.90207111047572,-1.2378642888407896,0.8292999863624573,69.66590118408203,188.75301058799292
36.900849316787074,-1.2359691708930751,0.8292999863624573,82.49150085449219,63.55043618544279
36.89473143014175,-1.2474870289141262,0.8292999863624573,65.91190338134766,41.62287224232665
36.88010557868645,-1.2398976389211611,0.8292999863624573,148.91720581054688,39.63453695886882
36.87289075318198,-1.2377082203039191,0.8917999863624573,69.94100189208984,198.33460049066483
36.898543961542444,-1.2365711495352907,0.7612000107765198,48.33980178833008,132.95800510132443
36.889251194947065,-1.255379637778725,0.7612000107765198,133.89950561523438,87.86127320656256
36.91180532807539,-1.2359290389835942,0.8237000107765198,91.03410339355469,61.21372880109191
36.88441307030408,-1.2382968216429742,0.8237000107765198,40.82820129394531,146.37164639875616
36.89350517735204,-1.2388007000620131,0.8237000107765198,82.61219787597656,79.34955655558954
36.88741850441409,-1.2486062632785404,0.8237000107765198,90.71510314941406,82.0252379093537
36.88562148668956,-1.2489451549586026,0.8237000107765198,282.4486083984375,121.68677124089939
36.89804900132552,-1.2442452624482705,0.8862000107765198,81.2708969116211,48.51898137476542
36.90482683492675,-1.2370928643585433,0.8862000107765198,121.29530334472656,73.79906132571341
36.89102591716633,-1.2484814084490445,0.715499997138977,67.13980102539062,62.194770937698024
36.889902223700865,-1.2384885629882723,0.715499997138977,204.7790069580078,105.92452686346357
36.90859031621586,-1.2386312542219826,0.777999997138977,46.81840133666992,109.0945437863165
36.918275483703944,-1.2398039977990387,0.840499997138977,111.56169891357422,29.719415813372873
36.890816339416816,-1.2550675007049839,0.840499997138977,113.26640319824219,3.581615573432354
36.90375219157287,-1.2361921259457473,0.840499997138977,108.3113021850586,59.64810230476516
36.8953869179966,-1.2384662674830047,0.7210999727249146,129.8260955810547,39.82722070565117
36.91287997142927,-1.2389835232052047,0.7835999727249146,84.1249008178711,93.36265663747662
36.88046230677071,-1.2505816450452172,0.7835999727249146,101.57350158691406,148.12374496657065
36.88900148528807,-1.2478883480089362,0.7835999727249146,14.882499694824219,2.702375193960825
36.89016085156197,-1.2483342581142807,0.7835999727249146,23.725099563598633,52.27929176760943
36.90292279877693,-1.240267744308597,0.7835999727249146,46.306800842285156,79.29621087469062
36.889474149999735,-1.254898054864953,0.7099000215530396,27.279300689697266,115.99715940528176
36.8924082384929,-1.2542648625153636,0.7099000215530396,118.19149780273438,66.88871840619946
36.91490886240859,-1.239558747241099,0.7724000215530396,96.90689849853516,0.026653118865073593
36.87927172678945,-1.2410570051950571,0.7724000215530396,110.59120178222656,168.53409299217304
36.8899468147114,-1.239251069268411,0.7724000215530396,267.0469970703125,29.77274263706476
36.88197394202784,-1.247357714983576,0.7724000215530396,41.69219970703125,56.78920292705984
36.883543545598656,-1.2490744688891526,0.7724000215530396,63.055198669433594,131.60239376702768
36.89235918838131,-1.2553484240713508,0.7724000215530396,49.23749923706055,144.26253479598557
36.90656588433758,-1.2413557649656377,0.8349000215530396,169.2978057861328,199.85953307136958
36.88055148879178,-1.2395721245442597,0.8349000215530396,116.53579711914062,9.888548542048136
36.90156723205668,-1.2385331539988063,0.8349000215530396,148.87730407714844,125.05653789495489
36.87994505104852,-1.2488693502406942,0.8974000215530396,109.72560119628906,27.726978637528322
36.91759770034382,-1.2380114391755532,0.8974000215530396,250.0207977294922,168.58786824460034
36.90824696543475,-1.2389344730936167,0.7267000079154968,23.339000701904297,102.0605113363277
36.889902223700865,-1.255259242050282,0.7267000079154968,29.3356990814209,52.69091828861926
36.907257045000875,-1.2406244723928725,0.7267000079154968,17.363800048828125,158.6126051481749
36.908518970599005,-1.238729354445158,0.7892000079154968,49.84170150756836,109.09454623669073
36.89386190543632,-1.2459040480401524,0.7892000079154968,111.25630187988281,148.30898617792496
36.90507208548469,-1.2365443949289696,0.7892000079154968,166.57440185546875,130.05657385701363
36.91291564423771,-1.2365934450405576,0.7892000079154968,130.20919799804688,96.45563160357578
36.90747108185144,-1.2405174539675898,0.7892000079154968,244.639892578125,165.3670213647679
36.916933294286856,-1.2413557649656377,0.8517000079154968,40.119598388671875,198.28052843035724
36.90420701988032,-1.2370839461564367,0.8517000079154968,177.7967987060547,24.5342285190865
36.887596868456235,-1.2389969005083645,0.8517000079154968,109.15879821777344,119.24082092763756
36.88300399437119,-1.2393759240979074,0.8517000079154968,327.47650146484375,125.16033040219602
36.89220311984445,-1.2412398283382482,0.8517000079154968,66.69339752197266,188.36517027809202
36.9090362263212,-1.2378732070428964,0.9142000079154968,707.0631103515625,80.95836273786283
36.88594700106646,-1.2354073241603407,0.7322999835014343,66.25299835205078,35.29029146230245
36.8790264762315,-1.2393625467947473,0.7322999835014343,99.40709686279297,19.857841023193714
36.916549811596255,-1.238769486354639,0.7322999835014343,67.42379760742188,89.26498465092992
36.886120906007534,-1.2480533347479137,0.7947999835014343,86.0479965209961,22.53309945770242
36.917089362823724,-1.2452262646800287,0.7947999835014343,52.66490173339844,185.8760825831682
36.902650793612665,-1.2404371901486282,0.7947999835014343,62.83769989013672,99.1269518711164
36.889942355610344,-1.2388229955672803,0.7947999835014343,108.05049896240234,77.80327771040555
36.917771605284905,-1.2410480869929499,0.8572999835014343,63.228599548339844,116.01477145415025
36.908799893965366,-1.2379222571544843,0.8572999835014343,196.827392578125,66.89027057898656
36.91391002377261,-1.2364998039184354,0.8572999835014343,83.40370178222656,180.90210613122974
36.907480000053546,-1.2363615717857785,0.9197999835014343,206.34840393066406,151.1651688240728
36.906142269737515,-1.2402053168938487,0.7434999942779541,86.9926986694336,69.38089306760287
36.891387104351665,-1.252690799843497,0.7434999942779541,96.37030029296875,144.13184831561193
36.8894295589892,-1.2474424379035913,0.7434999942779541,63.433799743652344,46.87440950862993
36.91444511589903,-1.240508535765483,0.7434999942779541,234.19180297851562,111.35497436548674
36.90651237512495,-1.240187480489635,0.8059999942779541,56.11199951171875,73.7722154328669
36.91497574892439,-1.2409812004771483,0.8059999942779541,65.48709869384766,158.61914044979147
36.878946212412544,-1.2406868998076208,0.8059999942779541,18.662700653076172,128.8725816365882
36.87940104072,-1.2397103566769163,0.8059999942779541,55.0463981628418,19.80367112709552
36.91336155434304,-1.236419540099473,0.8059999942779541,38.04909896850586,145.70541721616704
36.88660248892131,-1.2343594354127814,0.8059999942779541,73.29679870605469,168.91882428981518
36.8861253651086,-1.248289667103746,0.8059999942779541,74.92410278320312,42.36382611122826
36.89295670792247,-1.2399422299316953,0.8684999942779541,104.22119903564453,49.55012103239093
36.89579715529352,-1.2395230744326717,0.8684999942779541,167.46400451660156,152.3422172691784
36.88252241145741,-1.2466977680276659,0.8684999942779541,211.45899963378906,126.19686478980502
36.89521301305552,-1.2476430974509964,0.8684999942779541,47.37179946899414,90.85533068938567
36.89133805424007,-1.2462028078107334,0.8684999942779541,238.99969482421875,175.77390556570066
36.8867184255487,-1.2483699309227083,0.8684999942779541,146.57479858398438,52.27916349117767
36.883458822678634,-1.2470634143140484,0.7379000186920166,52.045501708984375,86.53558389167088
36.88422578805984,-1.24923945562813,0.7379000186920166,11.483499526977539,151.4330101888039
36.90475103020884,-1.2412933375508897,0.7379000186920166,57.05970001220703,198.28053278077786
36.91874814841561,-1.2450880325473719,0.8004000186920166,116.75379943847656,6.232250676984387
36.89115077199583,-1.2540062346542638,0.8004000186920166,58.077999114990234,52.69008069826174
36.89082079851787,-1.2463633354486574,0.8004000186920166,72.5719985961914,165.85862207473667
36.88041771576019,-1.2406423087970861,0.8004000186920166,97.02729797363281,118.95749547699955
36.91902461268092,-1.2418016750709826,0.8629000186920166,31.832599639892578,23.708418468402286
36.89923958130678,-1.2419755800120666,0.8629000186920166,47.15140151977539,35.96075939953879
36.89004491493458,-1.2477813295836533,0.8629000186920166,57.369300842285156,7.212897858045885
36.88102415350345,-1.2499529117966814,0.8629000186920166,80.8738021850586,141.08976233475636
36.902276229124176,-1.2386847634346236,0.9254000186920166,184.48789978027344,89.26490135025185
36.88486343951047,-1.2490521733838853,0.9254000186920166,135.23049926757812,131.602204472077
36.8957793188893,-1.2387427317483184,0.7547000050544739,75.92739868164062,89.06945870735221
36.91434701567586,-1.239188641853663,0.7547000050544739,38.85300064086914,5.1819415273319755
36.913334799736724,-1.2370259778427417,0.7547000050544739,70.36710357666016,96.49326073023298
36.90740419533564,-1.240169644085421,0.7547000050544739,69.02339935302734,137.2308263390765
36.892082724116,-1.2394829425231904,0.7547000050544739,230.82330322265625,9.942083512841162
36.889514281909214,-1.249333096750252,0.8172000050544739,62.307899475097656,161.34822818952767
36.899752377927925,-1.2418685615867842,0.8797000050544739,53.34749984741211,0.8037500880886868
36.91767350506173,-1.2427737591006336,0.8797000050544739,69.71510314941406,125.99491948101632
36.919372422563086,-1.2417927568688754,0.7602999806404114,13.01200008392334,63.62932098551208
36.91941701357363,-1.2436700384123764,0.7602999806404114,111.49220275878906,63.629276147381155
36.890700402789435,-1.247081250718262,0.7602999806404114,64.95960235595703,86.53572873104146
36.905825673562724,-1.2409276912645069,0.7602999806404114,93.32579803466797,148.70376693893547
36.89359435937312,-1.2531233326456817,0.7602999806404114,131.6654052734375,66.8897010104713
36.91218435166493,-1.237115159863811,0.7602999806404114,11.226400375366211,2.028882115326498
36.91747284551432,-1.2425820177553353,0.8227999806404114,87.41690063476562,145.95537316975194
36.90412675606136,-1.2402365306012226,0.8227999806404114,64.34230041503906,79.29617675235514
36.89123549491584,-1.254799954641777,0.8227999806404114,81.50430297851562,17.649909983936162
36.90401973763608,-1.2357997250530441,0.8227999806404114,106.99310302734375,115.9131410157936
36.89710367190218,-1.2374674288470326,0.8227999806404114,164.7613983154297,96.21268610358459
36.91863221178821,-1.2420959757405095,0.8227999806404114,50.65599822998047,16.21248241800697
36.89440591576484,-1.246737899937147,0.8227999806404114,42.209598541259766,42.7929655457592
36.89770119144334,-1.2455116471474492,0.8852999806404114,237.26390075683594,118.89690514511014
36.91512735836021,-1.2395230744326717,0.8852999806404114,57.049198150634766,0.026672226630839325
36.893094940055136,-1.2464614356718333,0.8852999806404114,116.55989837646484,155.9428257855942
36.90304319450537,-1.236798563689016,0.8852999806404114,85.67890167236328,45.86672617687816
36.88395378289557,-1.2491502736070612,0.8852999806404114,278.1405029296875,141.51769926539157
36.87910674005048,-1.2404416492496813,0.7491000294685364,78.21420288085938,99.12652383156316
36.90616902434383,-1.2378330751334152,0.7491000294685364,11.88640022277832,123.12403187031985
36.888698266416434,-1.2553662604755644,0.7491000294685364,55.87739944458008,137.0995607612775
36.884560220638846,-1.2362991443710303,0.7491000294685364,70.60469818115234,5.780652361845236
36.88177774158149,-1.2493375558513058,0.8116000294685364,157.73480224609375,155.15792386547167
36.88538069523267,-1.2479061844131494,0.8116000294685364,426.7130126953125,2.7024346298134616
36.8982407426708,-1.2414404878856529,0.8116000294685364,39.306400299072266,155.52985113417907
36.87977560520848,-1.2486018041774873,0.8116000294685364,121.38670349121094,62.89713396678997
36.907569182074624,-1.2393447103905337,0.8116000294685364,68.22920227050781,87.99246538906395
36.90461279807618,-1.240307876218078,0.8116000294685364,95.59660339355469,89.21154128032894
36.91742379540273,-1.2422431260752733,0.8741000294685364,52.699501037597656,155.93561671264172
36.902521479682115,-1.2371642099753983,0.8741000294685364,213.5666046142578,116.21496361868579
36.90309224461695,-1.2370036823374746,0.8741000294685364,103.20149993896484,52.88949459758137
36.913366013444104,-1.2404104355423073,0.7034000158309937,127.67400360107422,170.65845147929377
36.89297454432669,-1.2400626256601386,0.7034000158309937,115.00630187988281,59.465483526604885
36.89431227464272,-1.2472640738614533,0.7034000158309937,19.63249969482422,7.609584914804459
36.87882135758305,-1.239647929262168,0.7659000158309937,42.57889938354492,9.888217124178096
36.913687068719945,-1.2367673499816418,0.7659000158309937,37.66510009765625,145.73551441832777
36.884961539733645,-1.2491190598996869,0.7659000158309937,15.388899803161621,141.5175579839847
36.89703678538637,-1.2382745261377068,0.7659000158309937,86.97090148925781,152.44757806655403
36.915506381949754,-1.2405531267760175,0.7659000158309937,109.65170288085938,109.04229443982294
36.878642993540915,-1.2402365306012229,0.7659000158309937,133.61129760742188,79.29572669403505
36.882571461569,-1.2476609338552103,0.8284000158309937,147.1302032470703,17.127869261022873
36.87937428611368,-1.2480890075563407,0.8284000158309937,69.02300262451172,133.2374501032332
36.91910041739882,-1.237917798053431,0.8284000158309937,173.98260498046875,178.50328525823147
36.889643595839765,-1.2489050230491217,0.8284000158309937,38.66270065307617,111.77141876031854
36.91783403269965,-1.239206478257877,0.8284000158309937,84.90650177001953,39.68814657339308
36.88605401949173,-1.2480488756468602,0.8284000158309937,81.18370056152344,22.533104969178225
36.88422578805983,-1.2478838889078825,0.8284000158309937,152.95069885253906,2.7025596639838994
36.89602011034619,-1.2394517288158162,0.8284000158309937,60.6422004699707,166.42539442003553
36.920059124125316,-1.2173925559044199,0.8909000158309937,159.03390502929688,119.53889634552496
36.879467927235794,-1.2405486676749637,0.8909000158309937,70.8406982421875,109.0419500916974
36.906048628615395,-1.2401562667822608,0.7089999914169312,45.11520004272461,69.38088594180506
36.88991560100403,-1.2540820393721723,0.7089999914169312,25.728599548339844,144.1328681144631
36.913517622879915,-1.240838509243438,0.7714999914169312,57.239498138427734,185.03726477842685
36.90682451219869,-1.2412130737319276,0.7714999914169312,119.25810241699219,196.23434789136368
36.91855194796925,-1.2447223862609895,0.7714999914169312,52.277000427246094,26.192680660967266
36.91620646081514,-1.2408206728392241,0.8339999914169312,101.27780151367188,138.788356714294
36.914280129160055,-1.239879802516947,0.8339999914169312,90.18659973144531,58.09836748613084
36.908541266104265,-1.2367182998700543,0.8339999914169312,221.58399963378906,45.65446022532561
36.88524692220107,-1.2343728127159415,0.8339999914169312,217.0876007080078,106.18322335543957
36.91819076078392,-1.2421673213573652,0.8339999914169312,28.56879997253418,66.11360332658612
36.88714649924984,-1.247437978802538,0.8964999914169312,75.5114974975586,46.874481825347814
36.88657127521394,-1.2482673715984787,0.8964999914169312,118.67320251464844,42.36380363112605
36.91747284551432,-1.2418730206878377,0.7827000021934509,26.921300888061523,145.9554123366443
36.8837977143587,-1.247897266211043,0.7827000021934509,133.95509338378906,2.702626147193223
36.891168608400044,-1.248481408449044,0.7827000021934509,70.60710144042969,72.11014774044197
36.90542881356896,-1.240887559355026,0.7827000021934509,108.94640350341797,148.70374583276194
36.9037967825834,-1.2406333905949796,0.7827000021934509,63.183101654052734,118.95762972523075
36.89767443683702,-1.2428317274143286,0.8452000021934509,95.50530242919922,92.18035808530148
36.8989408215362,-1.2368743684069246,0.9077000021934509,167.8509063720703,162.7040715696198
36.89788847368759,-1.2458416206254044,0.9077000021934509,104.90370178222656,161.10104345661125
36.8925910616361,-1.2385554495040738,0.9077000021934509,182.1221923828125,109.09569357196942
36.900889448696546,-1.2393625467947473,0.7257999777793884,136.09320068359375,113.42309751160819
36.88873393922486,-1.2463499581454969,0.7257999777793884,56.67509841918945,165.85881450247786
36.90734622702195,-1.2393714649968544,0.7257999777793884,132.65370178222656,73.92439844112948
36.9034043816907,-1.2404371901486282,0.7257999777793884,37.19380187988281,99.1269160787535
36.889362672473396,-1.2492572920323437,0.7882999777793884,108.91490173339844,151.43285038392335
36.918462765948185,-1.2384662674830047,0.7882999777793884,27.25119972229004,119.01100774622725
36.918355747522895,-1.2445841541283327,0.8507999777793884,77.48400115966797,46.153112907987044
36.891610059404336,-1.239380383198961,0.8507999777793884,179.20350646972656,19.85744822058198
36.901148076557654,-1.2399868209422298,0.8507999777793884,159.37680053710938,43.07531433965718
36.892929953316155,-1.2410882189024313,0.9132999777793884,166.05650329589844,168.53446707792665
36.8924751250087,-1.2511033598684704,0.7146000266075134,115.19080352783203,143.2268035668325
36.88972831875977,-1.2480354983436996,0.7146000266075134,49.55390167236328,22.533156556486936
36.9122066471702,-1.2368609911037642,0.7771000266075134,63.5077018737793,19.062032981781606
36.89758971391701,-1.2370215187416882,0.7771000266075134,104.09649658203125,96.25036213672513
36.914061633208426,-1.2395319926347783,0.7771000266075134,98.39420318603516,44.052771711565995
36.91502925813703,-1.2378241569313087,0.8396000266075134,49.226898193359375,166.93921489599924
36.92046936142223,-1.2395319926347783,0.8396000266075134,46.65629959106445,0.027292842352849157
36.893745968808936,-1.246283071629695,0.8396000266075134,58.32109832763672,127.19743627894195
36.89827641547924,-1.2417927568688754,0.8396000266075134,175.422607421875,127.38622341158221
36.8890951264102,-1.2495738882071386,0.8396000266075134,51.44049835205078,191.09428520165963
36.90669519826814,-1.2399645254369627,0.8396000266075134,46.039798736572266,66.9566108703095
36.91519870397707,-1.240807295536064,0.7314000129699707,61.34880065917969,138.78840288484864
36.91306279457246,-1.2386669270304096,0.7314000129699707,63.780399322509766,51.16577075588427
36.89026341088619,-1.248240616992158,0.7314000129699707,44.21480178833008,42.363938485824335
36.89107496727792,-1.252779981864566,0.7314000129699707,72.09140014648438,158.2000394653585
36.89037488841253,-1.2396523883632213,0.7939000129699707,526.4345703125,19.804039895068968
36.89453077059435,-1.2460199846675422,0.7939000129699707,88.68730163574219,85.01604911909062
36.891650191313815,-1.2396657656663816,0.8564000129699707,228.3907012939453,19.804001554523293
36.89970778691739,-1.2360271392067699,0.8564000129699707,91.21520233154297,73.4657870261405
36.8927828029814,-1.2386713861314633,0.8564000129699707,221.71009826660156,99.18032774281194
36.89360773667628,-1.2394205151084423,0.8564000129699707,180.3612060546875,9.94201289398768
36.89015639246091,-1.2393625467947473,0.9189000129699707,262.1361999511719,19.857393090411744
36.89527989957132,-1.2395052380284577,0.9189000129699707,192.56680297851562,110.11525774862508
36.9137584143368,-1.236780727284802,0.7369999885559082,80.30249786376953,152.77334618300625
36.89009396504616,-1.2534756016289037,0.7369999885559082,78.9197006225586,179.30272873354792
36.91982725087053,-1.241596556422524,0.7369999885559082,16.218299865722656,113.53045674500382
36.9045726661667,-1.2352780102297911,0.8619999885559082,130.19540405273438,193.29169906153155
36.919216354026226,-1.241779379565715,0.8619999885559082,58.25960159301758,43.66886972714097
36.89877583479722,-1.2371107007627573,0.8619999885559082,163.15989685058594,192.45016744676803
36.91419986534109,-1.2389433912957233,0.8619999885559082,95.37699890136719,19.23504932644745
36.90511667649523,-1.236718299870054,0.8619999885559082,263.635498046875,123.03379060220415
36.89742918627908,-1.2449275049094481,0.8619999885559082,227.4490966796875,48.54912660107119
36.878607320732485,-1.2407894591318498,0.7426000237464905,72.12110137939453,138.7878885535001
36.904768866613054,-1.241128350811912,0.8051000237464905,89.91329956054688,178.44980754466332
36.889068371803866,-1.2492439147291836,0.8051000237464905,100.17649841308594,151.4328313773882
36.89302805353933,-1.2532838602836056,0.8676000237464905,127.38690185546875,38.7532814485137
36.912799707610304,-1.239398219603175,0.8676000237464905,58.588199615478516,135.5520190984526
36.89523530856079,-1.2474513561056984,0.8676000237464905,50.85369873046875,76.78349988906164
36.88357921840708,-1.238559908605127,0.748199999332428,108.62789916992188,104.12206898147222
36.890700402789435,-1.2466665543202917,0.748199999332428,32.366600036621094,136.1125446960916
36.91494899431807,-1.2411372690140188,0.748199999332428,116.13710021972656,178.4498656492281
36.88710636734035,-1.2483297990132272,0.810699999332428,53.557899475097656,52.27915116562914
36.91405271500632,-1.2408741820518654,0.810699999332428,189.42230224609375,165.42618355418927
36.87894621241255,-1.2406200132918193,0.810699999332428,12.755800247192383,118.95721907819731
36.90164303677458,-1.2366112814447714,0.873199999332428,68.84220123291016,130.34342329424038
36.9089693398054,-1.238818536466227,0.873199999332428,28.88640022277832,151.29880891735476
36.900398947580676,-1.2393759240979074,0.873199999332428,140.65640258789062,148.5839068266981
36.88583998264117,-1.2354429969687686,0.873199999332428,145.92019653320312,28.252448637605646
36.893745968808936,-1.2477634931794397,0.873199999332428,231.68930053710938,7.212245025091572
36.878032096696586,-1.2410703824982174,0.935699999332428,2695.1706,178.44921361516168
36.89412945149952,-1.246251857922321,0.7537999749183655,142.57640075683594,99.06893288904513
36.89059338436415,-1.2472729920635603,0.7537999749183655,45.94929885864258,66.70501403173232
36.89796873750655,-1.2365220994237023,0.8162999749183655,106.1001968383789,89.25775557586496
36.90226731092207,-1.2379044207502705,0.8162999749183655,83.72660064697266,178.5031622311309
36.91370936422522,-1.2391841827526096,0.8162999749183655,78.44090270996094,44.082831346004824
36.89717501751904,-1.2386624679293563,0.8162999749183655,217.97320556640625,194.64445718135212
36.88501058984524,-1.2485170812574715,0.8162999749183655,295.24139404296875,72.1100142118075
36.90401527853502,-1.239960066335909,0.8162999749183655,28.066099166870117,49.55008984967519
36.88145222720458,-1.2403435490265056,0.8787999749183655,54.1619987487793,90.97406509924211
36.90633847018387,-1.2408162137381706,0.8787999749183655,201.033203125,138.78843830999412
36.87568660954247,-1.241079300700324,0.9412999749183655,445.1484069824219,168.5337224604962
36.904603879874074,-1.2409276912645069,0.7594000101089478,77.83769989013672,148.70371801313985
36.91766458685962,-1.2404193537444141,0.7594000101089478,32.16749954223633,99.12692025320388
36.89036151110937,-1.247437978802538,0.7594000101089478,71.98860168457031,46.874320767128566
36.911939101106995,-1.2391975600557699,0.7594000101089478,102.34590148925781,177.80155941979513
36.89860638895719,-1.2360494347120372,0.7594000101089478,65.38020324707031,73.46582691386548
36.90670411647025,-1.2393536285926405,0.7594000101089478,43.42679977416992,17.6520874917471
36.899712246018446,-1.240597717786552,0.7594000101089478,138.07269287109375,106.33854679143779
36.89229230186552,-1.2508714866136912,0.8219000101089478,90.8197021484375,163.18720149449604
36.90111686285028,-1.2370661097522226,0.8844000101089478,84.61250305175781,182.53479241217997
36.89553852743242,-1.2455829927643045,0.8844000101089478,143.04859924316406,35.80628131161493
36.890959030650535,-1.2482539942953184,0.7649999856948853,43.33140182495117,42.364031142040275
36.90487588503833,-1.240156266782261,0.7649999856948853,67.16280364990234,69.38082390315155
36.88992451920613,-1.2397995386979852,0.8274999856948853,260.8505859375,29.719432025611454
36.88315114470595,-1.24711692352669,0.8274999856948853,85.43240356445312,76.620172657371
36.8902723290883,-1.2533864196078346,0.8274999856948853,81.53479766845703,172.26861096807886
36.891833014457,-1.2476921475625846,0.8274999856948853,140.1240997314453,17.12800242390549
36.879236053981025,-1.247696606663638,0.8274999856948853,45.84659957885742,175.44164091318856
36.894976680699685,-1.2404773220581087,0.8899999856948853,235.61990356445312,166.33517678488218
36.88888554866069,-1.2485215403585253,0.7192999720573425,24.175500869750977,72.10991319364486
36.889072830904915,-1.2475227017225534,0.7192999720573425,29.818199157714844,36.959072270084754
36.90426944729506,-1.240428271946521,0.7192999720573425,62.91310119628906,99.1269015987573
36.91370936422521,-1.239625633756901,0.7817999720573425,72.20989990234375,79.23437737801322
36.91283983951979,-1.2401027575696197,0.7817999720573425,103.07530212402344,184.76416724175573
36.8872936495846,-1.2472640738614533,0.7817999720573425,56.09199905395508,66.70521087369366
36.89252863422134,-1.2395453699379386,0.7817999720573425,111.0635986328125,0.026710390213442528
36.91248757053657,-1.238658008828303,0.7817999720573425,70.6978988647461,100.43057686056571
36.907034089948205,-1.239647929262168,0.7817999720573425,25.785600662231445,66.89038470197208
36.919394718068354,-1.242760381797473,0.7817999720573425,89.7406005859375,63.62929750716211
36.900514884208064,-1.2365533131310762,0.8442999720573425,98.25330352783203,132.95796146236043
36.90003776039535,-1.2409812004771483,0.8442999720573425,264.11871337890625,50.06256557652639
36.88452008872935,-1.2487043635017168,0.8442999720573425,62.34280014038086,91.94079390153317
36.89832992469188,-1.2368253182953368,0.8442999720573425,187.1708984375,138.49247937599068
36.91255891615342,-1.2392109373589302,0.9067999720573425,344.1910095214844,135.56706123168615
36.88697259430875,-1.2478838889078825,0.9067999720573425,78.97480010986328,2.70233846956557
36.89180625985069,-1.2519149162601975,0.7081000208854675,160.50669860839844,165.23346442868225
36.88954103651554,-1.2496006428134594,0.7081000208854675,11.162500381469727,191.09431857160263
36.89141831805903,-1.2406868998076208,0.7081000208854675,120.69400024414062,128.8729906350409
36.919448227281,-1.2390281142157389,0.7081000208854675,54.03630065917969,59.519086006450266
36.89372367330367,-1.2517677659254338,0.7081000208854675,97.60099792480469,3.5041328864227483
36.91411960152214,-1.236749513577428,0.7706000208854675,45.191898345947266,180.92467086199983
36.891445072665356,-1.239647929262168,0.7706000208854675,217.65789794921875,9.888640539501157
36.88898364888386,-1.2467200635329332,0.7706000208854675,68.35430145263672,126.19734691475921
36.9161529516025,-1.2386490906261962,0.7706000208854675,54.063499450683594,99.18034037847558
36.90555812749952,-1.2411640236203394,0.7706000208854675,51.73789978027344,178.449838390301
36.8903392156041,-1.2409499867697742,0.8331000208854675,88.86180114746094,158.6191152633042
36.871936505556526,-1.2384216764724703,0.8331000208854675,82.72540283203125,119.0115944079173
36.89597551933566,-1.2381006211966223,0.8331000208854675,213.14419555664062,53.93297612614923
36.90857247981164,-1.2376324155860103,0.8956000208854675,414.68280029296875,24.685996870398018
36.89016976976407,-1.2397058975758628,0.8956000208854675,214.3874969482422,19.80405668471206
36.895828369000895,-1.2376145791817965,0.713699996471405,188.38479614257812,4.705781431218206
36.88460481164937,-1.2363615717857783,0.776199996471405,63.08290100097656,12.810955111244942
36.912701607387135,-1.2362277987541748,0.776199996471405,81.70500183105469,110.50118773650753
36.89125333132006,-1.2482584533963719,0.776199996471405,49.58530044555664,42.364071473113405
36.91735244978588,-1.2411551054182328,0.776199996471405,114.37039947509766,165.91590742182734
36.91316089479564,-1.2381898032176912,0.776199996471405,136.96270751953125,8.976403648155419
36.89522193125762,-1.2403123353191312,0.776199996471405,114.96929931640625,173.38802953587742
36.904345252012966,-1.239701438474809,0.838699996471405,78.38719940185547,19.80400200970675
36.893152908368826,-1.2536450474689342,0.838699996471405,66.21659851074219,73.92329609768655
36.896925307860045,-1.2429699595469852,0.838699996471405,48.52239990234375,141.40159713150337
36.89539583619871,-1.2398307524053591,0.838699996471405,219.5655059814453,145.28183242846728
36.884444284011444,-1.2378330751334155,0.838699996471405,62.02330017089844,111.22012969546157
36.90616902434383,-1.241230910136141,0.838699996471405,90.70570373535156,188.36524382351865
36.89655074337156,-1.245337742206365,0.838699996471405,131.26930236816406,20.43944812877585
36.88138088158773,-1.2384573492808981,0.901199996471405,119.60790252685547,78.85393984294258
36.89012517875353,-1.240669063403407,0.901199996471405,192.81149291992188,128.87303838994862
36.879026476231516,-1.240267744308597,0.7304999828338623,45.93830108642578,79.29578368954367
36.912986989854545,-1.2377528113144536,0.7304999828338623,46.109798431396484,12.09947288026842
36.92089297602232,-1.2388319137693875,0.7304999828338623,13.108799934387207,79.35035198304601
36.90476440751199,-1.2402186941970088,0.7304999828338623,69.06310272216797,79.29618191467966
36.916197542613034,-1.2381764259145307,0.7929999828338623,128.54310607910156,148.75715402304002
36.91244743862709,-1.239786161394825,0.7929999828338623,48.73360061645508,191.82455353677364
36.9129156442377,-1.2390682461252198,0.7929999828338623,57.332000732421875,100.39296369961173
36.88582660533802,-1.2476787702594239,0.7929999828338623,111.59290313720703,17.128336188839842
36.89198908299388,-1.2495114607923905,0.7929999828338623,103.87169647216797,181.17928152491683
36.91765566865751,-1.2448115682820577,0.8554999828338623,177.4488983154297,135.97503639171927
36.90332857697279,-1.2362857670678697,0.8554999828338623,86.92759704589844,17.428607659687554
36.90044799769226,-1.23668708616268,0.8554999828338623,178.9290008544922,152.78868422904276
36.902146915193626,-1.2389255548915097,0.8554999828338623,49.09590148925781,69.44545509166988
36.92037572030012,-1.2418730206878374,0.8554999828338623,48.098201751708984,173.41179709214236
36.90007789230483,-1.2431171098817488,0.9179999828338623,102.55650329589844,118.79534187161154
36.89968995051318,-1.2417838386667686,0.9179999828338623,171.84829711914062,21.90395901065523
36.90822912903053,-1.237685924798652,0.9179999828338623,153.1114044189453,10.617906894520175
36.91364247770941,-1.2371062416617036,0.7249000072479248,58.190101623535156,110.5764472484323
36.88556797747692,-1.2475405381267672,0.7874000072479248,100.06449890136719,36.95904213540507
36.89090552143789,-1.2492171601228625,0.7874000072479248,31.516799926757812,151.43301562995327
36.87933415420421,-1.2404550265528413,0.7874000072479248,123.19170379638672,99.12655501911456
36.91230474739338,-1.236740595375321,0.7874000072479248,62.26300048828125,33.1301738118476
36.9019195010399,-1.237400542331231,0.8499000072479248,164.40150451660156,179.54043773699246
36.89134251334113,-1.2403480081275589,0.8499000072479248,68.45649719238281,89.21154168203135
36.89773240515071,-1.2458282433222436,0.8499000072479248,109.89530181884766,147.03676877191913
36.900992008020786,-1.2383369535524547,0.8499000072479248,87.53369903564453,183.785831154072
36.88641966577813,-1.2460467392738628,0.8499000072479248,199.44679260253906,195.60490579970863
36.90365855045074,-1.241288878449836,0.8499000072479248,131.65769958496094,198.2805340178441
36.90405986954555,-1.2406244723928725,0.8499000072479248,75.16670227050781,118.95762689425824
36.89795536020339,-1.2368431546995504,0.9124000072479248,193.8798065185547,110.3411172062005
36.8768816486248,-1.238029275579767,0.9124000072479248,225.7165985107422,168.58853765293694
36.89946253635945,-1.2411015962055914,0.9124000072479248,167.68409729003906,85.21959101889634
36.883980537501884,-1.2384618083819516,0.7361000180244446,117.11710357666016,125.24308983778933
36.88350341368917,-1.2392555283694646,0.7361000180244446,51.50910186767578,153.32668424844528
36.884479956819874,-1.247469192509912,0.7361000180244446,119.3895034790039,46.87428093996264
36.878941753311494,-1.2399333117295888,0.7361000180244446,48.107200622558594,39.63431894120465
36.89262227534347,-1.2395409108368853,0.7361000180244446,50.7234992980957,0.02670724484029082
36.894080401387946,-1.2412710420456226,0.7986000180244446,87.42220306396484,191.85320126217218
36.89746931818856,-1.2382923625419204,0.8611000180244446,100.81690216064453,187.63675068276413
36.87837544747771,-1.2483833082258682,0.8611000180244446,193.46400451660156,189.5097305352418
36.889362672473396,-1.2546929362164942,0.7416999936103821,73.30889892578125,137.09920512975506
36.880667425419176,-1.2465639949960623,0.7416999936103821,134.3513946533203,153.98272035898876
36.89673356651474,-1.2445752359262257,0.7416999936103821,61.37080001831055,28.819481793333537
36.884529006931466,-1.2377126794049724,0.8041999936103821,52.24959945678711,111.22766162621105
36.901718841492496,-1.2399333117295888,0.8041999936103821,215.32220458984375,0.8823408770830806
36.914467411404296,-1.2412665829445688,0.8041999936103821,152.32769775390625,189.71337442595714
36.89581945079879,-1.237855370638683,0.8041999936103821,95.67559814453125,25.80422613795215
36.890352592907256,-1.2494222787713214,0.8041999936103821,43.847999572753906,171.2636730314282
36.89213623332864,-1.2559637800167265,0.8041999936103821,82.87699890136719,179.43235261476264
36.893955546558445,-1.2398262933043058,0.8041999936103821,135.88870239257812,33.97140520656452
36.904586043469855,-1.2353805695540203,0.8041999936103821,168.46240234375,186.26139232078685
36.89559649574611,-1.245779193210656,0.8666999936103821,171.79339599609375,14.702321196803647
36.878308560961905,-1.2487623318154113,0.8666999936103821,187.92030334472656,168.4076314816235
36.90365855045074,-1.2363036034720836,0.7584999799728394,16.13159942626953,45.57996009829543
36.893282222299376,-1.2411015962055914,0.7584999799728394,91.32009887695312,168.5344928915586
36.88903269899544,-1.2552949148587098,0.7584999799728394,100.3760986328125,115.9974170026667
36.89089214413473,-1.2481335985668756,0.7584999799728394,29.89150047302246,32.44865504390544
36.917932132922836,-1.242127189447884,0.8209999799728394,85.07520294189453,96.0542761992811
36.902927257877984,-1.240735949919209,0.8209999799728394,88.72550201416016,128.8730235749983
36.920455984119066,-1.240035871053818,0.8209999799728394,64.27439880371094,59.46488198506245
36.87964183217689,-1.2408028364350103,0.8834999799728394,127.54290008544922,138.78807164423026
36.91534585431183,-1.2395409108368853,0.7473000288009644,17.821199417114258,0.026683283994777998
36.919354586158875,-1.2380203573776603,0.7473000288009644,93.03279876708984,168.58803504430807
36.91955078660523,-1.2390147369125788,0.8098000288009644,430.0517883300781,49.603723613215166
36.91881949403246,-1.2418685615867842,0.8098000288009644,36.96659851074219,3.7479670836131147
36.92014830614639,-1.2390994598325942,0.8723000288009644,152.19020080566406,49.604004981161815
36.915689205092946,-1.2404148946433606,0.8723000288009644,85.33070373535156,99.1269235322022
36.91818630168287,-1.2446644179472948,0.7529000043869019,14.472599983215332,66.11354117367156
36.91720529945112,-1.2428540229195955,0.7529000043869019,11.210000038146973,175.89602331298107
36.91738366349326,-1.2447357635641496,0.8154000043869019,70.04309844970703,155.93547010849315
36.890629057172575,-1.2485215403585253,0.8154000043869019,68.28099822998047,72.11007215554781
36.908238047232636,-1.2374050014322846,0.8154000043869019,19.69569969177246,17.51827886814805
36.89828087458029,-1.236638036051092,0.8779000043869019,100.30819702148438,124.43187986424704
36.89297008522563,-1.2403658445317727,0.8779000043869019,159.6761016845703,89.21157106423108
36.89884718041407,-1.2420647620331355,0.8779000043869019,85.50679779052734,57.053457478489634
36.89781266896968,-1.236361571785778,0.8779000043869019,157.1999053955078,68.15177265293478
36.90172330059356,-1.2367049225668936,0.8779000043869019,221.5605010986328,144.4040219303178
36.91153778201218,-1.2360449756109837,0.7071999907493591,44.72570037841797,33.06990742781244
36.89734000425801,-1.2368030227900695,0.7071999907493591,161.52340698242188,61.08377897474667
36.893398158926765,-1.2533730423046743,0.7071999907493591,20.935400009155273,73.92352863225824
36.913441818162006,-1.2369992232364209,0.7696999907493591,70.42489624023438,103.53109274177905
36.90432741560877,-1.2396345519590073,0.7696999907493591,38.892398834228516,9.888639552186602
36.88721784486669,-1.2487980046238387,0.7696999907493591,308.6871032714844,101.85596800724768
36.89212285602548,-1.2511479508790049,0.7696999907493591,42.695098876953125,183.14756634807335
36.891592223000124,-1.2539215117342484,0.7696999907493591,19.666200637817383,24.55378096652807
36.92104904455918,-1.2382700670366533,0.7696999907493591,44.18600082397461,138.8425876408134
36.914413902191654,-1.2399957391443368,0.8321999907493591,82.42019653320312,54.45103887008531
36.903417758993854,-1.23708840525749,0.8321999907493591,188.98159790039062,38.806287935995655
36.88618333342229,-1.2465862905013296,0.8321999907493591,248.29550170898438,136.1127124422708
36.89526652226816,-1.244486053905157,0.8946999907493591,158.62420654296875,155.40170454250418
36.917107199227935,-1.244780354574684,0.8946999907493591,105.03589630126953,185.87611382592868
36.92149049556347,-1.219247541942653,0.8946999907493591,104.57029724121094,161.74396922974427
36.905477863680545,-1.2375655290702088,0.8946999907493591,142.5,87.91233627559548
36.8922744654613,-1.2516562883990976,0.8946999907493591,134.47860717773438,151.16510651257983
36.90561609581321,-1.2372400146933071,0.8946999907493591,153.6450958251953,123.0789241117471
36.906458865912306,-1.2397237339800766,0.7641000151634216,55.375999450683594,24.899365468495184
36.9152432949876,-1.2398753434158936,0.7641000151634216,109.40619659423828,39.63477192503827
36.91514073566337,-1.2406868998076208,0.8266000151634216,56.2588005065918,128.87304031729735
36.8798424917243,-1.240628931493926,0.8266000151634216,77.07749938964844,118.95738174061385
36.889991405721936,-1.247799165987867,0.8266000151634216,48.937599182128906,7.212907239923704
36.91595229205509,-1.2380248164787135,0.8266000151634216,35.176700592041016,168.58787161387542
36.897371217965386,-1.242577558654282,0.8891000151634216,98.13819885253906,134.38451910953154
36.89185976906332,-1.239215396459984,0.8891000151634216,134.13909912109375,39.68817269514966
36.893393699825715,-1.2477278203710118,0.7239999771118164,11.889200210571289,17.127676058751298
36.90538422255843,-1.2368922048111386,0.7239999771118164,242.7886962890625,130.0866695523953
36.90524599042577,-1.2398129160011455,0.7239999771118164,17.818099975585938,29.719386981402355
36.89080742121472,-1.246452517469726,0.7864999771118164,37.75619888305664,155.94325892781535
36.89010288324827,-1.2494356560744817,0.7864999771118164,104.97059631347656,171.2636428549334
36.89119536300636,-1.255000614189182,0.7864999771118164,142.49819946289062,24.683839993460516
36.9060575468175,-1.2411194326098054,0.7864999771118164,44.96820068359375,178.44987408427966
36.90741757263879,-1.239268905672625,0.7864999771118164,34.01029968261719,66.89033921970345
36.90912094924121,-1.2389746050030976,0.7864999771118164,96.39659881591797,179.4349857000922
36.89024557448197,-1.2409767413760948,0.8489999771118164,133.947998046875,158.61912052361276
36.90527720413315,-1.2366514133542523,0.8489999771118164,47.999000549316406,144.13976415132572
36.92174020522247,-1.219969916313311,0.8489999771118164,123.2698974609375,196.9145522830953
36.899547259279466,-1.2400804620643522,0.9114999771118164,189.2082061767578,162.61827964203053
36.90384583269499,-1.2410347096897896,0.7128000259399414,120.55750274658203,168.5344426090041
36.87929848139577,-1.2409945777803086,0.7128000259399414,27.27050018310547,158.6187303970394
36.91555097296028,-1.2407939182329035,0.7753000259399414,73.6240005493164,138.78838211503307
36.90694936702819,-1.2392867420768388,0.7753000259399414,47.35449981689453,31.72014849698
36.902093405980985,-1.2364998039184354,0.8378000259399414,163.4958953857422,95.16175630971303
36.889661432243976,-1.2391351326410216,0.8378000259399414,220.52749633789062,28.568560313412668
36.88738283160568,-1.2491368963039007,0.8378000259399414,87.77330017089844,141.51741831323613
36.891485204574835,-1.254251485212203,0.8378000259399414,83.79149627685547,3.4518727151579465
36.914498625111676,-1.2402008577927952,0.8378000259399414,200.2469024658203,72.9616694718709
36.89829871098451,-1.235946875387808,0.8378000259399414,184.806396484375,63.550488850642616
36.89667559820105,-1.244659958846241,0.8378000259399414,47.98809814453125,28.81570804660043
36.89479831665755,-1.24090539575924,0.8378000259399414,220.00469970703125,182.778334132507
36.918123874268126,-1.2409187730623998,0.8378000259399414,91.8646011352539,76.09386333105904
36.883864600874496,-1.2487935455227857,0.7184000015258789,42.08509826660156,101.85624562592014
36.91378516894312,-1.2374808061501932,0.7184000015258789,26.121999740600586,96.53087198100484
36.8898799281956,-1.254028530159531,0.7184000015258789,32.42300033569336,151.16686420800372
36.904175806172944,-1.2411595645192863,0.7184000015258789,142.41700744628906,178.4498021111189
36.904483484145636,-1.2407627045255294,0.7184000015258789,119.95040130615234,138.78835295275553
36.89082079851787,-1.2467334408360935,0.7184000015258789,18.71980094909668,126.19716943173172
36.88856895248588,-1.2494311969734282,0.7809000015258789,24.06329917907715,171.26352939712723
36.89761646852333,-1.2381318349039965,0.7809000015258789,113.74320220947266,187.65181838988724
36.891445072665356,-1.254898054864953,0.7809000015258789,115.12999725341797,38.75201407244816
36.88200961483626,-1.2488871866449076,0.8434000015258789,117.31580352783203,111.77197354954264
36.88136304518352,-1.2501268167377655,0.8434000015258789,128.4781036376953,183.2939530567485
36.891761668840154,-1.2477857886847064,0.8434000015258789,49.25979995727539,7.212655290227044
36.88680760756977,-1.2358131023562047,0.8434000015258789,91.05690002441406,70.51718628185385
36.8973221678538,-1.2384261355735238,0.9059000015258789,184.30560302734375,187.62168582998902
36.89504356721549,-1.2385554495040736,0.7351999878883362,93.5553970336914,18.706214264579593
36.90668182096498,-1.2398441297085196,0.7351999878883362,45.19710159301758,52.82234041770451
36.89424538812692,-1.2452976102968838,0.7351999878883362,119.92259979248047,169.4319030798871
36.888907844165956,-1.2494044423671073,0.7351999878883362,31.882999420166016,171.2635472924602
36.89169478232435,-1.2517499295212202,0.7976999878883362,35.58380126953125,186.33551145583056
36.8894295589892,-1.2491413554049544,0.7976999878883362,47.4900016784668,141.51749396341225
36.90056393431966,-1.239696979373756,0.8601999878883362,210.86659240722656,113.40814190535956
36.901754514300926,-1.2365845268384505,0.8601999878883362,60.54570007324219,123.30558125413378
36.91588540553929,-1.240838509243438,0.8601999878883362,56.1431999206543,138.78836672486673
36.88727581318039,-1.2475940473394087,0.9226999878883362,258.2578125,17.128394585794968
36.89643034764311,-1.2445484813199048,0.9226999878883362,474.61419677734375,56.948030980401995
36.895208553954475,-1.2530876598372538,0.7296000123023987,80.03780364990234,195.5049498225155
36.90893812609802,-1.2392912011778923,0.7296000123023987,69.9000015258789,186.4690322441117
36.914797384882256,-1.2391841827526096,0.7921000123023987,73.62670135498047,39.68809577890925
36.885889032752765,-1.2486062632785406,0.7921000123023987,73.80599975585938,82.02529707898468
36.922123687913064,-1.2384573492808981,0.7921000123023987,233.6490020751953,119.01217775180639
36.91101606718894,-1.2363125216741904,0.7921000123023987,10.764200210571289,30.248039454385886
36.89690301235478,-1.23708840525749,0.8546000123023987,64.94660186767578,54.01580074320126
36.911470895496386,-1.2361475349352127,0.8546000123023987,55.66189956665039,19.00176474748327
36.885077476361026,-1.2351085643897601,0.8546000123023987,75.54959869384766,50.42406769739699
36.88383784626818,-1.248410062832189,0.9171000123023987,169.11990356445312,62.19480610781476
36.88305304448278,-1.2479819891310584,0.746399998664856,151.5428924560547,12.618113425249366
36.892800639385605,-1.2384796447861648,0.746399998664856,32.74639892578125,119.01104861097504
36.91218881076599,-1.238729354445158,0.808899998664856,36.79410171508789,128.5743739168344
36.89236810658342,-1.2495025425902833,0.808899998664856,55.28779983520508,163.18728412701316
36.88936267247339,-1.2491770282133818,0.808899998664856,158.451904296875,141.51748695094676
36.88002085576643,-1.2490566324849388,0.871399998664856,98.78009796142578,6.624887674508214
36.895364622491336,-1.2397237339800766,0.871399998664856,242.2238006591797,131.21369917809142
36.904728734703575,-1.2360315983078236,0.871399998664856,72.32019805908203,151.1249163923904
36.904242692688754,-1.2371865054806657,0.871399998664856,259.2196044921875,17.50392258649858
36.8991414810836,-1.2409678231739878,0.871399998664856,125.01270294189453,127.42001434669827
36.89998871028376,-1.2396925202727025,0.871399998664856,98.75469970703125,155.601100985188
36.88468061636727,-1.2342925488969794,0.871399998664856,515.2291259765625,135.47812424772113
36.87891499870518,-1.2408340501423842,0.871399998664856,138.7270050048828,138.78794420411634
36.90148250913666,-1.2391931009547164,0.7519999742507935,18.68950080871582,78.26975099214967
36.89617171978201,-1.2451192462547458,0.7519999742507935,23.399999618530273,28.79682852698981
36.89689409415267,-1.2454001696211134,0.7519999742507935,130.55760192871094,48.56799072366092
36.89206042861073,-1.2469965277982467,0.7519999742507935,54.31209945678711,96.45087505514255
36.91954186840312,-1.2417838386667686,0.7519999742507935,12.440099716186523,83.5897722441102
36.907792137127295,-1.2389077184872959,0.8144999742507935,64.1635971069336,66.89030518403588
36.89342937263414,-1.238885422982029,0.8144999742507935,76.37129974365234,69.43420068815878
36.8924082384929,-1.247968611827898,0.8144999742507935,92.96209716796875,12.618191477206745
36.90077797117022,-1.2388140773651735,0.8144999742507935,52.311100006103516,162.67066071654125
36.89433457014798,-1.2453644968126856,0.8769999742507935,96.93499755859375,155.36385618305954
36.90763606859042,-1.239251069268411,0.8769999742507935,97.8759994506836,80.95841717658783
36.89653736606839,-1.2447981909788979,0.8769999742507935,58.098899841308594,21.776021926458565
36.88718663115932,-1.2490075823733509,0.7408000230789185,83.51290130615234,121.68669335889756
36.91346857276832,-1.2363749490889389,0.7408000230789185,60.56100082397461,152.7432508729656
36.899565095683684,-1.241369142268798,0.8033000230789185,99.47440338134766,64.11562976951754
36.894566443402766,-1.2452530192863493,0.8033000230789185,141.90870666503906,148.33551448661933
36.891833014457006,-1.2556694793471987,0.8033000230789185,91.35040283203125,137.22821555416212
36.891574386595906,-1.2529182139972228,0.8033000230789185,72.96170043945312,101.92768768131799
36.91841371583659,-1.2439732572840105,0.8033000230789185,77.91889953613281,36.17290617301075
36.875891728190936,-1.2378821252450034,0.8033000230789185,192.35830688476562,178.50395496540787
36.91432472017059,-1.2392555283694646,0.8033000230789185,77.09940338134766,1.848369314337595
36.88952320011131,-1.2538635434205534,0.8033000230789185,72.52300262451172,193.37107344811866
36.88089929867396,-1.2504300356094,0.8033000230789185,79.36859893798828,169.2258558651717
36.88091713507817,-1.2411640236203394,0.8658000230789185,121.37770080566406,178.44979680549963
36.89875353929195,-1.2418061341720357,0.8658000230789185,321.8872985839844,78.15741857514733
36.89287198500246,-1.2385019402914326,0.8658000230789185,86.32039642333984,119.01104445692155
36.884622648053586,-1.2481425167689826,0.8658000230789185,69.7197036743164,32.44860250897026
36.8863929111718,-1.2465015675813143,0.8658000230789185,760.8652954101562,136.11272244979176
36.88511760827051,-1.234497667545438,0.8658000230789185,232.26870727539062,101.57459692915889
36.88695475790453,-1.2481737304763565,0.8658000230789185,116.7052993774414,32.44842840836246
36.90978089619713,-1.2371998827838264,0.9283000230789185,1689.54345703125,95.02648477873923
36.8857329642159,-1.247888348008936,0.7006999850273132,84.5884017944336,2.7023969178807525
36.91675938934576,-1.2412442874393015,0.7631999850273132,70.7240982055664,188.365164760871
36.89081633941682,-1.2466531770171314,0.7631999850273132,34.83369827270508,136.11253260632458
36.894289979137454,-1.246127003092825,0.7631999850273132,122.92150115966797,99.0765150930431
36.899507127369986,-1.2399779027401232,0.7631999850273132,190.82000732421875,169.65418315404548
36.895957682931446,-1.2393714649968544,0.7631999850273132,193.1820068359375,152.35726023184688
36.89081633941682,-1.246091330284397,0.7631999850273132,36.51150131225586,195.60471146019623
36.91837804302817,-1.2377037612028656,0.8256999850273132,69.8917007446289,198.33391253124856
36.89490533508284,-1.2401607258833138,0.8881999850273132,218.21299743652344,131.17611855027369
36.89943578175313,-1.241819511475196,0.9506999850273132,439.8757019042969,28.932360158001003
36.9066996573692,-1.2404059764412538,0.7576000094413757,248.7657012939453,108.87666254152711
36.89584620540511,-1.2376591701923312,0.7576000094413757,12.182600021362305,11.743613793372383
36.91766012775857,-1.245649879280106,0.7576000094413757,102.356201171875,125.99478402505306
36.9072258312935,-1.2396523883632216,0.7576000094413757,238.8197021484375,73.92442166578736
36.88951874101028,-1.2484368174385096,0.7576000094413757,52.663299560546875,62.19459418313277
36.88232175191001,-1.247067873415102,0.8201000094413757,147.08470153808594,86.53537355910122
36.88299953527013,-1.2396256337569007,0.8201000094413757,216.39779663085938,139.2209448208693
36.91748176371644,-1.244668877048348,0.8201000094413757,35.83100128173828,145.95526044004512
36.90235649294315,-1.2375031016554605,0.8826000094413757,225.0220947265625,158.4118448963044
36.886580193416044,-1.2357016248298685,0.8826000094413757,35.88990020751953,63.4642745004565
36.91477063027593,-1.2392822829757857,0.711899995803833,12.876700401306152,29.772733367257224
36.90454591156038,-1.240459485653895,0.711899995803833,28.315500259399414,99.12690381120595
36.912162056159666,-1.239567665443206,0.774399995803833,74.97370147705078,191.84712059061513
36.88963913673871,-1.2466710134213452,0.774399995803833,91.29180145263672,126.19730019678954
36.90311454012223,-1.2405843404833916,0.774399995803833,54.239200592041016,118.95765206848908
36.878513679610364,-1.2398173751021988,0.774399995803833,56.005001068115234,29.718887742629445
36.908313851950545,-1.2395721245442597,0.774399995803833,65.00029754638672,158.33287755103248
36.88998694662089,-1.2409856595782018,0.774399995803833,27.61400032043457,158.61913832191766
36.914168651633716,-1.240807295536064,0.774399995803833,152.94459533691406,148.39231824358632
36.880484602275985,-1.2397014384748093,0.774399995803833,27.178800582885742,19.803890530438576
36.914503084212726,-1.2373113603101622,0.836899995803833,91.17890167236328,166.89412482615793
36.89286752590141,-1.2472819102656674,0.836899995803833,26.817100524902344,66.70461870426303
36.89131575873481,-1.249556051802925,0.836899995803833,70.45929718017578,181.1791732026961
36.90104551723342,-1.2382388533292792,0.899399995803833,86.25980377197266,184.1781429341454
36.90142899992403,-1.2411238917108587,0.899399995803833,196.59829711914062,69.48785317222662
36.90215583339573,-1.2374451333417658,0.899399995803833,133.14549255371094,165.45722064344415
36.87649370683315,-1.2384707265840582,0.7174999713897705,87.34190368652344,119.01175081593057
36.89256430702977,-1.2526239133276955,0.7174999713897705,123.37210083007812,45.654960739820886
36.92044260681591,-1.241699115746753,0.7799999713897705,22.890499114990234,183.39203468716224
36.8803686656486,-1.2404193537444141,0.7799999713897705,62.887298583984375,99.1267703877064
36.90873300744958,-1.239380383198961,0.8424999713897705,110.15180206298828,172.40095033240092
36.88316452200911,-1.2487846273206786,0.8424999713897705,121.54930114746094,101.85636689235926
36.883356263354415,-1.2356927066277614,0.8424999713897705,82.61090087890625,141.96121759166263
36.91915838571252,-1.2379445526597515,0.8424999713897705,76.75270080566406,178.50332295093145
36.8981649379529,-1.2356525747182805,0.8424999713897705,44.79209899902344,33.804409501251065
36.89353193195837,-1.240869722950812,0.9049999713897705,105.65170288085938,148.70378038956588
36.89041056122096,-1.2492572920323437,0.9049999713897705,131.6009979248047,151.4329568736261
36.876337638296285,-1.2407181135149947,0.9049999713897705,451.5303955078125,138.7876626195424
36.887409586211994,-1.2483966855290287,0.7063000202178955,63.086299896240234,62.19451118196486
36.89244391130133,-1.2472462374572402,0.7688000202178955,95.31310272216797,66.70471469403608
36.913553295688345,-1.2370259778427417,0.7688000202178955,46.13589859008789,110.56892451520014
36.90248580687369,-1.2365087221205422,0.7688000202178955,32.60279846191406,59.97255206221683
36.89153871378747,-1.25372977038895,0.7688000202178955,43.11600112915039,45.65582352048679
36.91482413948857,-1.2398887207190543,0.7688000202178955,87.29660034179688,39.634803771326915
36.9170626082174,-1.241409274178279,0.7688000202178955,48.63309860229492,195.85657164304726
36.91656764800048,-1.240735949919209,0.8313000202178955,58.33380126953125,128.87298951585632
36.8924751250087,-1.252690799843497,0.8313000202178955,153.17120361328125,52.689025705918816
36.884399693000915,-1.2490432551817785,0.8313000202178955,116.29209899902344,131.60225910824934
36.89034367470516,-1.2406378496960329,0.8313000202178955,49.007999420166016,118.95766497466775
36.90299860349484,-1.238426135573524,0.8938000202178955,339.5033874511719,119.01104227660745
36.890200983471445,-1.241007955083469,0.7231000065803528,99.43779754638672,158.61912612016047
36.904733193804624,-1.2355767700003717,0.7231000065803528,12.721599578857422,186.27645261484508
36.89461103441331,-1.240298958015971,0.7231000065803528,91.39070129394531,117.09295945579225
36.91382084175156,-1.2395542881400459,0.7856000065803528,77.31060028076172,65.16624368940406
36.90331519966963,-1.2404282719465212,0.7856000065803528,64.4374008178711,99.12691937602612
36.893264385895165,-1.2472729920635603,0.7856000065803528,122.26860046386719,66.70453581973712
36.904211478981374,-1.2395409108368853,0.7856000065803528,55.021400451660156,0.02672336248179433
36.904822375825695,-1.2398129160011455,0.7856000065803528,79.71939849853516,29.71937152606088
36.91605931048038,-1.2384751856851117,0.8481000065803528,76.03929901123047,119.0110627299352
36.88272753010587,-1.2476743111583706,0.8481000065803528,114.7686996459961,17.127906347337156
36.89142277716009,-1.2469118048782313,0.8481000065803528,65.31430053710938,106.3663489490585
36.882228110787885,-1.2472774511646139,0.8481000065803528,147.30299377441406,66.7046273806757
36.91943930907889,-1.2384305946745775,0.8481000065803528,55.91080093383789,119.01126017394446
36.9118811327933,-1.236517640322649,0.8481000065803528,124.77999877929688,26.06974204652322
36.89236364748236,-1.2557809568735352,0.9106000065803528,198.3802032470703,179.43248364773618
36.883155603807005,-1.2391931009547164,0.7286999821662903,14.471599578857422,118.14506441959632
36.91738366349325,-1.245096950749479,0.7286999821662903,17.04360008239746,155.93544914108378
36.8790086398273,-1.2404282719465212,0.7286999821662903,57.88199996948242,99.12650874208194
36.89134251334113,-1.252869163885635,0.7286999821662903,42.95690155029297,130.06386394782862
36.919087040095675,-1.2438350251513537,0.7911999821662903,64.4446029663086,33.68861809548592
36.90104105813237,-1.2424393265216251,0.7911999821662903,43.67399978637695,139.86181322593904
36.92007250142848,-1.2395855018474198,0.7911999821662903,80.42060089111328,0.02715888294041339
36.91271944379135,-1.2368699093058713,0.7911999821662903,51.80799865722656,61.28904286511269
36.89115077199583,-1.2488069228259455,0.7911999821662903,45.54199981689453,101.85623787312304
36.9011436174566,-1.2369724686301007,0.7911999821662903,163.60189819335938,172.61943444510453
36.87921375847575,-1.2474468970046448,0.7911999821662903,64.29679870605469,196.5437308855203
36.9038636690992,-1.2349257412465686,0.8536999821662903,196.1992950439453,165.11020810522095
36.88558581388113,-1.23484993652866,0.8536999821662903,84.8646011352539,57.22469971155886
36.90160290486511,-1.2393313330873734,0.8536999821662903,73.41290283203125,57.16579019509137
36.899212826700456,-1.2411774009234997,0.8536999821662903,214.3531036376953,106.31605172121107
36.89598443753776,-1.2444994312083169,0.9161999821662903,89.38680267333984,92.11248938695202
36.895846205405114,-1.2383235762492946,0.7398999929428101,161.03619384765625,67.99358806415914
36.8831466856049,-1.2494445742765885,0.7398999929428101,124.75399780273438,171.26391085841945
36.89126224952216,-1.2532927784857126,0.7398999929428101,129.89549255371094,101.92796283430819
36.880890380471854,-1.2403435490265056,0.7398999929428101,24.361099243164062,89.21153369744496
36.88099293979609,-1.2401607258833138,0.7398999929428101,78.31729888916016,69.38083081343372
36.89098132615579,-1.2395141562305645,0.8023999929428101,74.39990234375,0.026712418693721502
36.90264633451162,-1.241386978673012,0.8023999929428101,50.95429992675781,182.0098958256126
36.88633940195917,-1.248249535194265,0.8023999929428101,120.26640319824219,42.36381610373201
36.89800886941603,-1.2417838386667686,0.8023999929428101,187.83050537109375,148.4826698340249
36.88300399437119,-1.2390637870241663,0.8648999929428101,136.17990112304688,97.03910164072364
36.907801055329394,-1.2363437353815645,0.8648999929428101,219.30960083007812,130.0630282420263
36.89073161649681,-1.2495828064092456,0.8648999929428101,121.33820343017578,191.0944449362138
36.892082724116,-1.2404505674517883,0.9273999929428101,309.6061096191406,99.12690269457126
36.89736229976329,-1.2417972159699289,0.9273999929428101,168.28359985351562,197.70770311746446
36.88262497078165,-1.2482450760932116,0.7343000173568726,25.98200035095215,42.36429187643353
36.89367016409103,-1.2457836523117094,0.7343000173568726,105.59989929199219,169.4091581105486
36.88936713157445,-1.2490744688891526,0.7968000173568726,66.01270294189453,131.60212352721547
36.883588136609184,-1.2492572920323437,0.7968000173568726,117.85089874267578,151.43310563465988
36.878647452641964,-1.2401205939738331,0.7968000173568726,176.3094024658203,69.38036418148889
36.914619020840114,-1.237297983007002,0.7968000173568726,48.82929992675781,173.93195303743548
36.920429229512756,-1.237855370638683,0.7968000173568726,99.92449951171875,188.41917761933854
36.88307533998803,-1.248918400352282,0.8593000173568726,166.11599731445312,121.68711037512361
36.879463468134745,-1.2404684038560019,0.7511000037193298,91.97750091552734,99.1265875516325
36.91811495606602,-1.2441159485177207,0.7511000037193298,18.653799057006836,76.09377142371561
36.89316628567199,-1.2412710420456226,0.8136000037193298,152.49200439453125,198.28057489677005
36.91332588153461,-1.2376368746870638,0.8136000037193298,80.05919647216797,47.28110392148119
36.89017422886512,-1.2537386885910569,0.8136000037193298,15.961700439453125,151.1666863913058
36.90285145316008,-1.238368167259829,0.8136000037193298,73.03170013427734,128.92639498529164
36.905009658069936,-1.240869722950812,0.8136000037193298,170.46449279785156,148.70372701515825
36.91714287203637,-1.2448962912020736,0.8136000037193298,135.08529663085938,185.87610133041798
36.88065404811602,-1.2504746266199347,0.8136000037193298,30.458799362182617,155.1577827506298
36.88594700106646,-1.2488827275438545,0.8761000037193298,90.71929931640625,111.7713810509328
36.87945009083159,-1.2406958180097276,0.7566999793052673,101.15059661865234,128.87267519931652
36.90264633451162,-1.2408563456476518,0.7566999793052673,72.50559997558594,146.83041909769383
36.89958739118896,-1.2363704899878853,0.8191999793052673,63.65729904174805,113.12723692741098
36.915127358360216,-1.2377840250218275,0.8191999793052673,46.28820037841797,181.00735312024568
36.88340085436494,-1.2391529690452354,0.8191999793052673,97.19989776611328,139.25854960322062
36.87179827342387,-1.238466267483005,0.8191999793052673,118.64939880371094,119.01157045421434
36.88204974674576,-1.2484858675500976,0.8816999793052673,131.71519470214844,72.11049927761331
36.889603463930285,-1.2396791429695422,0.8816999793052673,125.07479858398438,19.804091391973678
36.901870450928314,-1.2413111739551033,0.8816999793052673,54.54439926147461,118.7204470153152
36.90283361675585,-1.2364507538068472,0.8816999793052673,75.02079772949219,31.82119294292008
36.88900594438912,-1.2489763686659767,0.8816999793052673,55.7484016418457,121.68673544768649
36.9076762004999,-1.2391752645505025,0.7455000281333923,59.981300354003906,80.95840854171357
36.89331343600675,-1.238439512876684,0.7455000281333923,42.90359878540039,119.0110186432711
36.89269362096032,-1.255410851486099,0.7455000281333923,67.0947036743164,179.43275440728902
36.880569325196,-1.2400537074580318,0.7455000281333923,86.53289794921875,59.46536092123745
36.900769052968116,-1.2397058975758628,0.8080000281333923,185.99339294433594,99.34382030227617
36.903462350004396,-1.237289064804895,0.8705000281333923,136.63519287109375,45.8290599327959
36.89864652086667,-1.23642845830158,0.8705000281333923,172.38340759277344,113.12727533420718
36.8842570017672,-1.2347785909118048,0.8705000281333923,443.15869140625,134.85556134299497
36.917347990684824,-1.2415920973214702,0.8705000281333923,75.17900085449219,165.9158796142754
36.891164149298994,-1.2391618872473424,0.8705000281333923,82.77670288085938,39.68816692519131
36.90351585921704,-1.2360093028025558,0.9330000281333923,248.41259765625,52.59519629669469
36.89308602185302,-1.247268532962507,0.8248000144958496,121.23719787597656,66.7045779389662
36.890250033583044,-1.2468939684740177,0.8248000144958496,51.61759948730469,106.36651051627895
36.91747284551432,-1.2406824407065673,0.8248000144958496,44.4901008605957,128.87300147446658
36.88689678959084,-1.248989745969137,0.8248000144958496,103.972900390625,121.68670118842564
36.90653912973127,-1.2402855807128108,0.8248000144958496,110.17630004882812,83.16566477558268
36.87936536791157,-1.2406913589086743,0.8873000144958496,86.16449737548828,128.87265876496767
36.92106242186235,-1.2390637870241663,0.8873000144958496,175.9571075439453,49.60432643067497
36.907216913091396,-1.2371107007627573,0.8873000144958496,235.06689453125,115.99491552612966
36.89124441311795,-1.247536079025714,0.7678999900817871,30.71780014038086,36.95883491960215
36.89377272341525,-1.2519238344623047,0.7678999900817871,14.683300018310547,3.5041327676399896
36.89245282950343,-1.252298398950794,0.7678999900817871,86.87779998779297,87.85904765823494
36.89177058704227,-1.24936876955868,0.7678999900817871,138.44290161132812,161.3485219711883
36.89231459737078,-1.2515002198622271,0.7678999900817871,21.978300094604492,158.19901860865716
36.88240647483002,-1.2490387960807248,0.8303999900817871,242.9416046142578,131.60260003757807
36.89025003358304,-1.249328637649199,0.8303999900817871,84.81410217285156,161.3482991826793
36.89131575873481,-1.2464079264591919,0.8303999900817871,117.18360137939453,155.94319340175275
36.889955732913506,-1.2473621740846295,0.8303999900817871,36.51359939575195,56.78972357393706
36.90481345762359,-1.240628931493926,0.8303999900817871,39.17380142211914,118.95763413897795
36.88204082854363,-1.2407225726160485,0.8928999900817871,276.83221435546875,150.4853302956297
36.89017868796618,-1.2553751786776717,0.7110000252723694,51.93000030517578,24.55476891934611
36.88596929657172,-1.2485081630553652,0.7110000252723694,57.60580062866211,72.10992752221094
36.91367369141679,-1.236250094259442,0.7735000252723694,106.7477035522461,180.8870594024708
36.89502127171022,-1.246568454097116,0.7735000252723694,78.10269927978516,7.639910237748939
36.911145381119475,-1.2361698304404802,0.7735000252723694,93.6321029663086,9.149595063104021
36.91424891545269,-1.2409455276687207,0.7735000252723694,150.74710083007812,164.22371151441905
36.88420349255456,-1.2388274546683338,0.8360000252723694,109.07330322265625,167.43997078757195
36.88669167094239,-1.248766790916465,0.8360000252723694,109.82540130615234,101.85598033279622
36.89220311984445,-1.2520353119886405,0.7166000008583069,53.51499938964844,123.02914756760349
36.90867949823693,-1.239639011060061,0.7166000008583069,57.0359992980957,193.50308653923722
36.91317873119986,-1.2398530479106267,0.7791000008583069,162.6522979736328,142.55225124319654
36.889612382132384,-1.2476341792488894,0.7791000008583069,60.8942985534668,27.043667943869725
36.90795712386627,-1.2394651061189768,0.7791000008583069,56.239200592041016,123.16267050092486
36.8917750461433,-1.254849004753365,0.8416000008583069,121.6415023803711,59.8542488399745
36.883588136609184,-1.247228401053026,0.9041000008583069,254.23599243164062,66.7048877576999
36.89721960852956,-1.2379623890639655,0.9041000008583069,168.1448974609375,145.43233837754642
36.89015639246091,-1.23893893219467,0.7221999764442444,87.25540161132812,69.43421103582857
36.903930555615005,-1.2411372690140188,0.7221999764442444,73.96209716796875,178.44980393342573
36.92187397825406,-1.2386000405146083,0.7221999764442444,61.40810012817383,109.09676121036493
36.88034637014333,-1.2410347096897898,0.7846999764442444,224.04849243164062,168.53428856404918
36.883160062908054,-1.2387873227588528,0.7846999764442444,47.998600006103516,90.02383761742145
36.88984425538717,-1.2474468970046448,0.7846999764442444,85.05269622802734,46.87437807387558
36.89176166884015,-1.2405397494728572,0.7846999764442444,225.61819458007812,109.04226386801176
36.90751121376092,-1.2404193537444141,0.7846999764442444,131.59210205078125,165.36700839840864
36.89088322593263,-1.2469251821813916,0.7846999764442444,47.64059829711914,106.36643062673433
36.89458873890804,-1.244780354574684,0.7846999764442444,64.47779846191406,183.51888571075267
36.892082724116,-1.2391931009547164,0.8471999764442444,233.5780029296875,39.68817077540085
36.89997979208166,-1.240869722950812,0.8471999764442444,180.27149963378906,64.13437038349251
36.90129968599347,-1.2363571126847248,0.8471999764442444,173.86849975585938,113.12726609108326
36.902459052267375,-1.2389790641041512,0.8471999764442444,77.58470153808594,59.51882855283668
36.911386172576364,-1.2360093028025558,0.7278000116348267,49.605499267578125,18.994228004178655
36.88252241145741,-1.2480265801415928,0.7278000116348267,103.20870208740234,12.618220622420194
36.9169288351858,-1.2407270317171015,0.7903000116348267,41.53160095214844,128.8729902645635
36.91178303257012,-1.2368342364974436,0.7903000116348267,58.6609001159668,9.089311698153208
36.91787416460913,-1.2448160273831121,0.7903000116348267,153.91610717773438,106.03439367879356
36.90364963224864,-1.2406244723928725,0.7903000116348267,61.12350082397461,118.9576332936676
36.91332588153461,-1.240187480489635,0.7903000116348267,92.74400329589844,149.56752649451863
36.917553109333284,-1.244459299298836,0.7903000116348267,27.664899826049805,135.97505467127613
36.90869733464114,-1.2390504097210062,0.8528000116348267,82.597900390625,151.2988141815725
36.9171205765311,-1.2413602240666912,0.8528000116348267,106.92569732666016,185.87635090559627
36.88234404741527,-1.236798563689016,0.9153000116348267,246.4315948486328,135.02123758818107
36.87993167374536,-1.2382031805208513,0.9153000116348267,291.01129150390625,148.75740387035327
36.91429350646322,-1.237596742777583,0.7333999872207642,97.04740142822266,131.72753556111363
36.879646291277936,-1.2400269528517112,0.7333999872207642,45.67359924316406,49.54980886638937
36.91611281969302,-1.238818536466227,0.7333999872207642,78.73179626464844,79.34961565582897
36.887208926664584,-1.2491279781017937,0.7958999872207642,203.57080078125,141.51742164676853
36.89016976976407,-1.2538100342079124,0.7958999872207642,30.91010093688965,144.13269103337268
36.89123103581479,-1.2478838889078827,0.8583999872207642,61.694400787353516,2.702618202951934
36.885068558158935,-1.2382522306324393,0.8583999872207642,165.65660095214844,195.63648828807945
36.9067085755713,-1.2405219130686433,0.8583999872207642,66.78780364990234,117.97543013750837
36.8918240962549,-1.2394428106137094,0.8583999872207642,251.73890686035156,9.94208588817982
36.883918110087144,-1.246216185113894,0.9208999872207642,1452.9737548828125,155.94319943110708
36.9043720066193,-1.2354340787666618,0.9208999872207642,204.18649291992188,172.18571663383693
36.87621724256784,-1.24106146429611,0.9208999872207642,1364.98388671875,178.44909999112426
36.88980412347769,-1.2481246803647683,0.7501999735832214,52.36479949951172,32.448528245045914
36.9078679418452,-1.2392644465715716,0.7501999735832214,42.684600830078125,102.06053590049474
36.9211917357929,-1.2387471908493721,0.7501999735832214,33.08219909667969,89.26580624467725
36.88886771225646,-1.2550719598060371,0.7501999735832214,102.73760223388672,151.1675102122675
36.90419364257717,-1.240316794420185,0.7501999735832214,61.0614013671875,89.21153900285357
36.89278726208244,-1.2463588763476043,0.7501999735832214,211.89120483398438,165.85827046310922
36.88370407323657,-1.2489005639480681,0.8126999735832214,54.19860076904297,111.77163730762909
36.89301913533723,-1.2395275335337248,0.8126999735832214,163.89329528808594,0.026691301104648815
36.88910850371336,-1.2460824120822904,0.8126999735832214,154.9456024169922,195.6048832847152
36.892845230396134,-1.2543362081322187,0.8126999735832214,313.88629150390625,109.092938596557
36.89884718041408,-1.2415073744014549,0.8126999735832214,137.1916046142578,106.30104066256273
36.89682720763687,-1.2455428608548234,0.8126999735832214,43.49290084838867,55.607676700496874
36.88448441592092,-1.2473933877920034,0.8751999735832214,239.77760314941406,56.78964418834912
36.89504802631655,-1.2401295121759401,0.8751999735832214,66.6449966430664,145.25176556772198
36.90555812749951,-1.2409722822750413,0.8751999735832214,98.2511978149414,158.61911319087065
36.893010217135114,-1.2516875021064717,0.9376999735832214,302.30108642578125,80.82450851079547
36.90203989676834,-1.2376680883944382,0.8015000224113464,16.47879981994629,186.55566002396978
36.91268823008397,-1.2360360574088767,0.8015000224113464,103.85350036621094,124.56180049807385
36.90741311353775,-1.2406779816055142,0.8015000224113464,112.43099975585938,172.65293027320257
36.89870003007931,-1.241551965411989,0.8015000224113464,72.627197265625,113.33319185243907
36.89292995331616,-1.240735949919209,0.8640000224113464,246.5583038330078,128.87301675255384
36.89915039928571,-1.2408608047487053,0.8640000224113464,113.79669952392578,127.42376530743118
36.90741311353775,-1.2375209380596741,0.8640000224113464,119.84200286865234,66.7565845319528
36.894044728579516,-1.2454670561369148,0.8640000224113464,168.02099609375,169.4243243040105
36.90166979138092,-1.2378776661439501,0.7445999979972839,61.95899963378906,195.23876960168946
36.91320548580618,-1.2401339712769934,0.7445999979972839,88.38249969482422,163.643174758073
36.89159668210118,-1.246278612528642,0.7445999979972839,85.93489837646484,175.77386117275657
36.88882312124593,-1.2494311969734282,0.7445999979972839,91.6343002319336,171.26354231090545
36.90293171697903,-1.237159750874345,0.7445999979972839,125.4397964477539,81.02577471280657
36.88360597301341,-1.248958532261763,0.7445999979972839,17.029399871826172,121.68701536349137
36.90672195287446,-1.2402231532980625,0.8070999979972839,346.2867126464844,91.19136580031768
36.89057554795993,-1.255517869911382,0.8070999979972839,142.06759643554688,24.683479795160363
36.901825859917786,-1.237097323459597,0.8695999979972839,165.5727996826172,165.4873786458272
36.89240377939185,-1.2475583745309808,0.8695999979972839,143.54049682617188,36.95862494905043
36.899698868715284,-1.2365488540300233,0.8695999979972839,71.42030334472656,132.957959711503
36.897785914363354,-1.2413156330561566,0.8695999979972839,115.85579681396484,197.7265067904838
36.89162343670749,-1.2538144933089657,0.8695999979972839,81.23760223388672,31.58777251923178
36.8913558906443,-1.2478125432910274,0.8695999979972839,41.54100036621094,7.2127309708680265
36.885291513211605,-1.2349837095602636,0.8695999979972839,137.10369873046875,48.16194710613118
36.9174550091101,-1.2410480869929499,0.8695999979972839,56.161598205566406,145.95545637131255
36.92053178883698,-1.2385019402914323,0.7558000087738037,143.58889770507812,119.01167415652786
36.90608430142382,-1.2400804620643522,0.7558000087738037,51.37670135498047,59.46552343842473
36.89701894898216,-1.2376993021018123,0.8183000087738037,83.62930297851562,110.26575925985915
36.8918151780528,-1.2487177408048769,0.8183000087738037,85.9834976196289,91.94097806980047
36.88626805634232,-1.2365042630194885,0.8183000087738037,152.2384033203125,27.959810875318464
36.89515058564078,-1.23840829916931,0.8183000087738037,101.26969909667969,18.721254968366686
36.91125685864581,-1.2363125216741904,0.8183000087738037,38.132198333740234,9.13451993679271
36.89000032392404,-1.2533418285973001,0.8183000087738037,84.28890228271484,193.37078060796543
36.892706998263485,-1.2536450474689345,0.8183000087738037,168.966796875,38.75297953631077
36.89331789510781,-1.2400537074580316,0.8183000087738037,99.28050231933594,59.465504849999796
36.91470820286119,-1.2370928643585435,0.8183000087738037,126.14219665527344,195.0304042791391
36.889090667309134,-1.2473844695898968,0.8183000087738037,36.26100158691406,56.78979877599231
36.882103255958384,-1.2366023632426641,0.8808000087738037,266.36370849609375,163.1575193800072
36.91490440330754,-1.2397014384748093,0.8808000087738037,77.35569763183594,19.804071787048173
36.886143201512816,-1.2485215403585253,0.8808000087738037,159.31790161132812,72.10991616075772
36.88560810938639,-1.2468181637561089,0.7613999843597412,46.54100036621094,116.28194793771449
36.88773510058889,-1.2393625467947476,0.7613999843597412,472.493896484375,140.3242177935679
36.889380508877615,-1.2473443376804156,0.7613999843597412,55.513301849365234,56.78977976948188
36.90693153062398,-1.2406779816055142,0.7613999843597412,224.5045928955078,144.33438582092265
36.888738398325906,-1.2495426744997646,0.7613999843597412,36.22679901123047,181.1789011285112
36.88993343740824,-1.2393759240979074,0.8238999843597412,214.2362060546875,19.8573802161763
36.901099026446076,-1.2431215689828021,0.8238999843597412,173.9250946044922,196.149010855365
36.91300482625877,-1.238617876918822,0.8238999843597412,88.75920104980469,58.20359948476022
36.8929923807309,-1.2392466101673576,0.8238999843597412,235.04969787597656,29.77277859117068
36.9207324483844,-1.2378107796281481,0.8238999843597412,93.13009643554688,188.41927455858723
36.892506338716075,-1.2549337276733805,0.8238999843597412,70.24620056152344,123.16070340807615
36.89766997773597,-1.2372221782890935,0.8238999843597412,190.18679809570312,117.34880375222822
36.89188206456859,-1.2475583745309808,0.8238999843597412,124.83260345458984,36.958728966719605
36.91683965316473,-1.2412532056414087,0.7156999707221985,55.40520095825195,188.36516511615258
36.9138832691663,-1.2405397494728572,0.7781999707221985,43.676998138427734,136.70964805981544
36.91133266336372,-1.2364641311100075,0.7781999707221985,50.404300689697266,16.157286322779406
36.88374866424711,-1.2363125216741904,0.7781999707221985,49.12120056152344,64.5977294415337
36.91903798998409,-1.2445038903093706,0.7781999707221985,61.60380172729492,33.688610172570726
36.891079426378965,-1.2460601165770229,0.7781999707221985,52.19169998168945,195.6046731600091
36.883548004699705,-1.2466843907245055,0.7781999707221985,213.1981964111328,126.19706699873177
36.9129067260356,-1.2360226801057164,0.7781999707221985,99.68620300292969,138.63747278673384
36.91388772826735,-1.239982361841176,0.8406999707221985,53.10940170288086,93.27996797389213
36.904305120103494,-1.2373604104217504,0.8406999707221985,95.29949951171875,10.481143967900243
36.89768781414018,-1.2374139196343916,0.8406999707221985,87.60880279541016,138.44724469250508
36.893139531065664,-1.2535647836499726,0.8406999707221985,207.83729553222656,66.88930861249013
36.90498290346362,-1.2400180346496037,0.8406999707221985,69.63970184326172,49.55010166040301
36.88933145876602,-1.2554866562040075,0.8406999707221985,220.3892059326172,73.79322668575077
36.89894528063724,-1.2369724686301007,0.9031999707221985,197.19639587402344,182.53479592608932
36.889826418982956,-1.2484814084490443,0.9031999707221985,88.08670043945312,62.194618266895304
36.88679423026662,-1.2471436781330103,0.9031999707221985,114.26219940185547,76.62056235929424
36.88953657741449,-1.2407225726160485,0.7045000195503235,18.96489906311035,129.21345819168852
36.91800793764074,-1.2416901975446462,0.7670000195503235,76.07740020751953,86.07406633981091
36.90450577965089,-1.2401072166706728,0.7670000195503235,173.22540283203125,59.46545374268371
36.91237609301023,-1.236116321227839,0.7670000195503235,47.0724983215332,89.38014762801131
36.88916647202704,-1.2410257914876828,0.7670000195503235,177.36790466308594,173.05903367999585
36.8935185546552,-1.2500465529188036,0.8295000195503235,19.173599243164062,33.44471947171549
36.921530627472954,-1.2378330751334157,0.8295000195503235,70.14620208740234,188.4195472199923
36.88091713507818,-1.2408920184560797,0.8295000195503235,126.51390075683594,148.70370902019815
36.88590241005593,-1.233886770701116,0.8295000195503235,129.9656982421875,170.3230587444058
36.89342045443204,-1.2398039977990387,0.8295000195503235,30.192800521850586,29.71942356631458
36.901420081721916,-1.2380292755797673,0.8920000195503235,203.33360290527344,187.07765584466011
36.90030976555961,-1.2428094319090612,0.8920000195503235,90.4719009399414,111.74818776803387
36.88453792513357,-1.2351932873097755,0.8920000195503235,124.54540252685547,85.62082218689434
36.89948483186472,-1.2398976389211611,0.8920000195503235,162.29200744628906,183.72224400516527
36.88052473418547,-1.2502561306683158,0.9545000195503235,751.2747802734375,134.05569120069958
36.90579445985534,-1.2406110950897122,0.710099995136261,69.53690338134766,118.95767923622981
36.90645886591231,-1.2399912800432833,0.710099995136261,56.72829818725586,51.7976504415758
36.890459611332545,-1.2467735727455744,0.710099995136261,61.089298248291016,116.28185257608212
36.91494899431806,-1.2408028364350103,0.772599995136261,85.78880310058594,138.78841528712488
36.8792851040926,-1.24025882610649,0.772599995136261,192.9842987060547,79.29581420468595
36.88978628707348,-1.2493420149523593,0.772599995136261,43.00019836425781,161.34825227331493
36.90840303397161,-1.2391039189336475,0.772599995136261,54.543701171875,130.1966876117667
36.913107385583,-1.2389746050030976,0.835099995136261,74.52539825439453,79.28700082313577
36.91703585361109,-1.24106146429611,0.835099995136261,36.95050048828125,168.534441617701
36.88025718812226,-1.2405308312707501,0.835099995136261,99.6323013305664,109.04211313115447
36.886009428481216,-1.2464614356718333,0.835099995136261,55.94350051879883,155.9434332523105
36.889969110216676,-1.2400849211654057,0.897599995136261,185.9248046875,59.46551948072934
36.90086715319128,-1.2387739454556925,0.897599995136261,153.89779663085938,155.63849696390898
36.90526828593103,-1.2365533131310764,0.897599995136261,75.71369934082031,151.1700728664626
36.88325816313123,-1.247910643514203,0.7268999814987183,99.85449981689453,2.7027170970287204
36.91388772826734,-1.2368431546995502,0.7268999814987183,10.986599922180176,152.78086822315018
36.90609767872698,-1.2399912800432833,0.7268999814987183,58.141998291015625,49.55016094422372
36.892934412417205,-1.2514065787401047,0.7268999814987183,28.207300186157227,93.32584063106908
36.91326345411987,-1.2372088009859332,0.7268999814987183,57.32939910888672,75.39481275330786
36.89655074337156,-1.2441070303156139,0.7268999814987183,40.24330139160156,78.06331496603512
36.91306725367352,-1.2363927854931525,0.7893999814987183,165.0034942626953,124.59191481477069
36.88695475790454,-1.2477857886847068,0.7893999814987183,63.675201416015625,7.213024824907437
36.895003435306016,-1.2442408033472172,0.8518999814987183,72.29750061035156,190.57371885778974
36.89604686495251,-1.2390281142157389,0.8518999814987183,151.98240661621094,138.30417117841782
36.881465604507746,-1.237587824575476,0.8518999814987183,257.26458740234375,135.0889145054708
36.9008270212818,-1.2385019402914323,0.9143999814987183,220.5832061767578,183.7783610594037
36.883516790992324,-1.2469118048782313,0.7838000059127808,71,106.36632563287786
36.91514073566337,-1.2400982984685658,0.8463000059127808,108.72850036621094,59.46550260109655
36.894842907668085,-1.2471615145372243,0.8463000059127808,86.30449676513672,27.54724829777215
36.91800347853968,-1.2394606470179232,0.8463000059127808,33.32820129394531,9.942050194535671
36.89494992609337,-1.2465104857834213,0.9088000059127808,362.44061279296875,14.672038134526575
36.89817831525606,-1.2355321789898377,0.9088000059127808,218.58779907226562,23.889047455567695
36.915212081280224,-1.2381273758029432,0.7325000166893005,120.66310119628906,158.67247585101507
36.9032795268612,-1.2403524672286126,0.7325000166893005,23.313899993896484,89.21155684513053
36.902053274071505,-1.239268905672625,0.7325000166893005,32.44430160522461,31.820998691642334
36.89216744703602,-1.246907345777178,0.7325000166893005,17.306800842285156,106.36622109030738
36.88255362516479,-1.2407225726160485,0.7325000166893005,20.233699798583984,188.39551705077594
36.904728734703575,-1.2398218342032523,0.7950000166893005,48.877601623535156,29.719369443684236
36.88227716089948,-1.236539935827916,0.7950000166893005,363.6242980957031,156.11216424909404
36.89635900202625,-1.239005818710472,0.7950000166893005,54.96260070800781,159.42518500070622
36.91378962804417,-1.239170805449449,0.7950000166893005,48.96649932861328,37.045005935086884
36.90074229836179,-1.241346846763531,0.7950000166893005,49.59299850463867,34.33454535498327
36.88458251614411,-1.2382299351271722,0.7950000166893005,63.095298767089844,153.4170114374697
36.906387520295446,-1.2404416492496813,0.7950000166893005,197.50340270996094,99.25871917615612
36.88317789931227,-1.2473354194783088,0.8575000166893005,157.5897979736328,56.78944618835075
36.897687814140184,-1.2428896957280229,0.8575000166893005,131.30470275878906,85.14821330585409
36.902062192273604,-1.2364017036952593,0.8575000166893005,99.08350372314453,88.13145606841188
36.89668451640316,-1.2375521517670485,0.8575000166893005,73.82830047607422,75.09164668448936
36.89808021503289,-1.2419755800120666,0.8575000166893005,249.59320068359375,127.37870642106678
36.90407324684871,-1.2348989866402482,0.8575000166893005,108.88610076904297,193.25403461522396
36.89239932029079,-1.2413200921572103,0.9200000166893005,168.73399353027344,198.28053751036285
36.89853058423929,-1.241079300700324,0.9200000166893005,151.6403045654297,162.57702451070537
36.902463511368424,-1.237886584346057,0.738099992275238,209.36270141601562,178.50317655886622
36.89175275063805,-1.240798377333957,0.738099992275238,261.7547912597656,148.7037142392846
36.900711084654425,-1.2395364517358316,0.738099992275238,186.6815948486328,113.41562114104721
36.902976307989576,-1.2365131812215955,0.738099992275238,136.47999572753906,24.783353757685706
36.87994951014958,-1.239911016224321,0.738099992275238,51.44929885864258,39.63449971919056
36.88344544537548,-1.2349034457413013,0.800599992275238,47.1781005859375,198.1961313060487
36.90561163671215,-1.24090539575924,0.800599992275238,128.36940002441406,148.70375571339255
36.89825857907502,-1.2365577722321301,0.863099992275238,159.57330322265625,117.40158011739416
36.903841373593934,-1.235857693366739,0.863099992275238,124.189697265625,94.80715946057617
36.8806272935097,-1.2499395344935211,0.863099992275238,51.558799743652344,112.95362441569927
36.883851223571334,-1.2362946852699768,0.863099992275238,114.92530059814453,50.52205498373531
36.89845923862243,-1.240909854860293,0.925599992275238,158.93649291992188,183.68098898779618
36.92056746164541,-1.2379088798513243,0.7548999786376953,143.74839782714844,178.50384799442162
36.88638845207075,-1.2347652136086447,0.7548999786376953,15.56980037689209,119.69162201240343
36.898521666037176,-1.2372935239059486,0.7548999786376953,27.369199752807617,194.75749886840921
36.91793659202388,-1.2456587974822133,0.7548999786376953,26.14780044555664,96.05415037447547
36.90302981720221,-1.23721771918804,0.8173999786376953,115.71330261230469,73.9879376457063
36.878959589715706,-1.2396969793737558,0.8173999786376953,50.89419937133789,19.803593998666624
36.89401351487214,-1.2389701459020444,0.8173999786376953,80.4197998046875,23.558324388337315
36.91839142033133,-1.2387561090514787,0.8173999786376953,82.00279998779297,89.26492711088304
36.90133981790295,-1.239848588809573,0.8798999786376953,201.93150329589844,36.046889600828024
36.918462765948185,-1.2159834799715306,0.8798999786376953,90.32849884033203,140.6407106050103
36.88639737027285,-1.2483342581142804,0.8798999786376953,246.9344024658203,52.27917944437343
36.890107342349324,-1.238827454668334,0.7437000274658203,24.127099990844727,79.34956747812576
36.88057824339811,-1.2403613854307194,0.7437000274658203,101.76260375976562,89.21144845880119
36.91313859929037,-1.2384974811903788,0.7437000274658203,66.55010223388672,37.097634527790454
36.890455152231496,-1.247237319255133,0.7437000274658203,58.27389907836914,66.70503651883254
36.91774930977964,-1.2412532056414087,0.7437000274658203,44.162498474121094,116.01476367821695
36.883806632560805,-1.2472596147604,0.8062000274658203,65.81790161132812,66.70491672037124
36.893991219366875,-1.2456721747853734,0.8062000274658203,127.98030090332031,155.3486966838589
36.901099026446076,-1.239888720719054,0.8062000274658203,199.79010009765625,57.14337524853219
36.9167370938405,-1.2407850000307967,0.8062000274658203,43.23149871826172,138.78835178532358
36.89225216995603,-1.2410034959824154,0.8687000274658203,67.45020294189453,158.6190824652092
36.91541719992868,-1.2383369535524547,0.8687000274658203,92.28389739990234,128.92639930308846
36.891128476490564,-1.2470500370108881,0.8687000274658203,79.14029693603516,86.53566489741273
36.89193111468018,-1.2517811432285941,0.7493000030517578,47.94960021972656,165.23331520565858
36.907627150388315,-1.238827454668334,0.7493000030517578,57.7849006652832,45.78817620988884
36.91614849250145,-1.2378464524365758,0.7493000030517578,83.80799865722656,188.41860117694154
36.91383867815576,-1.2409812004771483,0.8118000030517578,236.2093048095703,183.58876081974094
36.884809930297834,-1.236539935827916,0.8118000030517578,147.07479858398438,40.94723843211443
36.88246890224476,-1.2476475565520502,0.8118000030517578,229.6479949951172,17.12785021012569
36.899181612993075,-1.240298958015971,0.8743000030517578,201.59429931640625,169.63919229906904
36.90117037206292,-1.2389210957904564,0.8743000030517578,113.92990112304688,127.50610508635772
36.88165734585304,-1.2494757879839626,0.8743000030517578,110.38480377197266,155.1578942243545
36.90438538392246,-1.2361742895415337,0.8743000030517578,86.31189727783203,108.91295989576065
36.886985971611914,-1.2479596936257913,0.8743000030517578,117.1355972290039,12.617701773293405
36.91586756913508,-1.2391752645505025,0.7035999894142151,25.171600341796875,39.68815808839305
36.88654452060762,-1.24845019474167,0.7660999894142151,35.22880172729492,62.194530321586114
36.91456551162748,-1.2404371901486282,0.7660999894142151,151.13780212402344,99.92409499383562
36.90646332501336,-1.2402409897022761,0.7660999894142151,56.59080123901367,80.7197263955526
36.879833573522184,-1.2410882189024313,0.7660999894142151,223.41819763183594,168.5341768450638
36.89678707572739,-1.244820486484165,0.8285999894142151,32.576900482177734,0.6796110842880392
36.89239040208868,-1.2553840968797787,0.8285999894142151,54.895301818847656,151.29659213620096
36.89754958200752,-1.2423233898942352,0.8910999894142151,187.64199829101562,141.42795597696406
36.89448172048275,-1.2398262933043058,0.8910999894142151,307.44500732421875,81.93389777549571
36.89373705060684,-1.2389523094978303,0.8910999894142151,111.1416015625,44.67179587695089
36.89008504684405,-1.249569429106085,0.7605000138282776,39.52299880981445,191.09436978554328
36.890236656279875,-1.2406779816055142,0.8230000138282776,81.64430236816406,118.95767023499485
36.8898710099935,-1.2549114321681134,0.8230000138282776,38.024898529052734,80.82690297081778
36.89512383103445,-1.2453600377116318,0.8230000138282776,62.46770095825195,92.07468389755988
36.884136606038766,-1.2468538365645363,0.8230000138282776,223.84609985351562,96.45106024598687
36.87996288745273,-1.2474825698130723,0.8230000138282776,175.835693359375,133.23740074154057
36.894829530364916,-1.2467646545434676,0.8230000138282776,107.62030029296875,7.632333227455943
36.90182140081673,-1.239170805449449,0.8230000138282776,79.90660095214844,50.47893731671197
36.895605413948225,-1.2390147369125788,0.8855000138282776,162.23779296875,96.0847212207313
36.89891852603093,-1.2359825481962352,0.8855000138282776,201.19110107421875,73.4658124181137
36.896332247419934,-1.2383503308556154,0.8855000138282776,113.9917984008789,103.17521929479945
36.89392879195213,-1.2399243935274817,0.8855000138282776,148.02569580078125,42.91537137532808
36.90203097856624,-1.2396345519590073,0.7203999757766724,22.152999877929688,0.8972747319008328
36.89179734164858,-1.2527309317529784,0.7203999757766724,22.818500518798828,101.92754576103007
36.90139778621665,-1.2401651849843673,0.7203999757766724,8.206700325012207,7.907031545663154
36.907462163649335,-1.2406244723928725,0.7203999757766724,84.9020004272461,172.40107013651718
36.89431673374378,-1.239710356676916,0.7203999757766724,64.68710327148438,53.7976315611193
36.89179288254753,-1.2531277917467347,0.7203999757766724,68.6613998413086,73.79158173415091
36.88920214483547,-1.248182648678463,0.7828999757766724,39.32590103149414,32.44847678830105
36.892167447036016,-1.2496586111271542,0.7828999757766724,62.153900146484375,183.1476652880331
36.90589701917958,-1.2367049225668936,0.7828999757766724,183.2299041748047,179.3439644519509
36.89647047955259,-1.2381808850155842,0.8453999757766724,447.16619873046875,110.22057878156187
36.904938312453076,-1.236749513577428,0.8453999757766724,145.4676055908203,108.95812482234781
36.88596483747067,-1.2486107223795941,0.8453999757766724,60.26350021362305,82.02529089055511
36.9173881225943,-1.2467958682508418,0.9078999757766724,167.9239959716797,192.90841274505178
36.90435417021508,-1.2353226012403253,0.9078999757766724,115.03160095214844,179.2160229052095
36.915600023071875,-1.2380114391755532,0.7092000246047974,23.105899810791016,168.58785756860283
36.88658019341605,-1.247299746669881,0.7092000246047974,108.66470336914062,56.78982926759596
36.90876422115695,-1.239188641853663,0.7717000246047974,35.358001708984375,165.36690198958124
36.91320102670511,-1.238818536466227,0.7717000246047974,107.81009674072266,58.188557755354644
36.88096618518975,-1.2400715438622454,0.7717000246047974,138.97549438476562,59.46544615988122
36.88377541885343,-1.2471971873456518,0.8342000246047974,36.14440155029297,76.62027995028866
36.88411876963455,-1.2484323583374564,0.8342000246047974,63.96200180053711,62.19476520243381
36.90274889383584,-1.236468590211061,0.8342000246047974,60.947898864746094,38.859032366023875
36.90650345692285,-1.238328035350348,0.8342000246047974,194.8238067626953,73.7905462703599
36.88118022204033,-1.250407740104133,0.8342000246047974,161.89999389648438,190.32795754882514
36.89734000425801,-1.2457435204022285,0.8342000246047974,76.46630096435547,111.87231268128471
36.90553583199425,-1.2405843404833916,0.8342000246047974,101.49130249023438,118.95766290225755
36.897781455262304,-1.236981386832207,0.8967000246047974,161.36090087890625,117.3638791441414
36.89063351627363,-1.2491368963039007,0.7148000001907349,27.119400024414062,141.51761592770026
36.91604593317722,-1.237739434011293,0.7148000001907349,10.161600112915039,198.33396110755103
36.89806683772972,-1.236406162796313,0.7148000001907349,83.1239013671875,89.26529673413644
36.89719285392326,-1.245208428275815,0.7773000001907349,15.02180004119873,55.59258011767935
36.89682274853582,-1.2385063993924859,0.7773000001907349,117.7603988647461,159.46282158633113
36.897915228293904,-1.2429342867385578,0.8398000001907349,95.52549743652344,64.0480150576344
36.89357652296891,-1.2510855234642566,0.9023000001907349,75.60919952392578,23.464515224351018
36.89277388477928,-1.2385286948977532,0.7315999865531921,53.327301025390625,109.09568627257987
36.90551799559003,-1.2399823618411763,0.7315999865531921,17.080299377441406,49.550125250226515
36.88497937613787,-1.2339001480042764,0.7940999865531921,47.011600494384766,173.66332497764424
36.89350517735205,-1.2395096971295112,0.7940999865531921,27.555700302124023,0.026657298660883965
36.91848506145345,-1.2413111739551033,0.8565999865531921,41.210601806640625,36.172941371710756
36.88965251404188,-1.2393848423000149,0.8565999865531921,207.2801971435547,14.507937058267679
36.90526828593103,-1.2362144214510147,0.8565999865531921,79.60150146484375,179.2913076606415
36.90330182236648,-1.2376012018786362,0.8565999865531921,175.44110107421875,80.99564226124495
36.89828087458028,-1.2412621238435153,0.9190999865531921,202.5384063720703,162.56575804816987
36.89927525411521,-1.2405709631802315,0.9190999865531921,389.3594055175781,141.49932409078863
36.89732662695485,-1.242479458431106,0.9190999865531921,180.45599365234375,148.45257323740486
36.88992006010508,-1.240187480489635,0.9190999865531921,231.87930297851562,69.38088198411292
36.91946606368521,-1.239380383198961,0.7260000109672546,48.96900177001953,19.857636378276215
36.90921904946439,-1.23868030433357,0.7260000109672546,34.28129959106445,158.33285401558638
36.91722313585533,-1.2450345233347306,0.7260000109672546,65.34210205078125,175.89588151526476
36.882451065840556,-1.2495025425902835,0.7260000109672546,21.759899139404297,181.17941724853236
36.88352570919444,-1.236036057408877,0.7260000109672546,23.616600036621094,99.76431961528334
36.920696775575955,-1.2382789852387601,0.7260000109672546,22.35449981689453,138.84246309569124
36.89672910741369,-1.2454715152379683,0.7260000109672546,81.3936996459961,41.53963017137318
36.891092803682135,-1.254189057797455,0.7885000109672546,117.51000213623047,45.656152235369156
36.8868432803782,-1.2359424162867545,0.7885000109672546,95.51360321044922,63.486882192661646
36.89548501821978,-1.2401027575696197,0.7885000109672546,137.2425994873047,173.41057999997133
36.91341060445463,-1.2371240780659176,0.7885000109672546,34.39139938354492,96.50078441015668
36.89513274923656,-1.2383637081587755,0.7885000109672546,96.04940032958984,11.683426154714166
36.892131774227586,-1.2398396706074664,0.8510000109672546,237.64990234375,39.634730239056886
36.92078149849598,-1.2402365306012226,0.8510000109672546,245.05479431152344,79.29547842110775
36.9008760713934,-1.2369323367206193,0.8510000109672546,237.68409729003906,172.6194195928579
36.92009033783269,-1.2392466101673576,0.8510000109672546,259.618408203125,29.77324617281392
36.89420079711638,-1.2450122278294635,0.8510000109672546,139.6083984375,190.53965656757535
36.88298169886592,-1.2487712500175183,0.9135000109672546,140.19119262695312,101.85640059383056
36.894842907668085,-1.2398976389211611,0.7427999973297119,21.23310089111328,110.08519177624859
36.915898782842454,-1.238662467929356,0.8052999973297119,51.19779968261719,99.18033236621781
36.8920738059139,-1.246898427575071,0.8052999973297119,67.40840148925781,106.36623825735127
36.88374420514606,-1.2486240996827545,0.8052999973297119,148.5467987060547,82.02554714730084
36.904171347071895,-1.2353671922508602,0.8677999973297119,204.99029541015625,151.0722013189242
36.883084258190145,-1.2471169235266897,0.8677999973297119,135.15609741210938,76.62015597588616
36.893188581177256,-1.2401651849843673,0.8677999973297119,187.31410217285156,69.38085601919842
36.880110037787496,-1.2491814873144351,0.8677999973297119,91.5624008178711,14.477202604687715
36.89543596810819,-1.2379668481650188,0.8677999973297119,259.0430908203125,4.675683785395696
36.917441631806945,-1.2383324944514016,0.9302999973297119,233.73629760742188,128.92642477312137
36.89762538672543,-1.2380471119839809,0.9302999973297119,178.09230041503906,180.62151689767487
36.88380217345975,-1.2389924414073115,0.7483999729156494,81.09619903564453,153.34925639571074
36.8847073709736,-1.2378286160323622,0.7483999729156494,38.73400115966797,132.33363546086795
36.88485898040942,-1.2363258989773507,0.8108999729156494,59.72309875488281,26.8941715404693
36.891685864122245,-1.2468939684740177,0.8108999729156494,118.78299713134766,106.36630354065908
36.89838789300557,-1.2370215187416884,0.8108999729156494,150.32159423828125,159.59091958029302
36.914075010511596,-1.2369100412153522,0.8108999729156494,66.96549987792969,159.82622012768581
36.913366013444104,-1.236218880552068,0.8108999729156494,43.50579833984375,159.76603329498843
36.88476979838835,-1.248240616992158,0.8108999729156494,304.94659423828125,42.363954913105324
36.90056839342071,-1.2403524672286126,0.8108999729156494,215.45950317382812,64.15683546209077
36.91399474669262,-1.2402989580159711,0.8733999729156494,171.79820251464844,114.9422313634639
36.88389581458188,-1.2483164217100666,0.8733999729156494,95.17870330810547,52.279428784375774
36.915435036332894,-1.2408831002539724,0.8733999729156494,55.316200256347656,148.70374937989158
36.90022058353854,-1.2411996964287673,0.7997000217437744,60.142799377441406,21.93019600808921
36.878865948593585,-1.2405129948665365,0.7997000217437744,83.19039916992188,109.04184211197109
36.88318681751438,-1.247799165987867,0.8622000217437744,194.5522003173828,7.212629854411593
36.88434172468722,-1.2346091450717742,0.8622000217437744,150.13999938964844,148.90862905376227
36.90148250913667,-1.2427068725848318,0.8622000217437744,74.91320037841797,196.13028637503024
36.89385298723422,-1.2463232035391767,0.8622000217437744,249.65480041503906,113.1293919277611
36.898633143563515,-1.2408518865465983,0.9247000217437744,157.8455047607422,169.6166845019967
36.9125990480629,-1.2366424951521455,0.7540000081062317,108.22640228271484,68.31182086257826
36.90453253425722,-1.2365622313331832,0.7540000081062317,49.88019943237305,94.86740408196523
36.91950619559469,-1.2438082705450333,0.8165000081062317,79.23069763183594,73.60948979977512
36.89683612583897,-1.2380337346808206,0.8165000081062317,155.82290649414062,117.28099984370719
36.8847073709736,-1.2351219416929204,0.8165000081062317,73.32060241699219,78.5754402406117
36.90269538462319,-1.2362857670678697,0.8165000081062317,205.55760192871094,31.836268262705662
36.88605401949174,-1.2476921475625844,0.8165000081062317,84.02960205078125,17.128348227246825
36.88332504964703,-1.249248373830237,0.8165000081062317,127.41230010986328,151.43315161729296
36.89180180074964,-1.2489005639480681,0.8790000081062317,172.7935028076172,121.68706825784803
36.90486696683624,-1.2364953448173817,0.8790000081062317,237.79730224609375,123.01121419331488
36.89189990097281,-1.2516830430054184,0.8790000081062317,87.8853988647461,179.3013715411744
36.89986831455531,-1.236718299870054,0.8790000081062317,148.62420654296875,152.78868205649252
36.917031394510026,-1.245739061301175,0.7595999836921692,31.368000030517578,195.8562559579145
36.91790091921545,-1.2414315696835465,0.7595999836921692,30.869600296020508,96.05430196595195
36.88995127381246,-1.254822250147044,0.7595999836921692,72.90950012207031,87.86089912490581
36.912661475477655,-1.2388229955672803,0.7595999836921692,161.51739501953125,100.41552945058697
36.892127315126544,-1.249399983266054,0.7595999836921692,45.57040023803711,171.2639520598193
36.904586043469855,-1.2379713072660723,0.7595999836921692,567.0969848632812,17.6175060480537
36.905852428169034,-1.2412888784498357,0.7595999836921692,61.9906005859375,198.28058607751993
36.879133494656784,-1.2480979257584477,0.7595999836921692,125.83149719238281,154.339555869825
36.88714204014878,-1.2473265012762018,0.7595999836921692,108.78820037841797,56.78984507370957
36.89338032252255,-1.2461225439917716,0.8220999836921692,335.5187072753906,169.39398039284367
36.88418565615036,-1.23892555489151,0.8220999836921692,112.92880249023438,174.4702748906731
36.89581945079878,-1.23892555489151,0.8220999836921692,107.48860168457031,110.16790074561848
36.890718239193646,-1.2467200635329332,0.8220999836921692,47.6150016784668,126.19718152149876
36.891761668840154,-1.2392376919652508,0.8220999836921692,135.28179931640625,29.772810739063736
36.89317966297516,-1.2404684038560019,0.8845999836921692,104.21640014648438,99.12694358431105
36.88544758174847,-1.2480622529500203,0.708299994468689,88.93589782714844,22.53315302708406
36.917365827089036,-1.246051198374916,0.708299994468689,40.717899322509766,157.82208982405035
36.91508276734967,-1.2407983773339568,0.708299994468689,42.18949890136719,138.7884089178449
36.91767350506173,-1.2453867923179527,0.770799994468689,34.57870101928711,125.9947967376816
36.91579622351822,-1.2399689845380162,0.770799994468689,25.09779930114746,49.55010729010072
36.90859031621586,-1.238827454668334,0.770799994468689,39.09550094604492,123.16263495415004
36.87894621241255,-1.2486151814806477,0.770799994468689,47.76060104370117,126.20344062031492
36.91710274012689,-1.2392867420768385,0.895799994468689,56.54570007324219,29.772807177733828
36.87792507827131,-1.2380604892871412,0.7027000188827515,226.94700622558594,148.7577066275084
36.92168669600982,-1.2383637081587755,0.7027000188827515,59.43989944458008,128.92743032989117
36.91895326706406,-1.2400670847611917,0.7027000188827515,86.44819641113281,13.72820157929323
36.891940032882296,-1.2556338065387715,0.7652000188827515,73.49700164794922,137.22828000360028
36.91729894057325,-1.239478483422137,0.7652000188827515,46.63209915161133,9.94207859019624
36.914146356128455,-1.240089380266459,0.7652000188827515,78.75420379638672,79.3359934705399
36.897036785386376,-1.2388096182641204,0.8277000188827515,153.6427001953125,194.62939710074886
36.91826656550183,-1.2418908570920515,0.8277000188827515,43.827999114990234,56.133384683848625
36.90417580617294,-1.2402855807128108,0.8277000188827515,45.6963005065918,79.29617648115378
36.903578286631785,-1.2376591701923312,0.8277000188827515,85.83149719238281,66.91244176662012
36.91469482555802,-1.2404416492496813,0.8277000188827515,149.89830017089844,99.12698619694902
36.88381555076291,-1.2353627331498067,0.8902000188827515,155.1573028564453,127.86294060739914
36.884435365809345,-1.2341141848548418,0.8902000188827515,247.04359436035156,177.50682965664416
36.89708583549797,-1.2373827059270177,0.8902000188827515,201.91709899902344,89.18238324605474
36.88684773947926,-1.2479552345247376,0.8902000188827515,127.29789733886719,12.61770423840311
36.90355599112652,-1.2411640236203396,0.7195000052452087,71.90399932861328,178.44981107031796
36.889322540563924,-1.2540463665637447,0.7195000052452087,54.318599700927734,193.37118550984204
36.893433831735194,-1.238778404556746,0.7820000052452087,98.55000305175781,79.34956306322427
36.88980858257874,-1.2545680813869982,0.7820000052452087,114.31220245361328,115.99694027003959
36.889090667309134,-1.2463767127518177,0.7820000052452087,83.81749725341797,165.8587938992557
36.921008912649704,-1.2398129160011455,0.7820000052452087,51.48590087890625,29.718603677830206
36.90721245399034,-1.239786161394825,0.8445000052452087,250.15699768066406,87.99252050170466
36.8839983739061,-1.246880591170857,0.8445000052452087,165.35130310058594,106.36639719341348
36.91968455963683,-1.239358087693694,0.8445000052452087,125.37000274658203,19.857744412933158
36.88679423026662,-1.24898082776703,0.8445000052452087,107.40129852294922,121.68670399201224
36.89342045443204,-1.2395721245442597,0.8445000052452087,64.58910369873047,0.026657298660883965
36.89775915975704,-1.2458951298380458,0.9070000052452087,127.26719665527344,154.07267742897338
36.89063797537469,-1.246769113644521,0.7250999808311462,111.94100189208984,126.19719327278892
36.883681777731304,-1.2395141562305645,0.7250999808311462,122.7594985961914,181.4554297796208
36.88657127521394,-1.2477724113815463,0.7250999808311462,33.90019989013672,7.213012933557878
36.889661432243976,-1.2549158912691665,0.7250999808311462,96.94049835205078,101.92905755650486
36.89489641688073,-1.2395721245442597,0.7875999808311462,79.22329711914062,89.0017812052025
36.91289334873244,-1.236339276280511,0.7875999808311462,26.65060043334961,117.54655222438998
36.903600582137045,-1.240267744308597,0.7875999808311462,68.43939971923828,79.29618315176448
36.916915457882645,-1.2377037612028656,0.8500999808311462,116.68190002441406,198.3339693225512
36.91598350576247,-1.2406646043023537,0.8500999808311462,117.23159790039062,128.87299847956365
36.91316089479564,-1.2372043418848797,0.8500999808311462,42.02479934692383,68.35698073628845
36.89303251264038,-1.2401428894791005,0.9125999808311462,161.92959594726562,69.38085085648315
36.89341599533099,-1.2465238630865816,0.7139000296592712,233.1829071044922,134.21817566550573
36.917107199227935,-1.241699115746753,0.7139000296592712,76.48500061035156,185.87632598030717
36.90522369492051,-1.2410480869929499,0.7139000296592712,49.724300384521484,168.5344624780928
36.90392609651394,-1.2413557649656377,0.7764000296592712,121.7063980102539,198.28052916952166
36.91225123818074,-1.2366514133542523,0.7764000296592712,72.48490142822266,40.16047905959073
36.92081271220335,-1.217517410733916,0.7764000296592712,31.737699508666992,77.33463232028872
36.890869848629464,-1.2461715941033595,0.7764000296592712,32.70880126953125,185.68933591273333
36.8905978434652,-1.2470544961119416,0.7764000296592712,36.560001373291016,86.53574048233163
36.89597106023461,-1.238198721419798,0.7764000296592712,155.07350158691406,60.96328209210466
36.88705731722877,-1.2490031232722973,0.8389000296592712,121.96289825439453,121.6866965966831
36.91856978437347,-1.2160682028915462,0.8389000296592712,184.8657989501953,140.64072933914872
36.88392702828925,-1.246867213867697,0.8389000296592712,230.02540588378906,116.28176038635989
36.91988967828529,-1.2426890361806182,0.8389000296592712,25.366300582885742,123.51063333273628
36.916638993617326,-1.241110514407698,0.9014000296592712,129.6367950439453,178.44980212833616
36.89300575803406,-1.2393357921884267,0.9014000296592712,235.67100524902344,19.857416170300755
36.916246592724626,-1.2384038400682562,0.7307000160217285,32.7484016418457,128.92642939196716
36.89035259290726,-1.2487177408048769,0.7932000160217285,107.82559967041016,91.94076567857525
36.9155688093645,-1.2404327310475745,0.7932000160217285,75.65010070800781,99.12692754784855
36.91298698985455,-1.2371285371669711,0.8557000160217285,46.121299743652344,61.31162314929483
36.902392165751564,-1.2405397494728572,0.736299991607666,15.55679988861084,97.59034638636793
36.89247958410976,-1.2550630416039308,0.736299991607666,95.5634994506836,130.19462361687462
36.9140660923095,-1.2390950007315407,0.736299991607666,34.19599914550781,8.901221002506862
36.88944293629236,-1.247099087122476,0.798799991607666,74.68659973144531,86.5358624467433
36.88316006290805,-1.2390147369125788,0.798799991607666,60.90599822998047,104.08445100613338
36.90286037136218,-1.2411551054182328,0.798799991607666,43.336299896240234,178.44984148305016
36.885817687135905,-1.2351576145013479,0.861299991607666,101.65299987792969,42.30550925262422
36.889937896509295,-1.249556051802925,0.861299991607666,111.22599792480469,191.09436040366546
36.89755404110858,-1.2458951298380458,0.861299991607666,94.87470245361328,140.0084041757972
36.88824343810898,-1.2384930220893258,0.923799991607666,288.3316955566406,27.786656080759677
36.88407863772507,-1.2388007000620131,0.7475000023841858,54.12630081176758,160.40213930833957
36.89429889733955,-1.2401651849843673,0.7475000023841858,90.61229705810547,89.39856824612923
36.890071669540895,-1.2540017755532102,0.7475000023841858,42.191001892089844,137.09875517534815
36.905170185707874,-1.2369055821142985,0.8100000023841858,89.0302963256836,116.01100614171192
36.91737920439219,-1.2453823332168994,0.8100000023841858,39.4651985168457,155.93543341074624
36.890794043911555,-1.2492751284365575,0.8100000023841858,94.24720001220703,151.4330032017341
36.890700402789435,-1.249350933154466,0.8100000023841858,59.60430145263672,161.34835455416354
36.8832224903228,-1.2464703538739401,0.8100000023841858,43.625301361083984,155.943094507577
36.88028840182964,-1.2483520945184945,0.8725000023841858,538.5443115234375,48.82903753707048
36.91431134286743,-1.239001359609418,0.8725000023841858,81.63590240478516,19.242563191559068
36.8991236446794,-1.2415118335025082,0.8725000023841858,200.2332000732422,85.20458566000225
36.91453875702116,-1.2389255548915097,0.8725000023841858,50.36309814453125,40.34852267389651
36.900403406681725,-1.2360538938130907,0.8725000023841858,126.60530090332031,73.46578724208341
36.88672288464976,-1.2482762898005855,0.8725000023841858,128.3040008544922,42.363800150560984
36.91622875632041,-1.2386267951209287,0.7530999779701233,33.5713005065918,99.18034237675346
36.879236053981025,-1.2475227017225534,0.7530999779701233,65.75340270996094,189.5097009018026
36.89353193195837,-1.2385822041103944,0.8155999779701233,166.2154998779297,93.90651469974907
36.901593986663,-1.2371552917732918,0.8155999779701233,113.79429626464844,186.59335926472636
36.91495345341912,-1.237717138506026,0.8155999779701233,37.742801666259766,166.93170167465868
36.88280779392483,-1.247308664871988,0.8155999779701233,80.4031982421875,56.78937743147591
36.882116633261546,-1.2402454488033294,0.8155999779701233,44.2327995300293,118.05486004319536
36.91763337315224,-1.2381496713082099,0.8155999779701233,53.65959930419922,158.6725025706001
36.90469752099621,-1.2369100412153522,0.8780999779701233,97.82209777832031,80.82184344940597
36.89053987515151,-1.2480176619394858,0.8780999779701233,82.8363037109375,12.617880726771432
36.88926903135128,-1.2541935168985083,0.8780999779701233,135.6136932373047,186.33724268374212
36.8891709311281,-1.2490566324849386,0.7419000267982483,100.51239776611328,131.60211051771515
36.88538069523267,-1.248909482150175,0.7419000267982483,166.66949462890625,111.77143147825099
36.91968455963683,-1.239170805449449,0.8044000267982483,129.3076934814453,39.68843357002478
36.889291326856544,-1.2383949218661496,0.8044000267982483,60.57509994506836,63.690061974295595
36.91308509007773,-1.2391975600557699,0.8044000267982483,29.414499282836914,93.3476158954614
36.890606761667314,-1.2478660525036687,0.8044000267982483,36.22990036010742,2.702528835856878
36.90067541184599,-1.2394561879168697,0.8044000267982483,122.31739807128906,120.45152155047833
36.91559110486977,-1.2378419933355223,0.8044000267982483,21.50160026550293,188.4185821263733
36.88111333552452,-1.2408652638497586,0.8669000267982483,52.36130142211914,148.70375365684626
36.89013409695564,-1.2552726193534423,0.8669000267982483,107.4561996459961,31.588764391353337
36.88463602535675,-1.2350550551771189,0.7587000131607056,86.50499725341797,92.64358543992662
36.89103483536843,-1.2546171314985857,0.7587000131607056,93.90979766845703,24.55423602400502
36.89295670792247,-1.2464748129749939,0.7587000131607056,21.518299102783203,155.94286722786953
36.889362672473396,-1.2487667909164648,0.7587000131607056,34.95289993286133,101.85603331145066
36.89683612583897,-1.2454224651263803,0.7587000131607056,37.30910110473633,41.53585471476924
36.88705285812771,-1.24936876955868,0.8212000131607056,134.1156005859375,161.34815031007278
36.8830218307754,-1.2392109373589304,0.8212000131607056,122.15619659423828,104.06940882124412
36.893251008592,-1.2462652352254817,0.8212000131607056,77.03309631347656,169.39018416297486
36.90286483046323,-1.2376725474954917,0.8212000131607056,99.61289978027344,116.17728801703198
36.89190436007386,-1.2409544458708275,0.8212000131607056,149.6024932861328,158.61907728075505
36.905196940314184,-1.2364329174026332,0.8837000131607056,79.12879943847656,158.1928570413014
36.89096348975158,-1.2476252610467826,0.7017999887466431,81.72370147705078,27.04351198387193
36.893786100718415,-1.2520308528875872,0.7017999887466431,12.362799644470215,3.4499943494233856
36.912830921317685,-1.236308062573137,0.7642999887466431,57.987098693847656,110.50871690484479
36.89228784276446,-1.251397660537998,0.7642999887466431,96.93329620361328,163.18716841641827
36.88583552354012,-1.2488782684428008,0.7642999887466431,94.27780151367188,111.77138723936235
36.90493385335203,-1.2404416492496813,0.8267999887466431,153.47140502929688,99.12691146825637
36.89144953176641,-1.246778031846628,0.8267999887466431,107.15840148925781,116.28171214200492
36.88044892946756,-1.2405531267760175,0.8267999887466431,93.01090240478516,109.04215306064218
36.893986760265825,-1.2387204362430515,0.8267999887466431,94.05760192871094,51.687082043194025
36.911676014144845,-1.23892555489151,0.8267999887466431,51.434200286865234,184.86197024319168
36.90523261312262,-1.2401518076812073,0.8267999887466431,90.3218994140625,69.3808369398883
36.916977885297385,-1.242198535064739,0.8892999887466431,86.36209869384766,195.85651253537068
36.893295599602546,-1.2387828636577995,0.8892999887466431,163.19140625,79.3495692346384
36.902146915193626,-1.2376457928891704,0.7074000239372253,47.418800354003906,179.51782175396477
36.912090710542806,-1.2386669270304096,0.7074000239372253,50.89250183105469,128.5818998729996
36.917160708440576,-1.244811568282058,0.7699000239372253,67.38069915771484,185.87610757817333
36.918681261899806,-1.2405754222812846,0.7699000239372253,62.685001373291016,16.21249111302714
36.88899702618702,-1.2480087437373792,0.7699000239372253,81.47679901123047,12.617738497688661
36.87904431263573,-1.2487890864217321,0.7754999995231628,18.10260009765625,105.101346410229
36.913803005347326,-1.2391039189336475,0.8379999995231628,51.43370056152344,30.014696511766143
36.901589527561946,-1.2372712284006813,0.8379999995231628,42.38019943237305,193.62365838824857
36.88254024786162,-1.2484234401353491,0.8379999995231628,225.1992950439453,62.19503727928918
36.91747284551432,-1.2449141276062876,0.8379999995231628,36.254798889160156,145.95524572198462
36.89708137639692,-1.244927504909448,0.9004999995231628,204.58740234375,20.420574485825604
36.890963489751584,-1.2488738093417475,0.7185999751091003,56.154598236083984,111.77157472021743
36.89147182727167,-1.2489719095649232,0.7185999751091003,63.89759826660156,121.68700703638642
36.912563375254486,-1.2369055821142987,0.7185999751091003,60.19029998779297,40.18306788887361
36.9088444849759,-1.2393536285926403,0.7185999751091003,18.845699310302734,186.46903449186024
36.884529006931466,-1.2386713861314633,0.7185999751091003,100.44879913330078,181.53069277612394
36.89243499309922,-1.2516339928938303,0.7185999751091003,45.05849838256836,137.09697255090006
36.9043809248214,-1.240887559355026,0.7810999751091003,65.77110290527344,148.70371479202552
36.89249742051396,-1.2477189021689052,0.7810999751091003,250.63229370117188,17.127898406236323
36.87857610702511,-1.2484278992364028,0.7810999751091003,93.82039642333984,168.40763410511377
36.89230567916867,-1.250942832230546,0.8435999751091003,55.030601501464844,163.18719598188105
36.87945009083159,-1.2406155541907657,0.8435999751091003,101.77179718017578,118.95731264090094
36.879494681842125,-1.239768324990611,0.8435999751091003,53.19369888305664,29.71905002810433
36.8973890543696,-1.2459976891622748,0.8435999751091003,48.943599700927734,132.98004148996543
36.88962575943556,-1.2463945491560315,0.8435999751091003,205.5644989013672,155.9433896928979
36.900960794313406,-1.2391306735399683,0.8435999751091003,39.92539978027344,127.49863398118424
36.88268739819639,-1.2469430185856054,0.8435999751091003,254.1584930419922,96.45079392326315
36.87997180565485,-1.2486018041774873,0.9060999751091003,263.4189147949219,48.82906317774169
36.89387974184054,-1.2406244723928728,0.9060999751091003,74.64959716796875,119.13386621974121
36.89630995191467,-1.2377528113144534,0.9060999751091003,404.61981201171875,60.993389162279406
36.87705109446484,-1.2403970582391468,0.9060999751091003,2158.3388,109.0416100035764
36.90392609651394,-1.2367718090826954,0.9060999751091003,174.87429809570312,31.541946020564136
36.90019828803327,-1.23642845830158,0.9060999751091003,191.02239990234375,123.04259519614169
36.913348177039886,-1.2383681672598292,0.7242000102996826,28.66939926147461,8.96136139539172
36.9041133787582,-1.240807295536064,0.7242000102996826,101.33580017089844,138.78835202019246
36.914182028936885,-1.2411328099129655,0.7242000102996826,109.74079895019531,186.01723630116996
36.904042033141344,-1.2412933375508897,0.7242000102996826,70.04000091552734,198.28052822588273
36.89630995191467,-1.2382611488345463,0.7242000102996826,133.5572052001953,96.14491425662361
36.91714733113742,-1.2422743397826477,0.7867000102996826,105.21440124511719,185.87628857942627
36.9158943237414,-1.2380069800745,0.7867000102996826,40.56119918823242,168.58786860689477
36.89561433215033,-1.2389210957904564,0.7867000102996826,148.32989501953125,89.05441425582532
36.88542528624321,-1.2473487967814691,0.7867000102996826,57.881900787353516,56.78975321803794
36.9157516325077,-1.240370303632826,0.7867000102996826,46.84880065917969,89.21155732192234
36.90328398596225,-1.2406423087970864,0.8492000102996826,46.85940170288086,118.95764446533386
36.90551799559004,-1.2408117546371176,0.8492000102996826,78.50050354003906,138.78838802819178
36.90913878564543,-1.2375744472723154,0.8492000102996826,35.305198669433594,66.8902794377982
36.89012963785459,-1.2491636509102217,0.9117000102996826,115.53060150146484,141.51755252831998
36.8933089769057,-1.2407225726160485,0.9117000102996826,201.30599975585938,128.87303673101076
36.906895857815556,-1.2394428106137096,0.7297999858856201,39.08209991455078,38.75421126553149
36.87672558008793,-1.2377171385060257,0.7297999858856201,57.11069869995117,198.33463750717902
36.89244391130133,-1.2549872368860218,0.7922999858856201,84.51699829101562,123.16063412320887
36.91264809817449,-1.2375164789586208,0.7922999858856201,89.82119750976562,1.9912413143511378
36.88946077269657,-1.246385630953925,0.7922999858856201,200.4720001220703,165.85876788025502
36.8810107762003,-1.2379802254681789,0.7922999858856201,96.12110137939453,142.156800032689
36.89161897760645,-1.246568454097116,0.8547999858856201,79.85790252685547,146.02777173196856
36.89804900132551,-1.242479458431106,0.8547999858856201,134.439697265625,92.19540840551727
36.88582214623696,-1.2487444954111973,0.7465999722480774,111.00399780273438,101.85602384334629
36.87997626475589,-1.2379891436702861,0.7465999722480774,112.7697982788086,168.588091897463
36.92061205265594,-1.2381006211966221,0.7465999722480774,19.023000717163086,158.67315573148807
36.89498559890179,-1.2474201423983242,0.8090999722480774,89.24420166015625,55.687122581149666
36.90635630658808,-1.24012951217594,0.8090999722480774,68.51010131835938,69.5689780065523
36.917999019438625,-1.2420290892247081,0.8090999722480774,45.895599365234375,86.07405479442608
36.892412697593954,-1.2409455276687207,0.8715999722480774,70.01260375976562,158.6190870747969
36.8836817777313,-1.235046136975012,0.8715999722480774,54.75419998168945,163.02200013249723
36.90156723205668,-1.241386978673012,0.8715999722480774,188.9720001220703,97.6277077336297
36.90616456524278,-1.2374941834533535,0.8715999722480774,98.07119750976562,151.2452764488362
36.90256161159161,-1.2411506463171795,0.7354000210762024,10.9483003616333,160.90594271145522
36.8832224903228,-1.2398307524053591,0.7354000210762024,272.2043151855469,174.38751832852594
36.91756648663645,-1.244659958846241,0.7354000210762024,43.14149856567383,135.97504553249365
36.902329738336825,-1.2387382726472649,0.7979000210762024,99.06710052490234,89.26490868222427
36.87577133246249,-1.2377661886176137,0.7979000210762024,97.47570037841797,198.3346824901418
36.91573825520453,-1.2409276912645069,0.7979000210762024,116.48139953613281,148.70373632424975
36.91234042020181,-1.2370928643585435,0.7979000210762024,102.43659973144531,12.046787387082492
36.90661047534812,-1.2411729418224466,0.7979000210762024,166.04150390625,181.85999346307025
36.91801685584284,-1.2441025712145604,0.7979000210762024,69.65619659423828,86.07398834382661
36.87899972162519,-1.2480399574447532,0.8604000210762024,106.41390228271484,161.37359064526618
36.884479956819874,-1.2355009652824631,0.8604000210762024,206.7657012939453,64.53745141750686
36.90487142593728,-1.235710543031975,0.8604000210762024,197.97659301757812,186.28398168923607
36.90419364257717,-1.2349926277623704,0.9229000210762024,98.58820343017578,193.26156893300248
36.88521124939264,-1.2485215403585253,0.7409999966621399,169.58839416503906,82.02534987571521
36.893563145665745,-1.2516696657022581,0.8034999966621399,76.14569854736328,23.464510466877208
36.91967118233368,-1.242978877749092,0.8034999966621399,98.06829833984375,93.56995706713646
36.8936344912826,-1.2455963700674648,0.8034999966621399,188.6013946533203,197.5490428825614
36.89396446476056,-1.2412665829445688,0.8034999966621399,64.5999984741211,189.0827320773882
36.89025003358304,-1.246639799713971,0.8034999966621399,19.973499298095703,136.11260006762527
36.89314844926778,-1.2473666331856825,0.8034999966621399,237.2180938720703,46.87383056111315
36.89347842274572,-1.2507912227947293,0.8659999966621399,34.33660125732422,33.44471043786817
36.91614403340039,-1.2382789852387601,0.7522000074386597,50.762699127197266,138.84178971378822
36.918123874268126,-1.24447713570305,0.7522000074386597,98.94129943847656,76.09376119696007
36.89100362166106,-1.2392421510663045,0.8147000074386597,642.4724731445312,29.772799708759752
36.889612382132384,-1.248668690693289,0.8147000074386597,68.67250061035156,91.94069197753439
36.879829114421135,-1.248155894072143,0.8147000074386597,66.29820251464844,91.03324064645886
36.886892330489786,-1.2493375558513058,0.8147000074386597,62.882598876953125,161.34815490181532
36.90454591156039,-1.2361475349352127,0.8772000074386597,128.59359741210938,130.01893815287835
36.91825764729973,-1.245030064233677,0.8772000074386597,150.16209411621094,56.133318718447015
36.89668451640316,-1.24263998606903,0.8772000074386597,179.1457977294922,183.60575739101495
36.91740595899852,-1.2429298276375038,0.7577999830245972,56.875099182128906,155.9355748563034
36.91320994490723,-1.239447269714763,0.8202999830245972,77.2938003540039,107.40071217836687
36.92015722434849,-1.2394740243210838,0.8202999830245972,214.42410278320312,0.027192877121497646
36.9158274372256,-1.2408875593550261,0.8202999830245972,216.70269775390625,148.70373264485005
36.88205866494786,-1.2483743900237614,0.8202999830245972,111.6500015258789,52.279772568750005
36.89474480744491,-1.2471570554361706,0.8202999830245972,17.975299835205078,20.51512253820489
36.894669002727,-1.2453867923179525,0.8202999830245972,70.18419647216797,127.23533756550935
36.89763876402859,-1.2373470331185898,0.8827999830245972,85.24240112304688,131.40940662884134
36.89453077059435,-1.2402142350959557,0.8827999830245972,176.82479858398438,117.09295945579225
36.91921189492516,-1.2439955527892774,0.8827999830245972,58.621498107910156,43.66883308722772
36.915047094541244,-1.2393714649968544,0.7009000182151794,15.306500434875488,19.85739106277691
36.90040786578279,-1.2397504885863972,0.7634000182151794,86.79609680175781,120.44030234879098
36.90577662345113,-1.2409812004771483,0.7634000182151794,112.56680297851562,158.61912952484292
36.88343652717336,-1.2388363728704408,0.7634000182151794,69.97160339355469,118.16763160969722
36.913000367157714,-1.2397950795969317,0.7634000182151794,98.21540069580078,149.59759451800323
36.89088768503368,-1.2483253399121736,0.7634000182151794,69.99030303955078,52.279381715936154
36.88110887642347,-1.2499573708977347,0.7634000182151794,51.93069839477539,148.12379741570848
36.903034276303266,-1.2412130737319276,0.8259000182151794,46.800498962402344,188.36519447596766
36.89697881707269,-1.2453422013074182,0.8259000182151794,139.0850067138672,55.60012697092614
36.90659709804497,-1.2398039977990387,0.8259000182151794,45.01649856567383,45.7883051167642
36.9222262472373,-1.2381095393987296,0.8884000182151794,97.74150085449219,158.67367987191494
36.92016168344955,-1.2386936816367304,0.8884000182151794,120.01139831542969,89.26545449944253
36.907488918255666,-1.236780727284802,0.8884000182151794,209.53140258789062,115.9949275636609
36.89651061146207,-1.2375298562617811,0.8884000182151794,170.26780700683594,53.97814247003293
36.89678707572739,-1.2457212248969614,0.7064999938011169,132.24530029296875,69.67949871135123
36.90255269338949,-1.2367628908805886,0.7064999938011169,31.487499237060547,74.02561691614238
36.892060428610726,-1.2538858389258207,0.7064999938011169,53.40610122680664,10.616517548744667
36.883677318630255,-1.2388631274767614,0.7689999938011169,132.0550994873047,132.24329100170922
36.888858794054364,-1.2467378999371468,0.7689999938011169,147.14739990234375,126.19735721639503
36.89041056122097,-1.2489005639480681,0.8314999938011169,147.8365020751953,111.77149246133466
36.890798503012604,-1.2487890864217321,0.8314999938011169,88.5990982055664,101.85618612926136
36.87989600093693,-1.2470901689203693,0.8314999938011169,382.6145935058594,168.40755235919957
36.891610059404336,-1.2463811718528712,0.8314999938011169,17.17259979248047,165.85849803502748
36.92153954567506,-1.238617876918822,0.8314999938011169,57.877601623535156,99.18128642193598
36.88225040629315,-1.248468031145884,0.8314999938011169,204.6717987060547,72.11045880643134
36.89856625704771,-1.2412844193487829,0.8939999938011169,186.52349853515625,141.46930593164797
36.87278819385774,-1.2401919395906882,0.9564999938011169,1532.9179,89.21091702799583
36.91378516894312,-1.236419540099473,0.7232999801635742,82.75039672851562,180.89458312422752
36.88970156415346,-1.24764755655205,0.7232999801635742,43.5702018737793,27.043659915924152
36.88382892806607,-1.2390950007315407,0.7232999801635742,23.999399185180664,160.379561451733
36.905847969067985,-1.241110514407698,0.7857999801635742,117.40139770507812,178.44986084138685
36.90667290276288,-1.2368030227900697,0.7857999801635742,205.56610107421875,179.30132587456353
36.89824966087291,-1.2357506749414562,0.7857999801635742,170.0457000732422,43.719764713568544
36.884792093893616,-1.2385420722009133,0.8482999801635742,117.98899841308594,195.61389046925237
36.88717771295721,-1.2481871077795168,0.8482999801635742,75.44740295410156,32.448423043944075
36.9194571454831,-1.2425864768563888,0.8482999801635742,57.180301666259766,73.60952439484072
36.89360773667628,-1.2512861830116617,0.8482999801635742,75.24079895019531,23.464514431040765
36.897255281338,-1.2422475851763268,0.9107999801635742,153.46470642089844,169.56030198879247
36.885291513211605,-1.2352022055118823,0.9107999801635742,170.42599487304688,22.280235009567093
36.89616726068096,-1.2457568977053888,0.9107999801635742,199.2635955810547,20.454559985325414
36.88302183077539,-1.2398352115064124,0.7121000289916992,127.76950073242188,153.28155926485962
36.891743832435935,-1.254692936216494,0.7121000289916992,73.18340301513672,52.820257698007914
36.882901435046946,-1.2470767916172087,0.7746000289916992,109.09750366210938,86.53548481811825
36.918627752687165,-1.238457349280898,0.8371000289916992,69.49030303955078,119.01099392275054
36.899921823767954,-1.2398842616180006,0.8996000289916992,193.2467041015625,141.52929635039004
36.91845830684714,-1.2421361076499908,0.7177000045776367,17.35449981689453,36.172930455751505
36.92203450589199,-1.2383057398450807,0.7177000045776367,90.09020233154297,138.8429024010968
36.905415436265805,-1.2373024421080556,0.7177000045776367,84.85449981689453,109.00326401203993
36.879044312635735,-1.2396345519590073,0.7802000045776367,14.725099563598633,9.888246294403299
36.89341599533098,-1.246907345777178,0.7802000045776367,237.44650268554688,106.07449535443922
36.88325816313123,-1.2483877673269217,0.7802000045776367,217.2584991455078,72.11026041671967
36.9189889398725,-1.239549829038992,0.7802000045776367,217.98959350585938,9.888637721495234
36.89186868726544,-1.2461270030928249,0.8427000045776367,138.8394012451172,195.6045399811521
36.89302805353933,-1.2396256337569007,0.8427000045776367,211.81869506835938,9.888671147306693
36.900563934319656,-1.2361296985309993,0.8427000045776367,231.29969787597656,83.38115086834758
36.89098578525685,-1.2488069228259455,0.8427000045776367,48.41270065307617,101.8562113242261
36.89773686425177,-1.2416901975446462,0.8427000045776367,45.00040054321289,176.61502246222167
36.890718239193646,-1.247959693625791,0.8427000045776367,141.81900024414062,12.617903890874874
36.898508288734014,-1.2367718090826954,0.9052000045776367,164.3782958984375,145.53786259833345
36.89005829223773,-1.2494757879839626,0.734499990940094,67.03260040283203,181.17900631559232
36.89953388197631,-1.2360449756109835,0.734499990940094,47.500999450683594,73.46579032310619
36.90125063588189,-1.2425062130374267,0.796999990940094,27.105499267578125,160.96202276775068
36.92035342479485,-1.2393313330873732,0.796999990940094,302.7366027832031,19.85795140418034
36.90110348554712,-1.2393536285926403,0.859499990940094,168.83450317382812,99.35877211444291
36.89886501681829,-1.2415920973214702,0.859499990940094,185.7866973876953,99.26513515103886
36.89799549211287,-1.2362233396531213,0.859499990940094,114.99430084228516,68.16685427921608
36.911399549879526,-1.2365666904342372,0.7289000153541565,59.80739974975586,23.187589208156233
36.917178544844795,-1.2462875307307488,0.7289000153541565,33.40959930419922,184.02062499114967
36.91683519406368,-1.2411774009234997,0.7289000153541565,103.44239807128906,178.4498025027083
36.90541097716475,-1.240508535765483,0.7289000153541565,57.95399856567383,109.04229558082683
36.90635630658808,-1.2410347096897898,0.7914000153541565,500.269287109375,168.53452606783324
36.88452008872935,-1.2385822041103944,0.7914000153541565,98.71690368652344,174.5003896334577
36.892243251753925,-1.2462117260128405,0.7914000153541565,159.66090393066406,185.68910887068662
36.885108690068414,-1.2475539154299276,0.7914000153541565,55.009700775146484,36.959001038604654
36.89475818474807,-1.2446510406441342,0.7914000153541565,267.6597900390625,162.4224899807346
36.920745825687554,-1.238359249057722,0.7914000153541565,158.3238067626953,128.92710077562128
36.904042033141344,-1.2364507538068472,0.8539000153541565,163.77450561523438,59.670697916967704
36.89090998053894,-1.2473710922867363,0.8539000153541565,46.72380065917969,56.78961452332836
36.90470643919831,-1.2372444737943606,0.8539000153541565,63.69340133666992,59.730921438232414
36.901237258578725,-1.2359602526909679,0.8539000153541565,82.25669860839844,63.55045103770796
36.89475372564701,-1.2400447892559245,0.8539000153541565,445.9212951660156,117.10798623289364
36.88911742191545,-1.2464926493792077,0.8539000153541565,106.18209838867188,155.9434307523343
36.896791534828445,-1.2454447606316477,0.8539000153541565,85.1082992553711,48.57176570405737
36.88876069383118,-1.2481068439605547,0.9164000153541565,95.1259994506836,22.5330868659075
36.884444284011444,-1.24870882260277,0.9164000153541565,158.92100524902344,91.94080550571645
36.89140939985693,-1.2472729920635606,0.7512999773025513,68.48930358886719,66.7048960847801
36.8908475531242,-1.254898054864953,0.7512999773025513,46.573001861572266,3.4523175595484012
36.91211300604808,-1.2387248953441043,0.7512999773025513,61.68299865722656,135.61220479207057
36.88303520807856,-1.23892555489151,0.7512999773025513,128.4257049560547,82.97848729849773
36.9153190997055,-1.238189803217691,0.7512999773025513,56.68550109863281,148.75711890983075
36.905379763457375,-1.2407091953128884,0.7512999773025513,96.26789855957031,128.8730162524506
36.903997442130816,-1.241230910136141,0.7512999773025513,69.14289855957031,188.36516560320936
36.915430577231845,-1.2413423876624776,0.8137999773025513,46.347801208496094,198.28056240135948
36.894575361604886,-1.245079114345265,0.8137999773025513,102.92949676513672,155.37521824734654
36.91521654038127,-1.2377349749102398,0.8762999773025513,74.7698974609375,188.04517848641035
36.88892568057017,-1.2490967643944197,0.8762999773025513,48.49959945678711,131.60209354211545
36.90706530365558,-1.2393893014010682,0.7401000261306763,46.37810134887695,45.788235789930965
36.905094380989965,-1.2369323367206193,0.7401000261306763,45.29930114746094,108.97317407942042
36.90317250843592,-1.2377215976070792,0.7401000261306763,134.22509765625,102.09408443940961
36.893817314425796,-1.2392421510663043,0.8026000261306763,101.44930267333984,16.543037932983058
36.90273551653268,-1.2408117546371176,0.8026000261306763,57.233699798583984,138.78839643554488
36.91360234579993,-1.2374317560386057,0.8026000261306763,68.42109680175781,82.45521197654038
36.915657991385565,-1.2385643677061808,0.8026000261306763,68.80829620361328,109.0956876911351
36.89331343600675,-1.253381960506781,0.8026000261306763,60.55670166015625,66.88946340055132
36.89696543976952,-1.242127189447884,0.8026000261306763,62.9818000793457,197.6926472535017
36.90832722925371,-1.2379400935586982,0.8651000261306763,49.795799255371094,31.720044347286695
36.889086208208084,-1.2486865270975027,0.8651000261306763,61.055198669433594,91.94065091814743
36.89300129893301,-1.239045950619953,0.8651000261306763,198.0028076171875,49.60349857893157
36.91179195077223,-1.236878827507978,0.8651000261306763,86.1095962524414,16.12714846335094
36.89188652366965,-1.2486463951880222,0.8651000261306763,379.7455139160156,91.94099422138898
36.91593891475193,-1.238885422982029,0.8651000261306763,102.69519805908203,69.43424827547567
36.90351140011598,-1.241079300700324,0.7457000017166138,50.49089813232422,168.53444846604785
36.88980858257874,-1.2460868711833437,0.7457000017166138,48.752201080322266,195.60482583091078
36.91464577544643,-1.2407671636265831,0.7457000017166138,339.4997863769531,138.8130935357067
36.92107579916551,-1.2407181135149947,0.8082000017166138,39.823299407958984,128.87219821677905
36.890290165492516,-1.2406155541907657,0.8082000017166138,170.68800354003906,128.87303279341947
36.88807845137001,-1.2383770854619358,0.8707000017166138,49.44940185546875,27.801698007032705
36.9012105039724,-1.237039355145902,0.8707000017166138,94.75199890136719,182.53479662790377
36.888934598772266,-1.2551834373323734,0.8707000017166138,139.18600463867188,137.0994627796368
36.90232527923577,-1.2383860036640428,0.8707000017166138,88.96389770507812,128.92635805419107
36.908617070822174,-1.239549829038992,0.8707000017166138,77.57319641113281,179.43499987769587
36.886031723986484,-1.2485126221564187,0.8707000017166138,94.95989990234375,72.10992167225825
36.88579093252959,-1.2463499581454973,0.9332000017166138,2039.1346435546875,146.02804466540198
36.89576594158615,-1.2440490620019191,0.9332000017166138,320.37249755859375,141.35255157278624
36.88355246380077,-1.238457349280898,0.762499988079071,235.4423065185547,90.05393250125559
36.91320102670512,-1.2400715438622456,0.762499988079071,88.15029907226562,156.61286691363387
36.88880974394278,-1.255000614189182,0.762499988079071,62.93000030517578,158.2015092410762
36.892666866354006,-1.251937211765465,0.824999988079071,32.821800231933594,94.8928041729013
36.900126942416414,-1.2399020980222144,0.824999988079071,36.209999084472656,127.46497855494972
36.91233596110075,-1.2378018614260413,0.824999988079071,98.00779724121094,44.19565691991242
36.8916323549096,-1.2542470261111498,0.824999988079071,164.25450134277344,17.650234924923083
36.88601388758226,-1.2475628336320344,0.824999988079071,221.90040588378906,27.043711503232867
36.8890371580965,-1.2483119626090133,0.824999988079071,55.53839874267578,52.27919180478845
36.88233067011212,-1.2466799316234523,0.824999988079071,239.4279022216797,126.19682634948431
36.904398761225615,-1.2363794081899924,0.824999988079071,223.5778045654297,94.85234721406593
36.905433272670024,-1.2406735225044607,0.824999988079071,91.42420196533203,128.87302068844232
36.89837005660136,-1.2363125216741904,0.7569000124931335,47.10049819946289,103.21193072697554
36.912442979526034,-1.2396345519590073,0.7569000124931335,22.801700592041016,177.76394167097746
36.879053230837826,-1.2400982984685658,0.8194000124931335,30.666500091552734,59.465058673642034
36.90232082013471,-1.2396568474642746,0.8194000124931335,193.19349670410156,9.888715388992557
36.90947321822444,-1.2369769277311538,0.8194000124931335,44.365299224853516,45.788170381258986
36.89187760546754,-1.2555357063155954,0.7111999988555908,43.227298736572266,123.1602336238841
36.880984021593974,-1.2408652638497586,0.7736999988555908,50.09049987792969,148.70373117041993
36.891239954016896,-1.2495025425902835,0.7736999988555908,153.48089599609375,181.17915908204301
36.8834142316681,-1.2392599874705181,0.7736999988555908,32.047401428222656,146.28885561388213
36.91505601274336,-1.240579881382338,0.7736999988555908,87.61209869384766,118.95768379190444
36.91535031341288,-1.2411506463171795,0.7736999988555908,38.18450164794922,178.44984218958788
36.89434794745115,-1.2462072669117867,0.8361999988555908,344.3847961425781,85.0046797538126
36.886705048245545,-1.247598506440462,0.8361999988555908,127.31520080566406,27.043742975425403
36.899582932087895,-1.2365756086363437,0.8361999988555908,150.46240234375,132.95796300846868
36.88967480954714,-1.25398839825005,0.8361999988555908,103.78800201416016,172.26902594630613
36.88099293979609,-1.2382789852387601,0.8361999988555908,77.89990234375,121.06586316824728
36.91710274012689,-1.2429967141533058,0.8361999988555908,243.7677001953125,185.87623244762904
36.91640266126149,-1.2406155541907657,0.8361999988555908,48.0525016784668,118.95762860044492
36.88561256848745,-1.2349435776507824,0.8986999988555908,79.00849914550781,47.683200817412335
36.87883473488621,-1.2480934666573944,0.7167999744415283,34.040401458740234,175.44165947480357
36.91405717410739,-1.2373024421080556,0.7167999744415283,54.145599365234375,131.70498020351516
36.9039885239287,-1.2409187730623998,0.7167999744415283,121.90650177001953,148.70371520439332
36.91885070773984,-1.2398129160011455,0.7167999744415283,85.8822021484375,3.7479699721983146
36.8974648590875,-1.2421450258520976,0.7167999744415283,34.409000396728516,162.53191989674235
36.89439253846169,-1.2465461585918487,0.7167999744415283,34.922000885009766,56.86480047758448
36.893126153762516,-1.2469073457771778,0.7167999744415283,18.41659927368164,106.36600991280666
36.90301643989905,-1.2409767413760948,0.7167999744415283,15.373600006103516,158.6191066630776
36.92023748816745,-1.2388675865778147,0.7792999744415283,91.4083023071289,69.43476341653769
36.888858794054364,-1.2548846775617926,0.7792999744415283,102.73049926757812,165.23550826428945
36.88784657811522,-1.2493241785481455,0.7792999744415283,31.853200912475586,161.34814640228205
36.90895150340118,-1.2386312542219824,0.7792999744415283,37.7406005859375,137.2307196309384
36.90492493514993,-1.2362723897647092,0.8417999744415283,100.23880004882812,144.1096636620393
36.8918240962549,-1.249141355404954,0.8417999744415283,220.03880310058594,141.51779509601522
36.917811737194384,-1.240597717786552,0.8417999744415283,66.71189880371094,106.03456091216134
36.903747732471814,-1.2368164000932298,0.8417999744415283,180.8690948486328,10.435969322745573
36.894031351276354,-1.2391440508431286,0.9042999744415283,135.1094970703125,9.497702434864992
36.89801332851708,-1.2352334192192564,0.9042999744415283,79.12139892578125,15.77238594550486
36.90884002587485,-1.2374629697459796,0.9042999744415283,957.9176025390625,45.78813730638046
36.90054163881439,-1.2392109373589302,0.8306000232696533,184.7261962890625,148.5913850739323
36.88712420374457,-1.2476564747541568,0.8306000232696533,139.056396484375,27.043755300973935
36.90567852322796,-1.2384127582703637,0.8931000232696533,176.98370361328125,45.753034033603974
36.89745148178435,-1.2372801466027883,0.8931000232696533,168.406494140625,110.30342930664324
36.88427929727247,-1.2379534708618585,0.8931000232696533,338.856689453125,111.20506797748928
36.88437739749565,-1.2342479578864447,0.8931000232696533,306.5657043457031,169.9995390009468
36.89169924142541,-1.254099875776386,0.7279999852180481,90.22760009765625,3.451739097254774
36.87904431263573,-1.2397326521821836,0.7279999852180481,26.92639923095703,19.803608751893865
36.90454145245933,-1.2396345519590077,0.7279999852180481,11.121000289916992,9.888641363380447
36.906998417139775,-1.2375432335649417,0.7279999852180481,217.010498046875,101.92679760158975
36.91724543136059,-1.2448918321010203,0.7904999852180481,51.56549835205078,175.8958874287814
36.921512791068736,-1.240160725883314,0.7904999852180481,29.205900192260742,69.37987488805238
36.9130984673809,-1.2371285371669711,0.7904999852180481,75.36710357666016,68.34945587677568
36.888747316528026,-1.249159191809168,0.7904999852180481,30.199899673461914,141.5174473411894
36.873742441483174,-1.2381095393987294,0.7904999852180481,101.57150268554688,158.67320923703167
36.91318764940197,-1.2367762681837489,0.7904999852180481,59.318599700927734,103.50851883041426
36.89397784206371,-1.2453422013074182,0.7904999852180481,139.3170928955078,183.49237096198206
36.89141831805903,-1.2405843404833916,0.7904999852180481,173.75039672851562,118.95762807661627
36.89691193055688,-1.2374094605333381,0.7904999852180481,202.78909301757812,68.06887476611897
36.8730022307083,-1.2400135755485504,0.7904999852180481,163.05540466308594,59.46481360613279
36.918890839649315,-1.2378955025481635,0.8529999852180481,62.945499420166016,178.50320886410145
36.91910041739883,-1.239228773763144,0.7224000096321106,63.51250076293945,29.77285004564945
36.91267485278081,-1.238457349280898,0.7224000096321106,54.78099822998047,72.2943041402561
36.89198016479177,-1.254180139595348,0.7224000096321106,37.06420135498047,24.68442920256492
36.891445072665356,-1.2493821468618402,0.7224000096321106,93.2499008178711,161.34846074972668
36.891445072665356,-1.247170432739331,0.7849000096321106,55.11389923095703,76.62025931472225
36.90958915485183,-1.2379534708618585,0.7849000096321106,228.54660034179688,137.2307357421499
36.913129681088265,-1.2370126005395814,0.7849000096321106,47.79359817504883,82.41759599357337
36.89090552143789,-1.2486954452996097,0.7391999959945679,55.473201751708984,91.94083517073722
36.88602726488542,-1.2356927066277614,0.7391999959945679,31.484800338745117,21.237228199444296
36.91216651526072,-1.2363838672910459,0.8016999959945679,34.37200164794922,54.21355801376031
36.91737474529114,-1.2426845770795645,0.8016999959945679,51.76729965209961,155.9355905547707
36.884698452771495,-1.2382120987229586,0.8016999959945679,105.42310333251953,160.45484598978322
36.8901385560567,-1.239139591742075,0.8641999959945679,91.99960327148438,39.6881238557072
36.890218819875656,-1.2489496140596563,0.8641999959945679,68.45089721679688,121.68684546931432
36.90116145386082,-1.2359825481962352,0.7447999715805054,122.41899871826172,73.4658089042414
36.89560541394823,-1.2386134178177686,0.7447999715805054,93.26850128173828,75.00132269643642
36.89197124658966,-1.2519461299675716,0.7447999715805054,165.09840393066406,151.16533430530728
36.90526828593103,-1.2404282719465212,0.8072999715805054,53.0452995300293,99.12692450499316
36.88918876753231,-1.2476029655415153,0.8072999715805054,33.76490020751953,27.043703006271294
36.88643304308128,-1.2485393767627393,0.8072999715805054,106.00240325927734,72.10990165724102
36.88505963995682,-1.2361832077436408,0.8072999715805054,180.48480224609375,33.93955061275912
36.897282035944315,-1.242599854159549,0.8072999715805054,105.23770141601562,141.41666363984277
36.89641697033994,-1.239398219603175,0.8072999715805054,129.18069458007812,194.57670933062687
36.912532161547105,-1.2377840250218275,0.8072999715805054,79.69090270996094,30.11999213220593
36.898633143563515,-1.2414449469867066,0.8072999715805054,87.10649871826172,127.40124877987797
36.88314222650384,-1.2479061844131494,0.8072999715805054,214.44850158691406,2.7027501215462597
36.89246174770555,-1.255901352601978,0.8697999715805054,189.393798828125,193.50052934827553
36.89210056052022,-1.2544298492543413,0.8697999715805054,120.21269989013672,52.82045985784581
36.89644372494627,-1.2389790641041512,0.8697999715805054,43.843101501464844,166.46301549955754
36.91560894127398,-1.2413736013698518,0.8697999715805054,139.0531005859375,198.280553361364
36.88467615726623,-1.2491190598996869,0.8697999715805054,136.02020263671875,141.517588734812
36.90181248261461,-1.2405263721696969,0.9322999715805054,157.00250244140625,48.365208038970174
36.912955776147186,-1.2368520729016577,0.7336000204086304,39.737998962402344,82.40254459464563
36.883405313465985,-1.2390593279231132,0.7336000204086304,83.33390045166016,132.2282435989246
36.89243945220028,-1.2471927282445983,0.7336000204086304,144.58030700683594,76.62007792392878
36.904006360332914,-1.2368922048111386,0.7961000204086304,101.73200225830078,24.51917076717738
36.90678438028921,-1.2407805409297432,0.7961000204086304,58.97129821777344,149.29394543283485
36.91311184468406,-1.240370303632826,0.7961000204086304,60.25870132446289,184.7416144847401
36.892501879615025,-1.2468047864529486,0.7961000204086304,50.50709915161133,116.28151223026003
36.8891129628144,-1.2487846273206786,0.8586000204086304,37.156898498535156,101.8560143049155
36.89050866144413,-1.2529940187151316,0.8586000204086304,91.95909881591797,179.30241659905985
36.89069594368838,-1.2552191101408008,0.8586000204086304,118.20780181884766,3.581555892423687
36.89502573081128,-1.2475182426215001,0.8586000204086304,274.0790100097656,62.72303868857299
36.88408309682612,-1.234997086863424,0.8586000204086304,173.71580505371094,134.87063710761097
36.89100808076212,-1.237788484122881,0.8586000204086304,157.3022003173828,188.41859719672726
36.897892932788636,-1.2420424665278684,0.9211000204086304,166.27740478515625,134.40709447026654
36.89158330479801,-1.253475601628904,0.7504000067710876,174.41700744628906,66.75779883377054
36.91386543276208,-1.2391172962368076,0.7504000067710876,37.38869857788086,22.97687110429762
36.91413743792634,-1.237418378735445,0.7504000067710876,108.93479919433594,124.68218913197914
36.900327601963824,-1.2396211746558474,0.7504000067710876,43.148101806640625,134.50836391862464
36.88519341298843,-1.2349257412465688,0.7504000067710876,119.49490356445312,52.28087506136202
36.89485182587019,-1.2468761320698036,0.8129000067710876,48.52669906616211,6.439499362847973
36.912402847616555,-1.2374674288470329,0.8129000067710876,173.80690002441406,16.07443471418671
36.88192489191624,-1.247950775423684,0.8129000067710876,125.08979797363281,12.618361086838618
36.89167694592014,-1.2493732286597337,0.8129000067710876,69.45249938964844,161.34850615807667
36.89892744423304,-1.241788297767822,0.8754000067710876,197.07870483398438,78.16117338592127
36.91282646221663,-1.2361296985309989,0.8754000067710876,82.35700225830078,124.5693301498204
36.89807575593182,-1.2375209380596743,0.8754000067710876,105.2155990600586,180.6591998750308
36.885349481525296,-1.2470054460003537,0.9379000067710876,1036.294921875,86.53582613055787
36.897130426508504,-1.2459441799496338,0.7559999823570251,43.015899658203125,111.8798605442497
36.88057824339811,-1.24025882610649,0.7559999823570251,78.28730010986328,79.29608593711437
36.89638575663258,-1.237917798053431,0.7559999823570251,421.98199462890625,82.09183203064971
36.91578284621506,-1.2398753434158936,0.7559999823570251,74.614501953125,39.63474480505185
36.8891129628144,-1.255393015081885,0.7559999823570251,97.44090270996094,101.92937025999562
36.92006804232743,-1.241984498214174,0.8184999823570251,29.893800735473633,143.47111639803538
36.88998248751982,-1.2471748918403847,0.8184999823570251,28.858600616455078,76.62045004298204
36.891257790421115,-1.2535424881447053,0.8184999823570251,74.24600219726562,80.82598541828673
36.92189181465829,-1.220018966424899,0.8809999823570251,151.5316925048828,190.8599190070978
36.91400366489474,-1.2391039189336475,0.8809999823570251,54.91630172729492,15.9390459346877
36.89870003007931,-1.236624658747932,0.8809999823570251,188.12579345703125,142.8733565784448
36.89133359513902,-1.2469430185856056,0.8809999823570251,140.2967071533203,96.45100020600442
36.889527659212376,-1.2549961550881286,0.8809999823570251,105.8584976196289,101.92911148621131
36.87635101559944,-1.240196398691742,0.9434999823570251,715.121826171875,79.29548268529453
36.89998425118271,-1.2433534422375814,0.9434999823570251,432.5635070800781,139.90680186853814
36.88916201292599,-1.240606635988659,0.7046999931335449,26.831100463867188,128.76644888708043
36.900960794313406,-1.2389344730936167,0.7046999931335449,90.52670288085938,141.5704333154183
36.87878122567357,-1.2486954452996097,0.7046999931335449,37.50519943237305,133.23747486333798
36.90884002587486,-1.239268905672625,0.7671999931335449,60.07619857788086,179.43498957254042
36.898815966706714,-1.2405709631802313,0.7671999931335449,198.7321014404297,176.66009541470297
36.87910228094942,-1.2398173751021988,0.7671999931335449,58.760501861572266,29.71898630803503
36.89147628637273,-1.2490744688891526,0.7671999931335449,97.73889923095703,131.60237045087175
36.89381285532474,-1.2393268739863201,0.8296999931335449,94.52870178222656,9.512726469177885
36.89251971601924,-1.2537476067931639,0.8296999931335449,23.104999542236328,31.718843758852184
36.918721393809285,-1.241779379565715,0.8296999931335449,42.34479904174805,6.232258419529349
36.882281620000526,-1.2487801682196251,0.8296999931335449,222.6215057373047,111.77191233507907
36.886540061506565,-1.2486731497943424,0.8296999931335449,112.47820281982422,91.94062424563518
36.87186515993967,-1.2382210169250654,0.8296999931335449,196.05470275878906,138.84230724856803
36.893598818474175,-1.2398039977990387,0.8296999931335449,199.82839965820312,29.71943691780461
36.918864085043,-1.2442006714377365,0.8296999931335449,65.78389739990234,3.7479638129904225
36.892635652646625,-1.2544120128501273,0.8296999931335449,132.4373016357422,95.02481746424372
36.89170815962751,-1.249029877878618,0.8921999931335449,164.85020446777344,131.60241585922174
36.901143617456604,-1.2381095393987294,0.8921999931335449,224.52679443359375,193.66363536046958
36.89294333061932,-1.2404416492496813,0.8921999931335449,150.30029296875,99.12693359510112
36.91329020872619,-1.2403212535212385,0.7616000175476074,121.81659698486328,170.6659666863616
36.88344098627442,-1.2494624106808023,0.7616000175476074,103.92160034179688,181.17922630553454
36.892983462528804,-1.2467200635329332,0.8241000175476074,97.64610290527344,126.19677773181068
36.91199706942069,-1.2386312542219826,0.8241000175476074,64.0779037475586,135.61973122137138
36.892644570848724,-1.2466977680276659,0.8241000175476074,127.84760284423828,126.1968565545646
36.897215149428526,-1.245038982435784,0.8866000175476074,104.69210052490234,41.520760075110765
36.89510153552919,-1.2478749707057757,0.8866000175476074,62.44770050048828,104.93095211217529
36.92136564073398,-1.237855370638683,0.8866000175476074,81.47740173339844,188.41948898217368
36.88128724046561,-1.2477545749773324,0.9491000175476074,2902.2269,0.4093016833862902
36.8891798493302,-1.2475405381267672,0.7159000039100647,20.306299209594727,36.95906627307465
36.883079799089096,-1.2485304585606323,0.7159000039100647,73.04730224609375,72.11029344118775
36.87910228094942,-1.240508535765483,0.7159000039100647,90.27580261230469,109.04188637162808
36.880261647223314,-1.2401696440854213,0.7784000039100647,110.78289794921875,69.38064356561748
36.921151603883416,-1.238015898276607,0.7784000039100647,104.52010345458984,168.58870484175614
36.89230567916867,-1.255290455757656,0.7784000039100647,126.78199768066406,137.22854504502442
36.880127874191714,-1.240566504079178,0.7784000039100647,295.9632873535156,118.95743709576264
36.914070551410546,-1.236588985939504,0.7784000039100647,35.86600112915039,187.94745994459612
36.88575080062011,-1.247669852057317,0.7784000039100647,127.13999938964844,17.128329661883942
36.88145668630564,-1.2406155541907657,0.7784000039100647,57.728599548339844,120.28509509831464
36.87963737307583,-1.241079300700324,0.8409000039100647,135.91250610351562,168.5341594020271
36.9041133787582,-1.2395096971295112,0.8409000039100647,62.92409896850586,0.026723091280445917
36.876895025927965,-1.2379400935586982,0.8409000039100647,61.33319854736328,178.50389993640295
36.88983087808402,-1.2488203001291065,0.8409000039100647,76.21939849853516,101.85607175864575
36.88719554936143,-1.2483610127206013,0.9034000039100647,109.98179626464844,52.279149715974796
36.89451739329119,-1.2464213037623524,0.7214999794960022,81.98030090332031,56.8685912402103
36.921472659159264,-1.2385420722009133,0.7214999794960022,95.97489929199219,109.09661981867266
36.90381461898762,-1.2401205939738331,0.7839999794960022,55.4463996887207,59.46545456741929
36.91424891545269,-1.2408028364350103,0.7839999794960022,106.86859893798828,145.16066610254646
36.889661432243976,-1.2392332328641975,0.7839999794960022,224.07569885253906,21.53824868876046
36.89368354139418,-1.239639011060061,0.7839999794960022,61.7218017578125,9.888719173700222
36.90829155644527,-1.2386624679293563,0.8464999794960022,33.16749954223633,87.99241440499334
36.91118997213002,-1.235937957185701,0.7103000283241272,12.647000312805176,11.948850005447163
36.8968138303337,-1.2458327024232974,0.7728000283241272,18.52669906616211,76.71540972659905
36.892002460297036,-1.2545457858817308,0.7728000283241272,95.95230102539062,52.820391747251925
36.883833387167115,-1.239300119379999,0.7728000283241272,108.85800170898438,174.44017158364377
36.8929254942151,-1.247009905101407,0.7728000283241272,233.85980224609375,96.45070836628322
36.91204611953227,-1.238818536466227,0.8353000283241272,46.51250076293945,142.64250971718684
36.891632354909596,-1.2407627045255294,0.8353000283241272,72.03189849853516,138.78835176010543
36.89225662905709,-1.2465104857834213,0.8353000283241272,116.96810150146484,155.94301945759895
36.87509800820342,-1.2388943411841358,0.8353000283241272,43.612300872802734,69.43498410679945
36.90477778481515,-1.237516478958621,0.8353000283241272,123.88970184326172,38.64752336537031
36.8936344912826,-1.2507466317841944,0.8978000283241272,125.31849670410156,23.464518395204323
36.904929394250985,-1.2398307524053591,0.8978000283241272,64.04180145263672,29.719373944684154
36.896885175950565,-1.2456721747853734,0.7271000146865845,83.82759857177734,69.67572300197241
36.91808374235864,-1.2454938107432356,0.7896000146865845,88.45339965820312,76.09373305834357
36.891556550191694,-1.2495605109039782,0.7896000146865845,66.11270141601562,191.09456592940847
36.89196232838756,-1.251611697388563,0.7896000146865845,68.44120025634766,172.26730564509214
36.881871382703615,-1.2496229383187265,0.8521000146865845,119.46260070800781,183.2940318119685
36.90772079151044,-1.2389166366894029,0.8521000146865845,54.54090118408203,59.85626466780591
36.8953200314808,-1.2445663177241186,0.9146000146865845,85.83509826660156,141.33365553967016
36.902851453160075,-1.2366647906574126,0.9146000146865845,158.02520751953125,45.88179767331439
36.88445320221356,-1.2493375558513058,0.9146000146865845,77.55960083007812,161.34834940712898
36.912964694349284,-1.2372667692996278,0.732699990272522,90.57710266113281,47.251008819194915
36.905883641876414,-1.2406155541907657,0.732699990272522,175.2252960205078,118.95768535330626
36.892225415349714,-1.2538367888142326,0.732699990272522,14.291099548339844,17.6506487573564
36.882602675276374,-1.2358621524677924,0.732699990272522,50.590301513671875,184.2032957066142
36.884551302436726,-1.2378196978302551,0.795199990272522,91.90180206298828,118.25796471318039
36.890419479423066,-1.2481023848595014,0.795199990272522,36.43320083618164,22.53323296541701
36.893389240724666,-1.2391306735399683,0.795199990272522,362.7430114746094,39.688113508037404
36.89196678748862,-1.2463009080339094,0.795199990272522,63.72200012207031,175.77379724335628
36.89690301235478,-1.2458237842211906,0.795199990272522,44.78960037231445,83.74754455314363
36.88920214483547,-1.2552458647471216,0.795199990272522,59.44779968261719,108.96331805161454
36.90304319450537,-1.2373425740175363,0.857699990272522,207.28529357910156,88.04854341805141
36.88357921840708,-1.2494757879839626,0.857699990272522,137.80340576171875,181.17919598893093
36.89539137709766,-1.244419167389355,0.857699990272522,152.00360107421875,141.33743618565006
36.89227000636025,-1.2522894807486873,0.7383000254631042,66.00980377197266,101.92717828838956
36.91251878424395,-1.2367049225668938,0.7383000254631042,95.58149719238281,54.243679815589935
36.89363003218155,-1.2463722536507644,0.7383000254631042,248.1804962158203,127.18984737951197
36.90467522549093,-1.2408117546371176,0.7383000254631042,58.19200134277344,138.7883571825541
36.889603463930285,-1.2395765836453125,0.7383000254631042,97.69830322265625,0.026633513954018705
36.91863221178821,-1.2445930723304393,0.7383000254631042,34.26319885253906,16.212467178018215
36.9118900509954,-1.2388096182641204,0.8008000254631042,49.16310119628906,156.71817171140347
36.88458697524515,-1.238577745009341,0.8008000254631042,46.561500549316406,181.53822300733407
36.890981326155796,-1.2546438861049065,0.8008000254631042,171.8542022705078,17.520242750304114
36.91704031271214,-1.2459040480401526,0.8008000254631042,63.020999908447266,196.3859956361476
36.8925910616361,-1.254073121170065,0.8633000254631042,111.29840087890625,66.88886161446871
36.91867680279875,-1.2399243935274817,0.8633000254631042,64.04759979248047,16.212495456951828
36.890352592907256,-1.2495783473081918,0.9258000254631042,260.21990966796875,191.09438956472957
36.88346774088074,-1.2357729704467235,0.9258000254631042,199.17750549316406,127.89307402939966
36.920817171304414,-1.2397058975758628,0.7439000010490417,70.69349670410156,19.803303483727632
36.894731430141746,-1.2455428608548236,0.8064000010490417,51.3916015625,106.13137444543122
36.905803378057456,-1.2411684827213927,0.8064000010490417,58.95500183105469,178.44985472427328
36.889808582578745,-1.2536718020752555,0.8064000010490417,39.56589889526367,186.33690362190003
36.90414459246556,-1.23682977739639,0.8689000010490417,207.827392578125,38.587311362761106
36.87861177983354,-1.2487355772090907,0.8689000010490417,172.53689575195312,147.30553892678847
36.89771902784756,-1.237516478958621,0.9314000010490417,192.44349670410156,152.5078471249626
36.89133805424007,-1.2477411976741721,0.7494999766349792,94.09040069580078,17.128094256110252
36.89051312054519,-1.2494534924786957,0.8119999766349792,51.05350112915039,171.2636948415252
36.907216913091396,-1.2405040766644295,0.8119999766349792,135.40049743652344,144.57773495169212
36.89373705060683,-1.240218694197009,0.8744999766349792,166.22129821777344,79.2962565689037
36.909040685422255,-1.2385643677061808,0.8744999766349792,33.30759811401367,137.23071978963907
36.882616052579536,-1.2467022271287196,0.8744999766349792,227.0623016357422,126.19688350220059
36.89249742051397,-1.2546973953175478,0.7551000118255615,119.43789672851562,109.09272492902075
36.88403850581558,-1.247219482850919,0.7551000118255615,153.50869750976562,66.70495762577694
36.890406102119904,-1.247598506440462,0.8176000118255615,96.83609771728516,27.043594242804144
36.886651539032904,-1.2492617511333972,0.8176000118255615,121.1146011352539,151.43279740529366
36.88983087808402,-1.2466308815118643,0.8176000118255615,16.0487003326416,136.11264697701435
36.915898782842454,-1.2407716227276362,0.8176000118255615,170.24159240722656,138.78836371786753
36.88667829363922,-1.2472952875688277,0.8176000118255615,97.55159759521484,56.78983274816104
36.88003423306959,-1.2477501158762794,0.8176000118255615,826.3670043945312,112.13531644052951
36.898080215032884,-1.2411417281150723,0.8801000118255615,194.88079833984375,190.7018730140677
36.918551947969256,-1.240035871053818,0.8801000118255615,72.41480255126953,26.19272635417334
36.88989330549875,-1.246559535895009,0.8801000118255615,226.25559997558594,136.11263827211502
36.89242607489712,-1.2554509833955803,0.760699987411499,44.07640075683594,158.33058165574977
36.89243053399816,-1.246448058368673,0.760699987411499,138.7819061279297,155.94298343107732
36.8869770534098,-1.2480756302531808,0.760699987411499,138.9449005126953,22.53306508622593
36.91794996932704,-1.241757084060448,0.823199987411499,62.59880065917969,96.0542890848076
36.9171294947332,-1.2423367671973955,0.823199987411499,104.8021011352539,185.87628234402064
36.89059338436415,-1.2552458647471216,0.823199987411499,143.85220336914062,3.5814969365610003
36.90255269338949,-1.2406378496960329,0.823199987411499,49.611698150634766,118.69056931971122
36.89124441311795,-1.2486999044006633,0.885699987411499,110.86910247802734,91.94088826853114
36.88138979978983,-1.2494445742765885,0.885699987411499,104.47019958496094,127.02175738177748
36.88636169746443,-1.2474513561056984,0.885699987411499,144.06680297851562,46.87445804262397
36.904287283699276,-1.2350639733792257,0.885699987411499,79.09010314941406,193.26910253744728
36.891538713787476,-1.2529405095024904,0.7149999737739563,41.61579895019531,108.96174927995715
36.90842978857794,-1.238577745009341,0.7149999737739563,75.59359741210938,87.99241124932091
36.89412499239848,-1.2469073457771778,0.7149999737739563,10.37660026550293,49.81750567843408
36.89960076849211,-1.2414226514814393,0.8399999737739563,21.79949951171875,50.04757258073936
36.91708490372267,-1.2459441799496338,0.8399999737739563,149.54519653320312,197.36167436551912
36.891351431543235,-1.2473131239730413,0.8399999737739563,56.94969940185547,56.78954730483192
36.91843155224081,-1.239848588809573,0.8399999737739563,72.08049774169922,29.719428291937252
36.880092201383285,-1.2502695079714763,0.9024999737739563,64.7843017578125,98.88553597408104
36.896648843594726,-1.23747634704914,0.9024999737739563,65.16010284423828,61.02350766807789
36.88329829504071,-1.239010277811525,0.7038000226020813,63.49789810180664,118.1601084978698
36.90866166183271,-1.2366737088595194,0.7038000226020813,17.46940040588379,38.62040858743953
36.89994857837428,-1.239277823874732,0.7038000226020813,43.49599838256836,190.78061245454074
36.88234850651633,-1.247999825535272,0.7663000226020813,127.89420318603516,12.618259062691447
36.89507924002392,-1.2529226730982765,0.7663000226020813,95.91259765625,175.8788600393758
36.88881866214487,-1.2466442588150248,0.7663000226020813,32.78710174560547,136.11272039098785
36.912857675923995,-1.2401696440854213,0.7663000226020813,106.11250305175781,191.794474144142
36.88668721184132,-1.2469028866761245,0.7663000226020813,58.118900299072266,106.3666488516165
36.921490495563475,-1.237917798053431,0.8288000226020813,38.405601501464844,178.504184945759
36.88270969370165,-1.2482272396889977,0.8288000226020813,99.8364028930664,42.364273502514834
36.897473777289626,-1.2461136257896646,0.8288000226020813,263.17138671875,147.0480866616425
36.922030046790944,-1.2197737158669597,0.8288000226020813,96.71289825439453,161.83520751100156
36.897745782453875,-1.2368922048111384,0.8288000226020813,154.52920532226562,103.29573872264251
36.89462887081752,-1.2453511195095253,0.8288000226020813,83.81120300292969,134.26746757911408
36.89325546769306,-1.2390771643273266,0.8288000226020813,175.8656005859375,49.60348791722484
36.91289334873244,-1.2387605681525324,0.8288000226020813,66.4843978881836,72.27173548893353
36.90122834037662,-1.2401205939738331,0.8288000226020813,102.8322982788086,21.975092006301942
36.880110037787496,-1.240838509243438,0.8913000226020813,124.62529754638672,148.70352479844533
36.89275604837507,-1.2392555283694644,0.8913000226020813,228.28250122070312,29.772791053331105
36.8839314873903,-1.2472506965582932,0.8913000226020813,141.34449768066406,66.70493069401633
36.90124171767978,-1.242608772361656,0.8913000226020813,64.79129791259766,167.99792198400837
36.90222717901259,-1.2369011230132452,0.8913000226020813,121.56089782714844,116.237577549236
36.89439253846169,-1.2536628838731483,0.8913000226020813,359.647705078125,179.43419869466243
36.91526113139181,-1.2395855018474198,0.7093999981880188,55.74700164794922,0.02667792343612371
36.90507654458574,-1.2403613854307194,0.7093999981880188,45.39070129394531,89.2115547833287
36.91757540483855,-1.2413245512582638,0.7718999981880188,34.40919876098633,135.97521439440686
36.92087068051705,-1.219020127788927,0.7718999981880188,55.97959899902344,189.88008210030205
36.905772164350076,-1.2399957391443368,0.7718999981880188,59.71649932861328,49.55014158421733
36.89734892246013,-1.2440178482945448,0.7718999981880188,172.7008056640625,21.80996842882297
36.89242161579606,-1.2523786627697557,0.7718999981880188,34.208499908447266,80.82505836095473
36.8809528078866,-1.2501223576367122,0.8343999981880188,141.90460205078125,148.12377882331566
36.90568744143006,-1.2364552129079007,0.8343999981880188,348.5533142089844,186.35171119609458
36.90739973623459,-1.2403613854307194,0.8343999981880188,42.98680114746094,151.29892383912872
36.9048892623415,-1.2374808061501932,0.8968999981880188,152.48379516601562,52.71566233629249
36.882464443143725,-1.2481781895774098,0.7206000089645386,59.32830047607422,32.44896630836171
36.89168140502119,-1.2472685329625068,0.7206000089645386,37.71849822998047,66.70485067643013
36.91451200241484,-1.240878641152919,0.7831000089645386,56.97439956665039,149.2363418749564
36.8910482126716,-1.254559163184891,0.7831000089645386,100.42250061035156,10.486187126215695
36.915992423964575,-1.2406021768876054,0.7831000089645386,73.09239959716797,118.95763592117447
36.90427390639612,-1.2397371112832367,0.7831000089645386,48.6088981628418,19.80400160845194
36.88952320011131,-1.2483699309227083,0.7831000089645386,57.71329879760742,52.27923083328939
36.91847168415029,-1.216197516822096,0.8456000089645386,84.01129913330078,154.7088746839784
36.91474833477067,-1.241230910136141,0.8456000089645386,136.9333953857422,188.36524200984238
36.88459143434621,-1.2472239419519722,0.8456000089645386,99.37310028076172,66.70503029744056
36.90338208618543,-1.2363794081899924,0.8456000089645386,187.06719970703125,17.436142367120645
36.89136034974534,-1.25530829216187,0.7261999845504761,216.29820251464844,66.88791999441625
36.91352654108202,-1.2404371901486282,0.7261999845504761,41.700401306152344,156.58280558271036
36.89077174840629,-1.2486151814806477,0.7886999845504761,39.43960189819336,82.02545936492446
36.914333638372696,-1.24025882610649,0.7886999845504761,186.81399536132812,85.71950997153887
36.905045330878366,-1.2371820463796122,0.7886999845504761,122.99359893798828,80.84441765004681
36.91897556256934,-1.2443567399746065,0.7886999845504761,72.89810180664062,13.728179476620179
36.894254306329024,-1.2472551556593467,0.7886999845504761,95.88760375976562,14.641708997711373
36.90741757263879,-1.2394651061189765,0.7886999845504761,38.48270034790039,80.95843659186495
36.91181870537855,-1.2367361362742677,0.7886999845504761,143.66580200195312,2.059007619076835
36.89600227394198,-1.2375521517670485,0.7886999845504761,15.818400382995605,18.788973537648655
36.91605039227827,-1.241057005195057,0.8511999845504761,47.292999267578125,168.53444880494484
36.88055148879178,-1.239982361841176,0.8511999845504761,104.05909729003906,49.54999842704869
36.90139778621665,-1.238715977141998,0.8511999845504761,86.3093032836914,120.60026923500614
36.88495262153154,-1.2362634715626024,0.8511999845504761,90.15540313720703,26.901709938261536
36.90172330059356,-1.2388586683757081,0.8511999845504761,226.372802734375,86.24234575499139
36.91863667088927,-1.238818536466227,0.8511999845504761,39.93510055541992,79.34954451413836
36.893786100718415,-1.2397192748790231,0.9136999845504761,212.7696075439453,19.804089147531617
36.88363272761972,-1.23972819308113,0.7429999709129333,115.45770263671875,195.51604091573276
36.89192219647808,-1.2533953378099416,0.7429999709129333,54.66350173950195,38.62148613865423
36.92051395243277,-1.2424081128142508,0.7429999709129333,55.91680145263672,193.37220876894264
36.892332433774996,-1.2498548115735058,0.7429999709129333,31.70319938659668,163.18726210043016
36.91408838781476,-1.2397103566769163,0.7429999709129333,118.94539642333984,58.11339204068553
36.889416181686045,-1.2489674504638697,0.8054999709129333,88.41400146484375,121.68676712519563
36.87915133106102,-1.2410124141845225,0.8054999709129333,290.4599914550781,168.53406180459692
36.89663992539262,-1.2453555786105786,0.8054999709129333,61.59749984741211,27.471583417124762
36.91920297672306,-1.2415162926035617,0.8679999709129333,32.76499938964844,43.668874120042396
36.89223433355182,-1.250777845491569,0.8679999709129333,64.74610137939453,173.16739904897833
36.882210274383674,-1.2361832077436405,0.7318000197410583,90.65859985351562,191.2712330036771
36.893951087457395,-1.253538029043652,0.7318000197410583,194.68710327148438,130.1958957530133
36.892265547259186,-1.25081797740105,0.7943000197410583,55.835201263427734,173.16739320089033
36.89420525621743,-1.2532035964646435,0.7943000197410583,27.64189910888672,123.16215735174151
36.883008453472236,-1.2388319137693875,0.7943000197410583,56.78049850463867,75.94818013631476
36.90325277225489,-1.2373693286238574,0.8568000197410583,104.60810089111328,73.97287093720074
36.890468529534644,-1.2490254187775647,0.8568000197410583,107.86129760742188,131.6022300169182
36.882245947192104,-1.2467022271287196,0.8568000197410583,107.30870056152344,126.19680662163336
36.892238792652876,-1.2477501158762792,0.9193000197410583,229.47129821777344,7.212571147466247
36.88281225302588,-1.2469563958887657,0.9193000197410583,167.35499572753906,96.45083033262367
36.89703232628533,-1.2422029941657924,0.9193000197410583,193.8936004638672,190.65673697521854
36.8798603281285,-1.248031039242646,0.7373999953269958,111.25440216064453,98.06726901743889
36.91950619559469,-1.2394740243210836,0.7373999953269958,67.94039916992188,9.942310296072641
36.91915392661147,-1.238457349280898,0.7998999953269958,106.97229766845703,119.01111142045649
36.91592999654983,-1.2403613854307194,0.7998999953269958,103.59960174560547,89.2115539787136
36.88386905997556,-1.2479819891310584,0.7998999953269958,150.6743927001953,12.61798945089633
36.91205949683545,-1.2369367958216728,0.7998999953269958,79.45899963378906,4.993892377918695
36.91529234509919,-1.2411952373277135,0.7998999953269958,101.2427978515625,178.4498475501651
36.89494546699232,-1.2382076396219046,0.7998999953269958,56.81010055541992,16.452847882230245
36.89290765781089,-1.2463098262360164,0.7998999953269958,123.0166015625,175.7735935124705
36.882210274383674,-1.2363125216741904,0.8623999953269958,455.4950866699219,191.27875674269265
36.897785914363354,-1.2463588763476041,0.8623999953269958,29.807100296020508,196.2843566146649
36.88972385965872,-1.246399008257085,0.8623999953269958,141.88209533691406,155.94338166495234
36.90391717831184,-1.2361832077436403,0.8623999953269958,67.57250213623047,73.72377709115243
36.8970635399927,-1.237275687501735,0.9248999953269958,159.97799682617188,75.11424376169172
36.906481161417574,-1.2377840250218277,0.7541999816894531,283.872802734375,123.02889196149245
36.9122646154839,-1.2360449756109837,0.7541999816894531,167.92379760742188,89.37261561185106
36.8896302185366,-1.248249535194265,0.7541999816894531,41.405799865722656,42.36387518209194
36.91416419253266,-1.240486240260216,0.7541999816894531,215.8592071533203,121.03009456508072
36.89169478232435,-1.2532615647783383,0.7541999816894531,28.57110023498535,66.75766080933731
36.89322425398568,-1.2400447892559248,0.8166999816894531,87.15650177001953,59.465499014787746
36.88595146016751,-1.2357239203351356,0.8166999816894531,117.99579620361328,7.169084589787456
36.91724097225955,-1.2451237053557993,0.8166999816894531,131.5782928466797,175.89586968783303
36.893398158926765,-1.2457568977053888,0.8166999816894531,65.77439880371094,197.54145597215617
36.87513368101185,-1.23868030433357,0.8791999816894531,178.53570556640625,89.26570855229961
36.89519071755025,-1.2444147082883017,0.8791999816894531,112.560302734375,162.43761971555776
36.89149412277695,-1.2526105360245352,0.7486000061035156,53.78030014038086,130.06372441277634
36.889955732913506,-1.25398839825005,0.7486000061035156,97.02110290527344,144.1328098126631
36.88493032602627,-1.246800327351895,0.7486000061035156,75.54010009765625,116.28188803277166
36.896283197308335,-1.2458817525348853,0.7486000061035156,44.647499084472656,41.55851824436423
36.884961539733645,-1.2381318349039965,0.7486000061035156,86.61599731445312,181.56835107575952
36.892577684332934,-1.2533329103951933,0.8111000061035156,75.85690307617188,10.61695022745889
36.90399298302975,-1.2398307524053591,0.8111000061035156,66.23660278320312,29.71936488878913
36.89277834388033,-1.2468092455540023,0.8111000061035156,143.36839294433594,116.28145463637146
36.89321979488462,-1.2398173751021988,0.8111000061035156,147.24209594726562,29.71941155970693
36.91959091851471,-1.239518615331618,0.8111000061035156,88.3198013305664,0.026983868532751087
36.893469504543624,-1.2458772934338318,0.8736000061035156,195.5915069580078,176.43749047652256
36.898098051437096,-1.235665952021441,0.8736000061035156,94.13809967041016,33.02289533556902
36.900104646911146,-1.2361118621267853,0.8736000061035156,177.70359802246094,83.38114654467083
36.88701718531929,-1.2473175830740948,0.8736000061035156,147.4615936279297,56.78984328555362
36.90552691379214,-1.2366603315563591,0.7598000168800354,128.7198028564453,165.25326031294247
36.902298524629444,-1.2383146580471875,0.7598000168800354,66.1272964477539,138.841720374324
36.8921406924297,-1.2512103782937534,0.7598000168800354,113.18689727783203,183.147560159737
36.91818630168287,-1.2445618586230653,0.7598000168800354,46.56919860839844,66.11354339582302
36.9150515536423,-1.2412353692371947,0.7598000168800354,97.0822982788086,188.3652218934109
36.88964805494082,-1.247701065764691,0.8223000168800354,56.31169891357422,17.128304667858956
36.89474926654596,-1.247009905101407,0.8223000168800354,45.009300231933594,6.443289435030632
36.87981573711798,-1.2407850000307967,0.8223000168800354,102.04350280761719,138.78810686655763
36.89742918627909,-1.246042280172809,0.8223000168800354,125.45899963378906,140.01595110587397
36.905602718510046,-1.2411372690140186,0.8223000168800354,114.4583969116211,178.44984349873036
36.9059995785038,-1.2401116757717263,0.8223000168800354,52.85820007324219,59.46551664885501
36.89750499099699,-1.2461938896086262,0.8848000168800354,127.13860321044922,161.11613160477575
36.89743364538013,-1.237186505480666,0.8848000168800354,173.86819458007812,96.2352895806789
36.89806683772972,-1.2373158194112157,0.8848000168800354,137.1374053955078,159.56829905551953
36.90400190123186,-1.2370616506511696,0.8848000168800354,190.7425994873047,17.488865317209246
36.89160114120223,-1.2553618013745111,0.7028999924659729,12.483799934387207,87.99008477034937
36.88377987795448,-1.2488871866449076,0.7028999924659729,22.26420021057129,111.7716229955566
36.89740689077382,-1.2459486390506869,0.7653999924659729,77.04429626464844,132.9762679094673
36.88074768923814,-1.2398352115064124,0.7653999924659729,25.35140037536621,29.719315413061985
36.92088851692126,-1.2407136544139414,0.7653999924659729,92.9188003540039,128.87225981680393
36.892345811078144,-1.2512237555969135,0.7653999924659729,26.243499755859375,163.187179444036
36.89231013826972,-1.252739849955085,0.7653999924659729,107.17990112304688,59.72316535253961
36.91999223760952,-1.2424928357342664,0.8278999924659729,46.40370178222656,133.49086457294612
36.88435956109143,-1.235857693366739,0.8278999924659729,279.4468078613281,57.52222155895693
36.891873146366486,-1.251950589068625,0.8278999924659729,55.957801818847656,158.1993994874682
36.88570175050852,-1.2490566324849386,0.8278999924659729,30.899200439453125,131.60212745145034
36.89770119144334,-1.2377483522133998,0.8278999924659729,37.60369873046875,166.5684495826836
36.89204259220652,-1.251856947946503,0.8278999924659729,67.2750015258789,151.16525909798645
36.902673089117926,-1.237538774463888,0.8278999924659729,68.11239624023438,130.26049515407792
36.884083096826124,-1.2347429181033776,0.8903999924659729,109.75679779052734,155.9615492679661
36.878830275785155,-1.2483476354174405,0.8903999924659729,84.16629791259766,154.33956651337604
36.90117037206292,-1.2405754222812846,0.8903999924659729,211.44979858398438,6.1759806993653
36.901906123736744,-1.2382076396219046,0.7196999788284302,76.49330139160156,150.26187375140395
36.91308509007773,-1.2367673499816418,0.7196999788284302,31.97610092163086,96.47068539862036
36.9142177017453,-1.2402855807128108,0.7196999788284302,213.73240661621094,95.11018317810311
36.89179734164857,-1.2550675007049836,0.7196999788284302,34.988399505615234,80.95622230438288
36.87902201713045,-1.2476029655415153,0.7196999788284302,168.6750946044922,196.54374307373394
36.89272037556664,-1.2533373694962473,0.7196999788284302,80.3687973022461,24.685077073979446
36.92179817353615,-1.2380292755797673,0.7196999788284302,44.99679946899414,168.58890749733874
36.892764966577175,-1.2528557865824745,0.7821999788284302,25.55109977722168,17.518853334843378
36.88255362516479,-1.236339276280511,0.7821999788284302,264.0674133300781,163.13494892128503
36.89208272411601,-1.2495961837124059,0.7821999788284302,136.46319580078125,191.09466182336058
36.90635184748703,-1.2409232321634533,0.7821999788284302,136.87229919433594,148.7916473816989
36.898115887841314,-1.241230910136141,0.8446999788284302,208.09579467773438,183.66596564206336
36.88684773947926,-1.2482629124974254,0.8446999788284302,47.234500885009766,42.36379420486148
36.89604240585145,-1.2374718879480866,0.8446999788284302,141.25909423828125,11.758667851909898
36.891092803682135,-1.241079300700324,0.8446999788284302,85.65480041503906,168.53444788012345
36.881055367210834,-1.250260589769369,0.8446999788284302,171.52999877929688,169.22586406918938
36.89712596740745,-1.2458148660190838,0.8446999788284302,65.82029724121094,97.81181492275385
36.88386014177345,-1.2380694074892482,0.8446999788284302,212.5684051513672,83.04620617825387
36.90319480394119,-1.2404238128454677,0.8446999788284302,53.2422981262207,99.12692300947114
36.89189990097281,-1.2464302219644592,0.9071999788284302,119.03569793701172,155.9430874488207
36.89232351557288,-1.2550942553113045,0.7085000276565552,17.264699935913086,123.16056556182464
36.91701801720687,-1.243389115046009,0.7085000276565552,48.657901763916016,195.8564270897586
36.87969088228847,-1.2482584533963719,0.7710000276565552,172.56930541992188,98.06728447522718
36.90408662415187,-1.2398842616180006,0.7710000276565552,17.22480010986328,39.63472675720002
36.916117278794076,-1.2408563456476518,0.7710000276565552,81.7738037109375,148.70372128936498
36.91875706661772,-1.2444771357030497,0.8335000276565552,58.47079849243164,6.232252143028391
36.87875447106725,-1.240370303632826,0.8335000276565552,50.9276008605957,89.21110296026129
36.88031069733491,-1.2487132817038233,0.8335000276565552,41.11520004272461,13.658891490240482
36.881969482926785,-1.2474335197014845,0.8960000276565552,58.995201110839844,46.87383967867337
36.88293710785538,-1.2484323583374564,0.8960000276565552,76.7427978515625,62.19496446056815
36.89853504334034,-1.241908693496265,0.8960000276565552,171.64230346679688,99.25386859466418
36.90562947311637,-1.2376591701923312,0.8960000276565552,133.33880615234375,94.9576852353212
36.884908030521004,-1.2344619947370106,0.8960000276565552,420.402099609375,115.5484599410987
36.89424538812692,-1.2392599874705181,0.7141000032424927,43.99480056762695,11.608255989223293
36.91914500840936,-1.2439152889703153,0.7766000032424927,103.80670166015625,33.688616963697804
36.890999162560014,-1.2493330967502523,0.7766000032424927,84.19920349121094,161.34839183887055
36.897817128070734,-1.2370839461564365,0.8391000032424927,192.0489044189453,124.39418009669434
36.89507478092286,-1.2400269528517112,0.8391000032424927,133.42990112304688,138.22897299122315
36.88794021923735,-1.2470678734151022,0.8391000032424927,49.60070037841797,86.53593562486111
36.89607807865989,-1.2376234973839035,0.9016000032424927,205.40789794921875,25.819279229540243
36.89143169536219,-1.2399511481338024,0.9016000032424927,126.4365005493164,49.55009042462247
36.886276974544415,-1.249319719447092,0.9016000032424927,97.9126968383789,161.34817680063642
36.89779483256547,-1.2460066073643818,0.9016000032424927,113.65640258789062,168.14072284235627
36.877505922772286,-1.2380694074892482,0.73089998960495,36.71910095214844,158.67311915952413
36.89015639246091,-1.2389924414073115,0.73089998960495,50.840599060058594,59.518848651609524
36.891168608400044,-1.2544610629617152,0.73089998960495,57.60770034790039,17.520116846712263
36.89149412277694,-1.2495025425902835,0.73089998960495,195.57080078125,181.17918766185073
36.889670350446096,-1.2474513561056984,0.73089998960495,43.55039978027344,46.87439446819415
36.89402243307425,-1.252998477816185,0.73089998960495,16.802499771118164,95.02605169800175
36.89171261872856,-1.2401562667822608,0.79339998960495,361.35321044921875,69.3808137628003
36.89510153552919,-1.2455740745621977,0.79339998960495,224.41619873046875,77.99906793132831
36.91391002377262,-1.2371151598638108,0.79339998960495,27.633100509643555,131.68993972104676
36.919546327504165,-1.2439242071724226,0.79339998960495,44.24079895019531,83.58970491757995
36.901148076557654,-1.238818536466227,0.79339998960495,189.3791961669922,134.5420042721787
36.89213623332864,-1.2463053671349629,0.85589998960495,84.85800170898438,175.7737632477454
36.87918700386943,-1.2406913589086745,0.85589998960495,194.58970642089844,128.8726114792472
36.89911026737622,-1.2414226514814395,0.85589998960495,190.1313018798828,92.24049045783642
36.89900324895095,-1.24051745396759,0.85589998960495,172.05299377441406,169.63169256825927
36.893059267246706,-1.2399511481338026,0.85589998960495,100.60199737548828,49.5501258588856
36.90408216505083,-1.2360851075204649,0.91839998960495,115.70320129394531,94.82975655197306
36.90451023875195,-1.2378196978302551,0.91839998960495,323.54278564453125,10.594723567155516
36.89679153482844,-1.2460066073643818,0.7253000140190125,38.76539993286133,90.78723177630526
36.91501588083387,-1.241369142268798,0.7253000140190125,119.42639923095703,198.28059088533024
36.88190259641098,-1.2363571126847248,0.7253000140190125,834.6826782226562,198.33163371775592
36.901442377227184,-1.238898800285189,0.7878000140190125,179.15480041503906,106.40961095276532
36.89515058564077,-1.2447669772715237,0.7878000140190125,99.14199829101562,134.2939589827638
36.88065404811602,-1.2399243935274817,0.7878000140190125,61.957401275634766,39.634656747356686
36.90710097646401,-1.2409945777803086,0.7878000140190125,67.77439880371094,179.93665940114465
36.87301114891042,-1.2401919395906882,0.7878000140190125,35.16419982910156,69.38017610953769
36.8831645220091,-1.2485705904701132,0.7878000140190125,126.18350219726562,82.02564012804709
36.91197031481437,-1.2368164000932298,0.8503000140190125,54.892799377441406,4.986361117042156
36.8968628804453,-1.2443522808735534,0.8503000140190125,71.40570068359375,28.827027129129167
36.92207463780148,-1.2202062486691438,0.8503000140190125,63.856201171875,195.71889449120917
36.881764364278325,-1.249618479217673,0.8503000140190125,114.61979675292969,169.2259556670165
36.898182774357124,-1.2370750279543297,0.9128000140190125,193.3470001220703,152.54553849699565
36.92062542995911,-1.2379311753565914,0.7476999759674072,57.3484001159668,178.50388030748476
36.89208718321705,-1.2530876598372536,0.7476999759674072,257.7279968261719,52.68939547168348
36.90529949963841,-1.2367450544763747,0.8101999759674072,56.936798095703125,137.10945542923494
36.905580423004785,-1.2407627045255294,0.8101999759674072,69.60250091552734,138.78839313660256
36.88895689427753,-1.2462161851138938,0.8101999759674072,232.37420654296875,175.77416801554963
36.88340977256705,-1.2393224148852666,0.8101999759674072,94.2760009765625,153.3191616305757
36.895681218666134,-1.24355856088604,0.8101999759674072,284.54669189453125,190.60017145872982
36.91728556327008,-1.240896477557133,0.8101999759674072,34.68090057373047,148.70372153724577
36.8935096364531,-1.240949986769774,0.8726999759674072,128.99029541015625,158.61914297548353
36.92154400477612,-1.238457349280898,0.8726999759674072,134.12100219726562,119.01201110777616
36.88452454783041,-1.234800886417072,0.8726999759674072,135.67469787597656,120.77233661592469
36.88044001126545,-1.250501381226255,0.8726999759674072,47.1869010925293,141.08971808053832
36.88838612934269,-1.2461805123054661,0.9351999759674072,3247.7675,126.19737999756065
36.912937939742974,-1.2369412549227266,0.7365000247955322,45.97829818725586,68.33440401507853
36.89777699616125,-1.241609933725684,0.7365000247955322,40.04990005493164,176.6187824890033
36.89277834388034,-1.2393313330873734,0.7365000247955322,126.71869659423828,19.857424814628303
36.91373165973048,-1.2366692497584661,0.7365000247955322,27.962099075317383,152.7658234285551
36.903734355168645,-1.2411551054182328,0.7365000247955322,33.42720031738281,178.44980682942497
36.91840925673555,-1.241618851927791,0.7365000247955322,55.71979904174805,46.15316403183329
36.905687441430054,-1.240156266782261,0.7365000247955322,39.602500915527344,69.38086080089462
36.91845384774608,-1.2391618872473424,0.7990000247955322,123.44760131835938,39.68810878241837
36.91775822798174,-1.241520751704615,0.7990000247955322,41.27439880371094,116.01475201132918
36.89593538742618,-1.2380069800745,0.7990000247955322,164.8739013671875,46.90267016628422
36.89136034974534,-1.2534666834267967,0.7990000247955322,55.48509979248047,80.82591844967673
36.90436754751825,-1.2411015962055914,0.7990000247955322,153.4084014892578,168.53443997311177
36.89460657531225,-1.2387516499504254,0.8615000247955322,60.1067008972168,2.422303619235729
36.916746012042616,-1.2403257126222917,0.8615000247955322,36.8848991394043,89.21153903917045
36.89994411927322,-1.2395275335337248,0.8615000247955322,64.9541015625,169.67290559329876
36.916674666425756,-1.2384930220893258,0.7421000003814697,40.50450134277344,119.0110720107986
36.89206042861073,-1.2550675007049839,0.7421000003814697,91.31169891357422,102.0583928480869
36.892189742541284,-1.2552637011513357,0.7421000003814697,62.39609909057617,123.1604306136522
36.880096660484334,-1.2466442588150246,0.7421000003814697,38.1890983581543,189.52445653774464
36.893656786787865,-1.2393357921884267,0.7421000003814697,171.95150756835938,19.85737532398314
36.89128454502743,-1.252601617822428,0.7421000003814697,81.87069702148438,158.1999023168889
36.90159844576405,-1.2397549476874505,0.7421000003814697,210.34039306640625,29.02219796190088
36.91437822938323,-1.2397371112832367,0.8046000003814697,81.77469635009766,36.999923621232554
36.90707868095873,-1.2367896454869094,0.8046000003814697,394.88018798828125,151.16515122896888
36.88056486609495,-1.2407002771107813,0.8046000003814697,222.7375030517578,128.872898637312
36.90599066030169,-1.241168482721393,0.8046000003814697,87.49759674072266,178.4498672947285
36.91701801720687,-1.2455027289453426,0.8046000003814697,73.47889709472656,195.8562757206283
36.904434434034044,-1.2398753434158936,0.8671000003814697,61.15169906616211,39.634727689744544
36.893487340947836,-1.2519818027759992,0.8671000003814697,129.40370178222656,24.552202919043467
36.88649101139498,-1.2494178196702679,0.8671000003814697,129.71380615234375,171.26353159853753
36.889937896509295,-1.2492349965270768,0.8671000003814697,76.7260971069336,151.43289753604253
36.89882488490881,-1.2364106218973663,0.8671000003814697,153.20050048828125,113.12726533526454
36.88083687125922,-1.2408741820518654,0.8671000003814697,110.78890228271484,148.70368720620567
36.89254647062556,-1.2396434701611145,0.8671000003814697,196.38380432128906,9.888652058197898
36.88245552494162,-1.2482539942953184,0.9296000003814697,142.53469848632812,42.3643296397263
36.889478609100784,-1.2551611418271063,0.758899986743927,48.32320022583008,94.89516732594053
36.88408309682612,-1.23578188864883,0.758899986743927,35.628501892089844,78.62820438917545
36.92025532457166,-1.2387917818599063,0.758899986743927,107.81189727783203,79.3501257916042
36.89195341018546,-1.2529761823109176,0.821399986743927,74.76439666748047,66.75744834051264
36.90190612373675,-1.237498642554407,0.821399986743927,221.3946990966797,179.53289836227677
36.91482859858963,-1.2375699881712618,0.821399986743927,60.77519989013672,173.95449987186447
36.88842626125217,-1.2496318565208335,0.883899986743927,72.51570129394531,191.09425270011457
36.893982301164776,-1.2367628908805886,0.883899986743927,164.6074981689453,199.32361548820114
36.90707868095873,-1.2406378496960329,0.7533000111579895,132.1938018798828,146.1783177157389
36.88183125079413,-1.248677608895396,0.7533000111579895,71.3584976196289,91.94128926887593
36.90291388057482,-1.2410971371045378,0.7533000111579895,53.10850143432617,168.53447390036706
36.89170815962751,-1.2393402512894802,0.7533000111579895,65.7677993774414,19.85744843750746
36.90416688797084,-1.2399734436390697,0.8158000111579895,52.8317985534668,49.550088971025865
36.91870801650612,-1.238448431078791,0.8158000111579895,45.3927001953125,119.01098650667936
36.903725436966546,-1.2367227589711076,0.8158000111579895,195.2613983154297,17.466274053873203
36.880854707663424,-1.2506931225715532,0.8158000111579895,56.7671012878418,183.29390026142926
36.89342937263414,-1.2528914593909022,0.8158000111579895,39.384300231933594,38.75359493804582
36.90069324825021,-1.2408920184560794,0.8783000111579895,109.01640319824219,7.87711420385406
36.892243251753925,-1.247339878579362,0.7075999975204468,80.36360168457031,56.78938748140541
36.890860930427365,-1.247415683297271,0.7075999975204468,92.10659790039062,46.87425127496661
36.89154763198959,-1.2532838602836056,0.7700999975204468,37.72650146484375,80.825782342239
36.896131587872524,-1.2377572704155066,0.7700999975204468,137.5312957763672,39.887417768477164
36.91209962874492,-1.236388326392099,0.7700999975204468,41.85660171508789,47.17572102525562
36.89139602255377,-1.2394160560073888,0.8325999975204468,407.92510986328125,9.942083122505025
36.907502295558814,-1.2394651061189768,0.8325999975204468,39.09360122680664,87.9924749808225
36.912063955936496,-1.2374897243523004,0.8325999975204468,39.91389846801758,37.1879365035963
36.88423916536299,-1.2467780318466277,0.8325999975204468,305.6296081542969,116.28179926085485
36.906606016247075,-1.2412487465403552,0.8950999975204468,155.99819946289062,191.59896236831335
36.895101535529186,-1.2445796950272792,0.8950999975204468,116.2052001953125,155.3979229453722
36.89393325105317,-1.2413290103593169,0.7756999731063843,30.11709976196289,198.96234215383697
36.8891129628144,-1.248267371598479,0.7756999731063843,27.624799728393555,42.36383412268026
36.90328398596225,-1.2367049225668936,0.7756999731063843,88.33080291748047,10.692606474244965
36.90132198149873,-1.2427782182016867,0.7756999731063843,53.871700286865234,189.10187501739134
36.91209962874492,-1.2365533131310762,0.7756999731063843,145.81430053710938,33.115111502050276
36.915408281726585,-1.240735949919209,0.7756999731063843,57.72760009765625,128.87302423558427
36.87842895669035,-1.2489496140596563,0.7756999731063843,94.27169799804688,140.2715053668806
36.89391987375002,-1.2468092455540023,0.7756999731063843,262.5647888183594,77.94979751045997
36.9027444347348,-1.2412799602477291,0.8381999731063843,62.393001556396484,182.0061628757784
36.90299414439378,-1.2362946852699768,0.8381999731063843,60.14080047607422,3.68490916676151
36.893848528133155,-1.2454313833284874,0.8381999731063843,179.39889526367188,183.48858026084127
36.90380570078551,-1.2370081414385279,0.8381999731063843,193.502197265625,3.624640159461534
36.89447280228064,-1.2475405381267672,0.9006999731063843,636.8905029296875,34.59833312312637
36.88382000986397,-1.238466267483005,0.9006999731063843,214.40750122070312,118.19773120751115
36.907573641175674,-1.23946956522003,0.7645000219345093,54.019798278808594,95.02651360843143
36.91507384914757,-1.2374585106449263,0.7645000219345093,85.27559661865234,195.06046533589162
36.9010276808292,-1.2390950007315407,0.7645000219345093,109.87480163574219,120.46647045804585
36.91547516824238,-1.2398262933043058,0.7645000219345093,63.31529998779297,29.7193990642685
36.89097240795369,-1.2486240996827545,0.7645000219345093,121.84329986572266,82.02548455986447
36.889585627526074,-1.2383770854619358,0.8270000219345093,50.9546012878418,84.80353933115495
36.91586756913508,-1.240548667674964,0.8270000219345093,113.35150146484375,109.04227904965661
36.88021259711173,-1.2490878461923132,0.8270000219345093,52.62350082397461,7.4431821850632955
36.89260443893925,-1.2550006141891823,0.8270000219345093,65.27989959716797,137.22875143243184
36.901099026446076,-1.240958904971881,0.8895000219345093,66.43609619140625,34.31957800854775
36.883583677508135,-1.2485037039543114,0.8895000219345093,137.76010131835938,72.11019842953078
36.89163681401065,-1.2474023059941106,0.8895000219345093,142.16290283203125,46.87413966352611
36.894958844295466,-1.2397058975758628,0.8895000219345093,180.20660400390625,103.06239852662223
36.890869848629464,-1.2488693502406942,0.7188000082969666,19.99370002746582,111.77156195349663
36.891873146366486,-1.2552503238481754,0.7813000082969666,57.949798583984375,102.05826077742842
36.91412406062318,-1.2403257126222917,0.7813000082969666,42.21500015258789,103.52180316113211
36.89786617818232,-1.241288878449836,0.8438000082969666,101.88269805908203,197.7302653704723
36.88519787208947,-1.234127562158002,0.8438000082969666,158.0778045654297,137.1886821784012
36.89567675956508,-1.2379044207502705,0.8438000082969666,183.66329956054688,18.758869245278
36.89878921210038,-1.2413111739551033,0.9063000082969666,203.86099243164062,120.37285166637702
36.88889446686278,-1.2494936243881767,0.724399983882904,57.55120086669922,181.1789107531686
36.8907226982947,-1.2484278992364028,0.786899983882904,108.43109893798828,62.194720547768576
36.91915392661148,-1.2436655793113227,0.786899983882904,54.852699279785156,43.668838954521846
36.88708853093613,-1.2475539154299276,0.786899983882904,71.83159637451172,36.95911856780202
36.890959030650535,-1.25321251466675,0.786899983882904,153.47659301757812,137.09819352299067
36.902178128901,-1.236807481891123,0.786899983882904,212.42689514160156,116.24511695361302
36.9178384918007,-1.2458104069180302,0.786899983882904,82.46790313720703,106.1297809307576
36.89367462319209,-1.2404550265528413,0.849399983882904,89.89800262451172,99.12698162147612
36.892002460297036,-1.2465639949960625,0.849399983882904,111.72090148925781,146.027707802593
36.88109104001926,-1.2409499867697742,0.849399983882904,59.02199935913086,158.6191162427458
36.88668721184132,-1.2488961048470146,0.849399983882904,102.73149871826172,111.7713437288123
36.8735105682284,-1.2399600663359092,0.911899983882904,2009.9429931640625,69.38014228290044
36.87955710925687,-1.2408162137381709,0.7980999946594238,49.608299255371094,138.78805453742282
36.89217636523813,-1.251486842559067,0.7980999946594238,68.09310150146484,172.26715303893093
36.89606470135673,-1.2381675077124241,0.7980999946594238,82.20659637451172,75.03894518227911
36.89546272271452,-1.2385643677061806,0.9230999946594238,155.25790405273438,53.895357166092936
36.88898364888386,-1.2488069228259457,0.7411999702453613,67.25779724121094,101.85600332635065
36.90151372284404,-1.2362099623499612,0.7411999702453613,201.75050354003906,93.29655196948994
36.888675970911166,-1.2553395058692438,0.8036999702453613,51.49380111694336,144.13360819672468
36.913597886698874,-1.2365443949289696,0.8036999702453613,29.917800903320312,152.75829995812617
36.90146467273245,-1.2401696440854213,0.8036999702453613,24.17569923400879,0.8748696533197438
36.90048812960175,-1.2405754222812846,0.8661999702453613,79.23970031738281,50.08503356147426
36.9116225049322,-1.2361787486425873,0.8661999702453613,113.46309661865234,26.047139661846924
36.90292279877693,-1.2413513058645842,0.8661999702453613,76.37039947509766,198.28056174077022
36.91687532597316,-1.2379846845692326,0.8661999702453613,75.56809997558594,168.58788319113782
36.890994703458965,-1.249569429106085,0.7300000190734863,87.39309692382812,191.09448222089608
36.89335356791623,-1.2531144144435744,0.7300000190734863,50.532100677490234,52.821568396230866
36.89170815962751,-1.2465506176929024,0.7300000190734863,33.188201904296875,146.02775625735853
36.904100001455035,-1.2350060050655307,0.7300000190734863,111.12640380859375,179.19342354315592
36.920803794001245,-1.2189710776773395,0.7300000190734863,54.51070022583008,189.88004344324864
36.89204259220652,-1.254737527227029,0.7925000190734863,196.4803009033203,80.95642152711643
36.915484086444486,-1.241057005195057,0.7925000190734863,107.70590209960938,168.5344745609655
36.8785582706209,-1.2378732070428966,0.7925000190734863,203.05650329589844,178.50370906142874
36.891275626825326,-1.2409633640729345,0.7925000190734863,494.1606140136719,168.53444374780887
36.88856003428378,-1.2491814873144351,0.7925000190734863,49.55630111694336,141.51743907048905
36.89193557378124,-1.2517231749148994,0.7925000190734863,78.23030090332031,172.26738086308492
36.91431134286743,-1.239063787024166,0.7925000190734863,86.7822036743164,12.212252362812167
36.901076730940794,-1.2429699595469854,0.8550000190734863,130.32699584960938,182.0772114101447
36.894289979137454,-1.2404505674517883,0.8550000190734863,148.5529022216797,114.03751277274024
36.89089660323578,-1.239710356676916,0.9175000190734863,422.9765930175781,19.80401863690922
36.88365056402393,-1.2473800104888428,0.9175000190734863,153.90199279785156,46.874161270210585
36.887097449138246,-1.2480934666573944,0.9175000190734863,116.91590118408203,22.53306117146188
36.91848506145345,-1.244387953681981,0.7468000054359436,17.91699981689453,36.17290009654909
36.89535124518817,-1.244187294134576,0.7468000054359436,53.270301818847656,162.44518026553607
36.89275604837507,-1.2554509833955803,0.7468000054359436,56.702999114990234,186.4668124746278
36.88327154043439,-1.239647929262168,0.7468000054359436,59.0359001159668,160.33442504441393
36.91506047184441,-1.2377438931123466,0.7468000054359436,135.95469665527344,173.96952751647163
36.909210131262284,-1.2388988002851893,0.7468000054359436,40.13690185546875,179.4349858391114
36.91711611743005,-1.2414315696835465,0.7468000054359436,55.17689895629883,185.87634467497116
36.89206042861073,-1.2471035462235291,0.8093000054359436,268.72711181640625,76.6201486229903
36.914668070951706,-1.24090539575924,0.8093000054359436,419.46270751953125,158.6407371955246
36.891168608400044,-1.255428687890313,0.8093000054359436,74.1604995727539,59.85380420668676
36.9115556184164,-1.235866611568846,0.8093000054359436,150.81430053710938,47.13051405256269
36.89063797537468,-1.2461225439917716,0.8093000054359436,76.57849884033203,195.6047353012534
36.91198815121858,-1.2367718090826954,0.8093000054359436,43.163700103759766,12.016665665890038
36.87858502522721,-1.2481648122742495,0.8093000054359436,36.37120056152344,189.5097292221688
36.8973221678538,-1.2456721747853734,0.8093000054359436,78.81680297851562,104.8364030910003
36.880199219808574,-1.2410213323866293,0.8093000054359436,153.99330139160156,168.5342691036616
36.88148344091196,-1.2502070805567278,0.8093000054359436,125.26830291748047,197.36201287595486
36.88256700246794,-1.2477947068868138,0.8718000054359436,112.3187026977539,7.2125059757806484
36.88353462739654,-1.2478437569984016,0.8718000054359436,539.7030029296875,2.702685426492884
36.91685303046789,-1.240379221834933,0.8718000054359436,118.4574966430664,89.211539394452
36.88147452270985,-1.2409232321634533,0.9343000054359436,3338.8679,182.40546987171024
36.891761668840154,-1.2472105646488123,0.7523999810218811,69.61209869384766,76.62019809321119
36.91937242256308,-1.2440446029008656,0.7523999810218811,10.648300170898438,63.62926759821018
36.88928240865444,-1.249408901468161,0.7523999810218811,40.07569885253906,171.26357060357162
36.91365585501257,-1.2405129948665365,0.8148999810218811,88.07640075683594,156.57529203974642
36.88135412698141,-1.250278426173583,0.8148999810218811,185.25399780273438,197.36200203890195
36.88296832156276,-1.247308664871988,0.8148999810218811,215.01210021972656,56.789395128416125
36.91392340107578,-1.2374094605333381,0.8148999810218811,49.27750015258789,110.59901115989146
36.88946523179763,-1.2485973450764338,0.8148999810218811,46.487300872802734,82.02531355955452
36.90228068822523,-1.237957929962912,0.8773999810218811,127.47630310058594,178.50316956312187
36.905455568175284,-1.2364819675142216,0.8773999810218811,166.66250610351562,172.2760468618641
36.903841373593934,-1.2350327596718518,0.7580000162124634,66.1803970336914,158.07990327024174
36.88908174910702,-1.2548088728438842,0.7580000162124634,22.881500244140625,151.16735850320345
36.89478939845545,-1.2463321217412833,0.7580000162124634,75.81610107421875,42.80812622006669
36.90002438309219,-1.237137455369078,0.7580000162124634,192.00669860839844,192.45013029381954
36.89139602255377,-1.2491904055165421,0.7580000162124634,78.27899932861328,151.43309730755493
36.89538245889555,-1.2401205939738331,0.8205000162124634,71.0271987915039,173.40306246299284
36.888921221469104,-1.2482450760932118,0.8205000162124634,82.94770050048828,42.3638231441154
36.90718569938402,-1.239358087693694,0.8205000162124634,57.531700134277344,52.822273459903364
36.88687449408557,-1.2360494347120372,0.8205000162124634,56.61370086669922,63.49441666087019
36.88335626335441,-1.2355990655056388,0.8205000162124634,27.464099884033203,148.99152357699066
36.89449063868486,-1.2447981909788979,0.8830000162124634,61.04899978637695,183.51510004943535
36.88602726488542,-1.234109725753788,0.8830000162124634,264.80731201171875,149.22758871116736
36.880221515313835,-1.2375922836765294,0.8830000162124634,6307.7985,158.6727108168858
36.886914625995054,-1.246907345777178,0.8830000162124634,92.92230224609375,106.36665726240098
36.91254999795132,-1.2360271392067699,0.7010999917984009,21.00200080871582,110.48612725659578
36.90554475019636,-1.2364641311100073,0.7010999917984009,36.13169860839844,179.3138791475746
36.893750427909985,-1.2473978468930569,0.7635999917984009,138.88800048828125,35.734283990712534
36.90546448637739,-1.2404639447549488,0.7635999917984009,67.48719787597656,99.12693304073
36.91952849109997,-1.238118457600836,0.8260999917984009,38.60660171508789,158.67274578355804
36.881541409225655,-1.2387248953441046,0.8885999917984009,84.85990142822266,43.68735632968338
36.8801858425054,-1.2465550767939553,0.7123000025749207,38.17689895629883,190.22145963613858
36.91235825660602,-1.2362233396531215,0.7123000025749207,37.85969924926758,82.34984218411394
36.891168608400044,-1.2537921978036983,0.7748000025749207,101.21959686279297,66.75806619286223
36.920897435123365,-1.2189710776773395,0.7748000025749207,61.8568000793457,182.84599362093417
36.91745946821116,-1.246100248486504,0.7748000025749207,93.57959747314453,149.91891493966605
36.882616052579536,-1.2362144214510147,0.8373000025749207,526.30859375,156.0895902249928
36.89753174560331,-1.2367450544763747,0.8373000025749207,156.9803924560547,75.15945720146979
36.89566784136298,-1.2454358424295406,0.8373000025749207,107.14250183105469,42.84597751671924
36.92006804232743,-1.2380649483881947,0.8373000025749207,600.0222778320312,148.7575945079143
36.90215137429469,-1.2366960043647868,0.8373000025749207,173.7469940185547,102.18451595690361
36.892876444103514,-1.24130671485405,0.8373000025749207,141.34959411621094,198.28055491833157
36.8926088980403,-1.253439928820476,0.8373000025749207,85.15750122070312,17.650939127803323
36.89756741841174,-1.2418195114751962,0.8998000025749207,190.40919494628906,176.60750025440885
36.89136926794745,-1.2413290103593169,0.8998000025749207,55.90639877319336,198.28053002642446
36.91948835919048,-1.2424259492184646,0.8998000025749207,68.65889739990234,73.60952933431814
36.886446420384445,-1.248459112943777,0.8998000025749207,103.39790344238281,62.1945341406528
36.9193813407652,-1.2395899609484728,0.8998000025749207,243.52850341796875,9.888487623172276
36.91865450729348,-1.2399868209422296,0.7178999781608582,53.85240173339844,16.21249491316449
36.89009842414721,-1.2485259994595785,0.7178999781608582,53.149898529052734,72.11000875611805
36.90634292928492,-1.2398441297085196,0.7803999781608582,30.214599609375,30.155908043451486
36.901099026446076,-1.2365176403226492,0.7803999781608582,217.36489868164062,132.95797770896962
36.886156578815964,-1.247870511604722,0.7803999781608582,448.9476013183594,12.617730971770966
36.89301913533723,-1.2468047864529486,0.7803999781608582,223.25819396972656,116.28141454802838
36.89687625774845,-1.2459530981517404,0.7803999781608582,89.68720245361328,90.78345533856248
36.89347842274572,-1.251308478516929,0.7803999781608582,20.737699508666992,33.444703659199575
36.921080258266564,-1.2377483522133998,0.7803999781608582,129.58070373535156,198.3347613688179
36.90381015988657,-1.24037476273388,0.7803999781608582,99.84559631347656,89.21154210502742
36.90516572660681,-1.2410614642961102,0.7803999781608582,66.32140350341797,168.53445871457575
36.91694667159002,-1.241079300700324,0.7803999781608582,53.51169967651367,168.53444058994472
36.91876598481982,-1.2437592204334453,0.7803999781608582,68.45709991455078,6.232253818621074
36.908407493072666,-1.2393447103905337,0.8428999781608582,23.687400817871094,151.2988258787999
36.89972116422055,-1.2406779816055142,0.8428999781608582,163.63560485839844,99.30264370395061
36.91760661854593,-1.2404461083507352,0.8428999781608582,57.911800384521484,99.12691687186962
36.88299953527013,-1.2482807489016392,0.8428999781608582,326.6011962890625,52.27958375228615
36.90413567426346,-1.2351754509055615,0.8428999781608582,197.66160583496094,172.1631179973645
36.8967469438179,-1.2428361865153819,0.9053999781608582,195.7451934814453,162.50179271145848
36.89564108675665,-1.2438394842524068,0.9053999781608582,200.1103057861328,169.49242964756746
36.90191504193884,-1.2365443949289696,0.9053999781608582,186.46839904785156,116.26773945032465
36.88122927215191,-1.2494847061860697,0.7067000269889832,83.96040344238281,127.02174483197378
36.891913278275965,-1.2541489258879739,0.7692000269889832,45.12080001831055,17.65036997280571
36.921829387243534,-1.220094771142808,0.7692000269889832,226.02099609375,198.66299901245412
36.89274267107191,-1.2534399288204758,0.8317000269889832,95.4894027709961,31.719065498494558
36.89103483536844,-1.2409945777803086,0.8317000269889832,135.12750244140625,158.61908785548772
36.9019195010399,-1.2394294333105493,0.8942000269889832,128.87669372558594,22.00123370248219
36.881394258890886,-1.2454536788337545,0.9567000269889832,7117.63427734375,176.19076433574125
36.88676747566029,-1.249248373830237,0.7860000133514404,55.37459945678711,151.43279426320544
36.90636968389125,-1.2406913589086745,0.7860000133514404,112.43699645996094,129.75379332845438
36.892412697593954,-1.2512549693042876,0.7860000133514404,140.67559814453125,153.20698390935868
36.89208718321705,-1.2517543886222733,0.7860000133514404,56.58580017089844,158.1992493066204
36.89032137919989,-1.2552369465450148,0.8485000133514404,115.90019989013672,24.554712608277093
36.882361883819485,-1.2477768704825996,0.9110000133514404,101.05809783935547,7.212467535459938
36.902815780351645,-1.2375120198575673,0.9110000133514404,193.69729614257812,123.22265831214898
36.885139903775794,-1.2484234401353493,0.7290999889373779,55.85660171508789,62.194632044645154
36.91783403269966,-1.241409274178279,0.7915999889373779,59.05030059814453,106.03452893319077
36.9133080451304,-1.2399957391443366,0.7915999889373779,90.14579772949219,142.5447343532022
36.9026284981074,-1.241079300700324,0.7915999889373779,33.34000015258789,160.90220976976605
36.8959621420325,-1.239549829038992,0.7915999889373779,94.61309814453125,166.41787234870225
36.920616511757,-1.2392956602789458,0.8540999889373779,50.0265998840332,29.773445094605837
36.889063912702824,-1.249529297196604,0.8540999889373779,48.195899963378906,181.17892173173342
36.87884811218937,-1.2489585322617627,0.7347000241279602,47.240299224853516,105.1013493675028
36.90766728229779,-1.2402766625107036,0.7347000241279602,94.81169891357422,165.36698461308563
36.90278456664427,-1.240370303632826,0.7972000241279602,53.95130157470703,89.21158368942588
36.90323047674962,-1.236406162796313,0.7972000241279602,93.4281997680664,3.360465666214147
36.89100362166106,-1.2475762109351949,0.7972000241279602,43.2765998840332,36.95887525070001
36.920906353325464,-1.2397014384748093,0.7972000241279602,47.945701599121094,19.803272179364967
36.882089878655236,-1.2467423590382,0.7972000241279602,83.71330261230469,126.19676615045135
36.91256783435553,-1.2361430758341594,0.7972000241279602,53.53990173339844,103.45582134899688
36.88974615516399,-1.249159191809168,0.8597000241279602,63.861000061035156,141.51751703174412
36.894588738908034,-1.2393179557842127,0.9222000241279602,399.4419860839844,46.78986330435195
36.91686194867,-1.2409767413760948,0.9222000241279602,224.2888946533203,158.61907730330879
36.91430242466532,-1.2405219130686431,0.7402999997138977,372.22039794921875,123.33237506703114
36.88170193686358,-1.2367673499816416,0.7402999997138977,45.125099182128906,184.27853424770626
36.892131774227586,-1.2507778454915688,0.7402999997138977,30.483299255371094,183.14759109365875
36.880667425419176,-1.2402766625107038,0.7402999997138977,56.29600143432617,79.29610674244377
36.92012601064113,-1.242858482020649,0.8027999997138977,106.26260375976562,143.4710682660962
36.90519248121313,-1.2409187730623998,0.8027999997138977,112.28790283203125,148.70373353350806
36.91601026036879,-1.24130671485405,0.8027999997138977,191.71620178222656,198.2805366453574
36.891462909069574,-1.2397638658895576,0.8027999997138977,310.0480041503906,29.71936546371853
36.88996019201456,-1.2391440508431284,0.8027999997138977,157.20680236816406,39.68810504870346
36.91790091921544,-1.2454224651263806,0.8027999997138977,111.16500091552734,106.03436872401811
36.92108471736761,-1.240628931493926,0.8027999997138977,15.607999801635742,118.9568356584275
36.89379947802157,-1.2517320931170062,0.8027999997138977,83.74700164794922,3.5041330052055075
36.89181517805279,-1.2539973164521567,0.8027999997138977,36.15840148925781,3.4516712020576636
36.88532272691898,-1.2347964273160186,0.8652999997138977,195.43089294433594,57.62422899661215
36.87937874521473,-1.247897266211043,0.8652999997138977,451.5422058105469,154.33954516716378
36.88299061706803,-1.2469697731919263,0.8652999997138977,216.28590393066406,96.45086538802722
36.899863855454264,-1.2410525460940034,0.9277999997138977,172.6217041015625,64.12687628901789
36.88448441592092,-1.2490432551817785,0.8083999752998352,199.5574951171875,131.60224750404132
36.890147474258804,-1.2495248380955506,0.8083999752998352,59.8297004699707,181.17901603597178
36.90479116211832,-1.2368877457100849,0.8083999752998352,112.09819793701172,87.85967646338054
36.89988615095953,-1.2405263721696969,0.8708999752998352,168.3708953857422,99.31013680819515
36.88201853303837,-1.2472596147604,0.8708999752998352,113.27880096435547,66.70456616616266
36.89646156135049,-1.2449408822126082,0.8708999752998352,69.25810241699219,21.772246499143975
36.91917176301568,-1.2406646043023537,0.8708999752998352,108.51010131835938,43.66888729038075
36.921842764546696,-1.2195730563195546,0.8708999752998352,185.8970947265625,161.74414396904731
36.88741850441409,-1.246109166688611,0.9333999752998352,1091.3734130859375,175.77420666818497
36.903069949111696,-1.2405397494728572,0.7515000104904175,52.544898986816406,109.04228951927819
36.91616632890566,-1.240187480489635,0.7515000104904175,92.51899719238281,69.38082093220324
36.89217636523812,-1.2525079767003056,0.7515000104904175,167.20889282226562,87.85927318857004
36.89152533648432,-1.2461760532044126,0.8140000104904175,41.67890167236328,185.68923943737647
36.9062492881628,-1.2376413337881176,0.8140000104904175,59.37080001831055,144.22248149566772
36.88342314987021,-1.2356347383140664,0.8140000104904175,47.680999755859375,134.92337978722756
36.901326440599796,-1.242577558654282,0.8140000104904175,65.51519775390625,175.03007703683951
36.911845459984875,-1.236236716956282,0.8140000104904175,24.322399139404297,40.122816719875864
36.89604240585146,-1.245569615461144,0.8765000104904175,118.31790161132812,7.681532331586556
36.8863929111718,-1.249159191809168,0.8765000104904175,112.24909973144531,141.51744542944292
36.89844140221821,-1.2417392476562343,0.8765000104904175,165.44180297851562,113.3219245998052
36.88691908509611,-1.2487846273206786,0.8765000104904175,116.3031005859375,101.85597192201173
36.88456467973989,-1.234417403726476,0.8765000104904175,408.1524963378906,134.82540124665437
36.89316182657093,-1.2407091953128881,0.8765000104904175,98.47550201416016,128.87303123203785
36.89064243447574,-1.2492439147291836,0.757099986076355,39.565399169921875,151.43297936070158
36.89297900342774,-1.2391351326410216,0.757099986076355,187.54730224609375,39.688136176333245
36.90437646572034,-1.2403346308243985,0.757099986076355,71.91609954833984,89.21153946911654
36.891311299633756,-1.249333096750252,0.757099986076355,69.59020233154297,161.34844629059677
36.8926088980403,-1.2466531770171314,0.819599986076355,136.11459350585938,136.1122197291327
36.89194003288229,-1.2473131239730413,0.819599986076355,249.60409545898438,56.7894554725777
36.918627752687165,-1.2400537074580316,0.819599986076355,76.43389892578125,16.212494371369033
36.88086362586553,-1.240267744308597,0.819599986076355,191.6894989013672,79.29614936174093
36.920192897156916,-1.2408162137381709,0.882099986076355,86.13369750976562,138.78788223361857
36.88544758174847,-1.233556797223161,0.882099986076355,193.07980346679688,194.33417256522074
36.90398406482765,-1.2411907782266602,0.7113999724388123,76.19419860839844,178.44980298976822
36.909210131262284,-1.236758431779535,0.7113999724388123,9.134200096130371,10.617932851850359
36.916879785074215,-1.2413334694603706,0.7738999724388123,44.45479965209961,198.28052773882902
36.918556407070305,-1.2391975600557699,0.7738999724388123,204.9591064453125,39.688102038803336
36.8850418035526,-1.2379757663671258,0.7738999724388123,180.7386932373047,174.5455831841313
36.898548420643486,-1.2359647117920218,0.7738999724388123,186.19630432128906,63.55047033372319
36.91898448077144,-1.2378509115376293,0.8363999724388123,99.39969635009766,188.41860950351153
36.891262249522164,-1.2533641241025677,0.8363999724388123,26.757099151611328,94.89397036891681
36.89229230186551,-1.2392243146620905,0.8363999724388123,426.9142150878906,29.77280509903828
36.873104790032535,-1.238087243893462,0.8988999724388123,188.127197265625,158.6731665869098
36.91949727739259,-1.2385286948977532,0.8988999724388123,131.79119873046875,109.09589783560882
36.914819680387524,-1.2410525460940034,0.8988999724388123,133.83970642089844,168.5345167921063
36.89911026737623,-1.2368208591942833,0.7002000212669373,142.87950134277344,162.70406358125172
36.8893715906755,-1.2472685329625068,0.7002000212669373,19.266300201416016,66.70514300863418
36.895110453731284,-1.2382031805208513,0.7002000212669373,133.96099853515625,2.3771900310082343
36.90467522549093,-1.2368119409921765,0.7627000212669373,90.34310150146484,87.85215077361792
36.89261335714136,-1.2393491694915872,0.7627000212669373,67.39839935302734,19.85743211405493
36.88214338786787,-1.246978691394033,0.8252000212669373,287.775390625,86.53533376489771
36.8863929111718,-1.2471570554361708,0.8252000212669373,151.60940551757812,76.62054776005546
36.898227365367646,-1.2417035748478065,0.8252000212669373,142.82049560546875,141.4542796358179
36.9183557475229,-1.2422297487721132,0.8252000212669373,22.865299224853516,46.15315319674896
36.91794105112493,-1.242488376633213,0.8252000212669373,31.87179946899414,96.05426331016923
36.88463602535675,-1.234729540800217,0.8252000212669373,199.14230346679688,106.69664989239772
36.90366746865286,-1.2373113603101622,0.8252000212669373,121.7394027709961,31.753389360518906
36.903168049334866,-1.2405308312707501,0.7057999968528748,39.00310134887695,109.042285549568
36.8822548653942,-1.2372088009859332,0.7682999968528748,31.228599548339844,106.90000194635091
36.91302266266298,-1.2399868209422296,0.7682999968528748,78.32379913330078,163.6582092336909
36.8855501410727,-1.2346760315875758,0.7682999968528748,231.73379516601562,75.38298393500305
36.89415620610586,-1.2453778741158459,0.7682999968528748,163.50950622558594,169.42811405231495
36.89169478232434,-1.2495114607923903,0.8307999968528748,67.81999969482422,181.17923307020072
36.89190881917492,-1.2488158410280528,0.8307999968528748,174.37860107421875,101.85635760815705
36.89292103511405,-1.2460511983749163,0.8307999968528748,197.56919860839844,195.60431976017617
36.89101253986317,-1.2472640738614535,0.8307999968528748,77.58090209960938,66.7049649957104
36.8962207698936,-1.2459441799496336,0.8307999968528748,63.824501037597656,34.526385333187726
36.894120533297425,-1.2475004062172863,0.8307999968528748,159.28419494628906,0.5660781435560004
36.886147660613865,-1.2489050230491217,0.8307999968528748,92.33989715576172,111.77136968947957
36.88557689567903,-1.247308664871988,0.8307999968528748,119.75890350341797,56.78976864131263
36.901553854753516,-1.236406162796313,0.8932999968528748,160.39630126953125,113.12727619794175
36.906864644108175,-1.238167507712424,0.8932999968528748,143.09390258789062,59.722489565758345
36.89307264454987,-1.2385331539988065,0.8932999968528748,307.2090148925781,109.09567280173911
36.893598818474175,-1.2460957893854507,0.7170000076293945,27.762500762939453,155.33352566140204
36.89882488490882,-1.236566690434237,0.7170000076293945,51.26599884033203,132.95798960028534
36.88953657741449,-1.2473755513877895,0.7170000076293945,69.07489776611328,56.7897654060246
36.91353100018308,-1.2362099623499612,0.7170000076293945,29.86009979248047,173.84170131252029
36.90115253565871,-1.2428495638185424,0.7170000076293945,42.00590133666992,182.0734655648261
36.879418877124216,-1.2475227017225534,0.7795000076293945,36.88130187988281,175.44162730346304
36.91854302976714,-1.2415341290077753,0.7795000076293945,18.590599060058594,26.192712313326478
36.901009844425,-1.2396256337569007,0.8420000076293945,192.13079833984375,85.28323582222104
36.87973993240006,-1.2483208808111201,0.8420000076293945,193.23129272460938,91.03325561639046
36.8917750461433,-1.2531590054541089,0.722599983215332,43.32929992675781,66.75759071066469
36.89289873960878,-1.2534488470225829,0.785099983215332,102.5281982421875,38.75312904459356
36.893750427909985,-1.2469028866761245,0.785099983215332,45.59659957885742,77.94600243671651
36.8859247055612,-1.2348633138318206,0.785099983215332,465.5775146484375,63.40898386317769
36.91341060445464,-1.239554288140046,0.785099983215332,89.6604995727539,93.31754299681097
36.89763430492754,-1.2420157119215478,0.847599983215332,170.29420471191406,155.50353590041541
36.891668027718026,-1.2466219633097575,0.847599983215332,123.33429718017578,136.1124085666401
36.882098796857335,-1.247268532962507,0.847599983215332,163.9709930419922,66.70458690949371
36.883244785828076,-1.2392555283694646,0.847599983215332,104.7958984375,132.21319905624952
36.8911061809853,-1.2403346308243983,0.910099983215332,244.12100219726562,89.21154737617235
36.89417850161112,-1.2408741820518654,0.910099983215332,195.6544952392578,153.09801834156661
36.90541097716475,-1.2410703824982174,0.7282000184059143,119.54840087890625,168.53447101382963
36.891779505244365,-1.2391172962368078,0.7282000184059143,161.33639526367188,49.603535553300766
36.91647400687835,-1.2378509115376293,0.7282000184059143,27.026500701904297,188.4186071527588
36.883356263354415,-1.246978691394033,0.7282000184059143,75.30280303955078,96.45093143706231
36.90401973763608,-1.2365577722321301,0.7907000184059143,76.78269958496094,52.64039250024219
36.89586850091038,-1.2391975600557699,0.7907000184059143,234.86489868164062,131.2588195413155
36.89357652296891,-1.2519327526644113,0.7907000184059143,15.233799934387207,23.4645080881403
36.90199084665676,-1.2377840250218275,0.7907000184059143,185.65789794921875,189.60881609815965
36.88589795095488,-1.235318142139272,0.8532000184059143,90.0270004272461,35.28275010430916
36.8948696622744,-1.2383815445629893,0.8532000184059143,95.58999633789062,9.430058853315753
36.89034367470516,-1.2403970582391468,0.8532000184059143,169.37559509277344,99.12693988536557
36.88962575943556,-1.240058166559085,0.8532000184059143,180.72900390625,59.46554131377405
36.88668275274028,-1.247005446000354,0.8532000184059143,61.861698150634766,96.4512856493583
36.88794467833841,-1.2383860036640428,0.8532000184059143,28.70199966430664,41.877356961353854
36.90421593808243,-1.2406423087970864,0.7337999939918518,123.22059631347656,128.87298918144293
36.90479116211832,-1.241168482721393,0.7337999939918518,79.26329803466797,178.44980962703997
36.892929953316155,-1.2543049944248446,0.7337999939918518,86.6989974975586,109.09308466080687
36.89620739259044,-1.2388007000620131,0.7962999939918518,93.6415023803711,131.28891408596834
36.89278726208244,-1.2536182928626138,0.7962999939918518,149.60580444335938,38.753053929426294
36.89206042861073,-1.239879802516947,0.7962999939918518,123.69999694824219,39.634728774823785
36.90433187470982,-1.24078945913185,0.7962999939918518,117.4113998413086,138.78835181401783
36.917548650232234,-1.244294312559859,0.7962999939918518,30.87849998474121,135.97506380886347
36.88773510058889,-1.2384751856851117,0.7962999939918518,448.2998046875,70.02115356695636
36.887543359243594,-1.2471793509414377,0.7962999939918518,198.92880249023438,76.62057531048592
36.87623507897205,-1.2404951584623225,0.9212999939918518,944.1259155273438,109.04156594780257
36.89449955688697,-1.239674683868489,0.9212999939918518,170.28860473632812,67.87327807371341
36.88944293629236,-1.2479909073331652,0.7505999803543091,113.93710327148438,12.61777017519779
36.88962575943555,-1.2548445456523114,0.7505999803543091,74.07630157470703,108.96305442594058
36.90485358953307,-1.2412219919340346,0.7505999803543091,45.135101318359375,188.36517224049967
36.90553137289319,-1.2398976389211613,0.7505999803543091,22.87820053100586,39.63476276519933
36.89953388197631,-1.237039355145902,0.7505999803543091,88.73290252685547,182.53477383108182
36.88354354559865,-1.2486909861985562,0.7505999803543091,14.684599876403809,91.94094016451952
36.88570620960957,-1.2343951082212088,0.8130999803543091,244.83290100097656,107.75953734883127
36.90317250843592,-1.237627956484957,0.8130999803543091,84.45500183105469,95.06378105407958
36.89115969019793,-1.2548267092480976,0.8130999803543091,62.46120071411133,10.615854353448464
36.91482859858963,-1.2399556072348557,0.8130999803543091,94.22090148925781,49.55016625633867
36.89404026947845,-1.2457925705138164,0.8130999803543091,276.9543151855469,141.28065094537536
36.91852965246399,-1.2389523094978303,0.8755999803543091,66.73729705810547,69.43418921892385
36.91467253005276,-1.2376725474954917,0.8755999803543091,104.11000061035156,152.848534389307
36.894833989465965,-1.2392912011778923,0.8755999803543091,67.30829620361328,60.87302952727487
36.89245728860449,-1.2525748632161078,0.7394000291824341,142.4801025390625,66.75707974695854
36.8913648088464,-1.2528513274814213,0.7394000291824341,35.15570068359375,130.06386394782862
36.89202921490336,-1.253827870612126,0.7394000291824341,48.3390007019043,3.582527186312614
36.89154317288853,-1.2470901689203693,0.8019000291824341,119.8833999633789,86.53560773772314
36.91306725367352,-1.2391172962368076,0.8019000291824341,39.842201232910156,86.31730835650329
36.88479655299467,-1.2379445526597517,0.8019000291824341,54.48440170288086,146.40177357944327
36.91943484997784,-1.239777243192718,0.8019000291824341,165.2335968017578,29.7191758632262
36.88652668420341,-1.2489629913628166,0.8644000291824341,120.48300170898438,121.68671443370744
36.886798689367666,-1.2489005639480681,0.8644000291824341,98.30439758300781,111.77134058669938
36.88900148528807,-1.2493553922555196,0.8644000291824341,51.073001861572266,161.34818916107616
36.904617257177236,-1.236437376503687,0.8644000291824341,195.6042938232422,101.89771090940226
36.90626712456701,-1.2413334694603706,0.8644000291824341,180.94650268554688,198.28061390821787
36.91710274012689,-1.2408741820518654,0.8644000291824341,37.22700119018555,148.70371780061137
36.880056528574855,-1.2395542881400459,0.8644000291824341,86.6792984008789,0.02693167750820559
36.880908216876065,-1.250327476285171,0.8644000291824341,78.38420104980469,162.19183017828826
36.90085823498918,-1.2412398283382482,0.9269000291824341,166.6486053466797,34.33080244310815
36.88350787279023,-1.2350104641665842,0.9269000291824341,200.14210510253906,177.09768021848637
36.918373583927114,-1.2451415417600133,0.7450000047683716,55.39899826049805,46.15310360028392
36.8835970548113,-1.2383503308556152,0.7450000047683716,180.57589721679688,90.06145801051431
36.88344990447653,-1.247487028914126,0.7450000047683716,76.62570190429688,46.87413095358227
36.88930024505865,-1.2551388463218391,0.8075000047683716,48.79029846191406,108.96326677754212
36.88596037836962,-1.233998248227452,0.8075000047683716,301.3330078125,154.4653399471864
36.899025544456215,-1.2407047362118346,0.8075000047683716,77.86519622802734,148.52772859966964
36.891146312894776,-1.2493241785481455,0.7617999911308289,25.251800537109375,161.3484183877428
36.87999856026117,-1.2402499079043832,0.7617999911308289,81.82209777832031,79.29596816600213
36.890704861890484,-1.2483208808111201,0.8242999911308289,42.26150131225586,52.279357197949935
36.90344897270123,-1.237400542331231,0.8242999911308289,111.03730010986328,52.85936399757401
36.92051395243277,-1.2404327310475745,0.8242999911308289,29.69339942932129,99.12629940408148
36.89287198500245,-1.2477055248657445,0.8242999911308289,64.25530242919922,17.127802416463272
36.89810696963921,-1.2352735511287378,0.8242999911308289,116.41100311279297,5.857031449033741
36.88329383593966,-1.2469920686971934,0.8242999911308289,143.2998046875,96.45091543255595
36.89284968949719,-1.247415683297271,0.8867999911308289,152.72540283203125,46.87391209170682
36.896943144264256,-1.2385242357966997,0.8867999911308289,201.20179748535156,166.50065445212357
36.89976575523109,-1.2414538651888138,0.8867999911308289,152.89199829101562,35.98326470973759
36.88340085436494,-1.2462384806191606,0.9492999911308289,991.8541259765625,155.94312617816232
36.889402804382875,-1.2550764189070907,0.7562000155448914,92.3927993774414,108.96321477663979
36.88425254266615,-1.2383637081587755,0.7562000155448914,86.36380004882812,139.32628325918293
36.90011356511326,-1.2408117546371176,0.8187000155448914,54.12739944458008,57.10595969457599
36.89357206386785,-1.2474914880151793,0.8187000155448914,164.26809692382812,36.9583803572447
36.90860815262007,-1.239647929262168,0.8187000155448914,56.802799224853516,186.4690455221006
36.918699098304025,-1.2397371112832367,0.8187000155448914,138.24169921875,6.232263222417131
36.88562594579061,-1.2485438358637924,0.8187000155448914,203.2720947265625,82.02531767523357
36.89243499309922,-1.2536272110647206,0.8187000155448914,47.20029830932617,17.650792495013775
36.916416038564655,-1.2413290103593169,0.8187000155448914,99.69490051269531,198.2805293246278
36.880283942728575,-1.2396523883632216,0.8187000155448914,118.87909698486328,19.803850600950863
36.90368530505706,-1.2366291178489848,0.8812000155448914,193.58639526367188,17.458742203774104
36.89507924002391,-1.2471035462235294,0.8812000155448914,53.58869934082031,41.60771140871756
36.88188921910781,-1.2482183214868912,0.8812000155448914,102.59519958496094,42.364451053222815
36.89325546769306,-1.2393848423000149,0.8812000155448914,234.26229858398438,9.94203241691037
36.8834142316681,-1.2481469758700359,0.7160999774932861,104.04750061035156,32.44877536526505
36.91559110486977,-1.2397906204958782,0.7160999774932861,15.77079963684082,29.71939002427303
36.88488127591468,-1.233971493621131,0.7160999774932861,32.189701080322266,167.94527458048586
36.89330005870358,-1.253288319384659,0.7785999774932861,98.51699829101562,59.85547641114591
36.90255269338949,-1.2387248953441046,0.7785999774932861,180.58059692382812,89.26492233750344
36.89294778972036,-1.2467022271287196,0.7785999774932861,132.6750030517578,126.19679794522068
36.89520409485341,-1.2450256051326238,0.7785999774932861,13.788800239562988,113.18621336299971
36.879218217576806,-1.2405263721696969,0.7785999774932861,85.82440185546875,109.04190179731387
36.88568837320536,-1.2474335197014845,0.7785999774932861,96.71759796142578,46.8744125968358
36.88423916536299,-1.2384618083819516,0.8410999774932861,160.47279357910156,146.3565870952752
36.89730879055064,-1.2374272969375522,0.8410999774932861,228.7602996826172,110.2883591437005
36.91742379540273,-1.2417392476562341,0.8410999774932861,126.34290313720703,155.93564808925916
36.90463509358145,-1.2365265585247558,0.8410999774932861,181.77200317382812,108.93554557506772
36.89120874030952,-1.2392644465715716,0.8410999774932861,207.81739807128906,29.772804513552607
36.89342937263414,-1.2393714649968544,0.8410999774932861,164.2393035888672,19.857388675473178
36.89680491213159,-1.2378464524365758,0.8410999774932861,165.12100219726562,96.18255813717983
36.906039710413296,-1.2377260567081325,0.9035999774932861,257.5755920410156,116.0786881360223
36.893821773526845,-1.2469876095961399,0.7049000263214111,42.58919906616211,63.87795969768471
36.87677463019952,-1.2380738665903015,0.7049000263214111,37.04800033569336,158.6731820440877
36.90473319380462,-1.237837534234469,0.7049000263214111,24.34149932861328,10.518769848337325
36.89097240795369,-1.2480934666573944,0.7049000263214111,51.744998931884766,22.53330448851443
36.903948392019224,-1.2405352903718037,0.7674000263214111,122.71440124511719,109.04226589609718
36.887119744643506,-1.234497667545438,0.7674000263214111,103.44779968261719,197.08527380056034
36.914440656797986,-1.237850911537629,0.7674000263214111,13.692399978637695,117.67443064481296
36.89656412067471,-1.2430858961743747,0.8299000263214111,170.50210571289062,155.46211229620738
36.91533247700867,-1.2377126794049726,0.8299000263214111,53.950199127197266,195.0830036137114
36.89511491283234,-1.2472506965582932,0.8299000263214111,84.32080078125,55.67954263105915
36.918650048192426,-1.2426801179785116,0.8299000263214111,14.874799728393555,16.212478611495584
36.90697166253346,-1.2410926780034846,0.8299000263214111,129.22439575195312,184.4584914637054
36.90756026387251,-1.2400091164474971,0.8924000263214111,430.81109619140625,123.16272886378002
36.8898799281956,-1.2463053671349629,0.8924000263214111,84.0978012084961,175.774090878281
36.9048312940278,-1.2403212535212385,0.8924000263214111,162.42239379882812,89.2115465187932
36.905602718510046,-1.237949011760805,0.8924000263214111,156.38819885253906,73.866756007987
36.917923214720716,-1.2412353692371947,0.7105000019073486,8.698399543762207,96.0543084049306
36.91411960152213,-1.2398352115064124,0.7730000019073486,88.73410034179688,65.1437022151933
36.918966644367224,-1.2440668984061327,0.7730000019073486,78.0260009765625,23.70839857587768
36.902976307989576,-1.2372935239059488,0.7730000019073486,27.142200469970703,81.01824052854745
36.894383620259575,-1.2404104355423071,0.7730000019073486,27.330900192260742,119.28736467297878
36.914204324442146,-1.2390727052262736,0.8355000019073486,63.8129997253418,5.1744281453925955
36.88503734445156,-1.2378642888407896,0.8355000019073486,101.46510314941406,160.4849798130605
36.902815780351645,-1.2382343942282257,0.8980000019073486,76.24019622802734,138.84175730544314
36.882861303137474,-1.2491012234954733,0.7272999882698059,99.06289672851562,131.60250816803403
36.88163950944883,-1.2367718090826956,0.7272999882698059,23.933799743652344,191.31636470899517
36.906160106141726,-1.2407091953128884,0.7897999882698059,61.625701904296875,128.87306828043862
36.89115523109688,-1.2528245728751004,0.7897999882698059,55.277198791503906,144.13198593299518
36.883842305369235,-1.238198721419798,0.7897999882698059,58.22639846801758,90.07651117137453
36.91568028689084,-1.240976741376095,0.7897999882698059,51.00590133666992,158.61909891017888
36.89139156345271,-1.2389612276999376,0.7897999882698059,232.62710571289062,59.518895180948505
36.91215313795756,-1.2393670058958008,0.7897999882698059,47.68920135498047,177.78651017496554
36.88002085576643,-1.2491368963039007,0.8522999882698059,125.61740112304688,0.4091402949280331
36.88725797677617,-1.2462340215181076,0.8522999882698059,213.75950622558594,175.77420478435639
36.8896213003345,-1.2480221210405393,0.8522999882698059,81.0457992553711,12.617785215608842
36.889215522138635,-1.2463722536507644,0.8522999882698059,129.89739990234375,165.85878790222083
36.90595052839222,-1.2405486676749637,0.9147999882698059,210.02369689941406,118.95769180666646
36.876912862332176,-1.2411417281150723,0.9147999882698059,1173.551025390625,188.36449762299532
36.89350517735205,-1.2467066862297729,0.7217000126838684,68.37370300292969,113.11421218030881
36.89063797537468,-1.2464614356718333,0.7217000126838684,55.01940155029297,155.94328276887256
36.919372422563086,-1.2415118335025084,0.7217000126838684,50.252601623535156,63.62932738504062
36.918721393809285,-1.244307689863019,0.7217000126838684,14.55049991607666,6.232252562125751
36.892082724116,-1.2505102994283623,0.7842000126838684,50.71900177001953,193.1278027018602
36.914543216122205,-1.2397950795969317,0.7842000126838684,79.9791030883789,32.27863455660729
36.90069324825021,-1.238898800285189,0.7842000126838684,379.847412109375,162.66692386875826
36.90611997423225,-1.2407582454244759,0.7842000126838684,153.01840209960938,138.78843084796824
36.90581229625957,-1.2404015173402,0.7842000126838684,123.92060089111328,99.12696026401709
36.894044728579516,-1.2478214614931342,0.8467000126838684,274.2193908691406,20.545472933701774
36.88515328107894,-1.235487587979303,0.8467000126838684,177.58030700683594,15.265018907701002
36.89403581037741,-1.2405352903718034,0.8467000126838684,127.57450103759766,112.20127506274828
36.90079580757443,-1.237146373571185,0.8467000126838684,71.03359985351562,192.45014109229953
36.919082580994605,-1.2429476640417179,0.8467000126838684,46.46289825439453,33.68862940619629
36.896773698424234,-1.2429342867385578,0.9092000126838684,188.5373992919922,155.46588167015338
36.90308332641485,-1.2374317560386057,0.9092000126838684,193.47250366210938,95.07884631387157
36.88904161719755,-1.2496140201166197,0.7384999990463257,56.54570007324219,191.0942795431264
36.91261242536606,-1.2386357133230355,0.7384999990463257,39.65190124511719,86.35491678231313
36.90461279807618,-1.2406110950897122,0.7384999990463257,102.91280364990234,118.95763031041565
36.87751484097439,-1.2405040766644295,0.8009999990463257,22.61199951171875,109.04166620431636
36.9051478902026,-1.240477322058109,0.8009999990463257,111.20909881591797,109.04228328155443
36.88336072245546,-1.249092305293366,0.8009999990463257,102.18840026855469,131.60242476060978
36.91531464060445,-1.2379177980534313,0.8009999990463257,21.24489974975586,178.50320578772286
36.884693993670446,-1.23629914437103,0.8009999990463257,83.37100219726562,12.818491849642934
36.913526541082014,-1.2371062416617038,0.8009999990463257,41.39780044555664,103.53861594898837
36.92200329218463,-1.2387873227588528,0.8009999990463257,237.10549926757812,79.35070140992798
36.88081457575394,-1.237717138506026,0.8009999990463257,762.6580810546875,163.26276306188115
36.91770917787015,-1.246568454097116,0.8009999990463257,163.8227996826172,149.15144317220577
36.8839314873903,-1.2470767916172085,0.8634999990463257,126.91729736328125,86.53567077973436
36.90357382753073,-1.2363303580784044,0.8634999990463257,88.55500030517578,38.54212234501153
36.884158901544026,-1.2355009652824631,0.8634999990463257,406.6449890136719,92.68881260869779
36.8918820645686,-1.2481291394658223,0.9259999990463257,420.21929931640625,42.36419391603662
36.89352301375627,-1.2402097759949025,0.9259999990463257,178.21499633789062,79.29624938880926
36.9088444849759,-1.239206478257877,0.7440999746322632,49.59870147705078,172.40094465946098
36.871940964657576,-1.2385331539988065,0.7440999746322632,19.69770050048828,109.09623206951683
36.90749337735671,-1.2388408319714945,0.8065999746322632,52.80419921875,38.75413593576195
36.88102861260451,-1.2498102205629709,0.8690999746322632,122.65740203857422,127.02171150587996
36.912964694349284,-1.238448431078791,0.8690999746322632,38.225399017333984,44.14298496005916
36.91250540694078,-1.2385153175945929,0.7329000234603882,92.20780181884766,86.36244061361684
36.92124970410659,-1.240160725883314,0.7954000234603882,53.7588996887207,69.37996274905636
36.91845384774608,-1.2419711209110131,0.7954000234603882,49.084800720214844,36.17293288187434
36.912813084913466,-1.2387962409609596,0.7954000234603882,76.8333969116211,86.33987126613947
36.915858650932975,-1.2407047362118346,0.7954000234603882,32.97840118408203,128.8730041572969
36.89268470275822,-1.2471927282445983,0.7954000234603882,150.9835968017578,76.62004054347491
36.91289334873244,-1.2361698304404802,0.7954000234603882,78.1051025390625,124.57685908544445
36.91358896849677,-1.2408652638497584,0.7954000234603882,158.04409790039062,186.40345311929053
36.9183557475229,-1.2395409108368853,0.8579000234603882,40.238800048828125,0.02666548808065724
36.91701355810582,-1.2419622027089066,0.8579000234603882,109.91560363769531,195.8565322423117
36.90165641407775,-1.2409455276687207,0.8579000234603882,79.3865966796875,69.47663800251514
36.91515857206758,-1.2403301717233455,0.8579000234603882,38.678001403808594,89.21159013871404
36.898628684462466,-1.2356525747182805,0.9204000234603882,173.6876983642578,33.80437863974338
36.89108388548003,-1.24077608182869,0.9204000234603882,351.8830871582031,138.7883601223094
36.913522081980965,-1.239478483422137,0.755299985408783,97.79930114746094,79.24940907072062
36.89199800119599,-1.2473755513877898,0.755299985408783,138.94960021972656,56.78942215399478
36.88342314987021,-1.2484858675500974,0.817799985408783,111.91329956054688,72.11022874613437
36.90484467133096,-1.2371865054806659,0.817799985408783,67.84429931640625,66.76875374686394
36.88319573571648,-1.2483476354174405,0.880299985408783,223.23550415039062,62.194913400658244
36.91322778131144,-1.238577745009341,0.880299985408783,47.05350112915039,30.05980604027426
36.88627251544335,-1.2490700097880993,0.880299985408783,111.52529907226562,131.60209133622936
36.912260156382835,-1.2363303580784042,0.880299985408783,115.45339965820312,68.28169998598509
36.91471266196224,-1.2375922836765294,0.880299985408783,51.86249923706055,159.87884605428263
36.89906567636569,-1.24090539575924,0.880299985408783,124.61409759521484,134.455919104469
36.918444929543966,-1.2377260567081325,0.880299985408783,103.90850067138672,198.33390612384306
36.906788839390266,-1.2398039977990387,0.7497000098228455,63.87910079956055,59.856375957674
36.88917093112809,-1.2478972662110428,0.7497000098228455,20.616600036621094,2.7023868495288936
36.88918876753231,-1.238359249057722,0.7497000098228455,47.494998931884766,56.65223571332214
36.891351431543235,-1.2476297201478361,0.7497000098228455,28.0575008392334,27.04345753212102
36.88721784486669,-1.2476832293604774,0.7497000098228455,39.791900634765625,17.128393474617507
36.892167447036016,-1.247598506440462,0.7497000098228455,124.45010375976562,27.043315214239993
36.91962213222208,-1.2425909359574423,0.7497000098228455,9.348299980163574,93.56996962677296
36.909201213060186,-1.2390058187104718,0.8122000098228455,37.71030044555664,186.4690297928303
36.89416512430797,-1.23945618791687,0.8122000098228455,275.7305908203125,18.63105367135998
36.89810251053815,-1.2427157907869384,0.8122000098228455,190.7541961669922,71.09144677455441
36.87973547329901,-1.240807295536064,0.8122000098228455,82.54889678955078,138.78808908726697
36.91705814911635,-1.2447402226652031,0.8122000098228455,60.585601806640625,195.85632839888953
36.90247688867157,-1.2397504885863972,0.8747000098228455,47.535099029541016,19.804064191214984
36.89287198500246,-1.2524009582750233,0.8747000098228455,69.76840209960938,45.65472875812828
36.89815156064974,-1.2369858459332608,0.8747000098228455,223.97659301757812,138.4773982929022
36.89541813170398,-1.2448606183936461,0.8747000098228455,138.9990997314453,113.19377731817893
36.89290765781088,-1.2466531770171314,0.8747000098228455,115.63400268554688,136.1121409064035
36.896385756632576,-1.2431661599933368,0.8747000098228455,142.41619873046875,162.4867118726557
36.883195735716484,-1.2389032593862428,0.7039999961853027,79.19349670410156,97.05414430878483
36.89529773597553,-1.2520130164833734,0.7664999961853027,58.14780044555664,166.15905183077442
36.90408662415187,-1.241039168790843,0.7664999961853027,140.45680236816406,168.53443977805014
36.915430577231845,-1.238087243893462,0.7664999961853027,23.430400848388672,158.6724862359414
36.90375665067393,-1.2398396706074661,0.7664999961853027,145.98829650878906,39.63472958817253
36.88680760756977,-1.2487132817038233,0.7664999961853027,153.22509765625,91.94061380393997
36.91386543276208,-1.2367628908805886,0.7664999961853027,55.548500061035156,159.81117771004082
36.902517020581065,-1.238658008828303,0.7664999961853027,128.16709899902344,99.18028469424733
36.89005829223773,-1.2483342581142804,0.7664999961853027,68.41130065917969,52.27928204725474
36.90637860209335,-1.2406200132918193,0.7664999961853027,274.5846862792969,119.06750705875318
36.89292103511405,-1.2474558152067514,0.8289999961853027,104.50980377197266,46.87387200338848
36.90756026387251,-1.239019196013632,0.8289999961853027,61.18980026245117,59.85627257785827
36.89350071825099,-1.240588799584445,0.8289999961853027,149.3699951171875,118.95769268682851
36.90141562262085,-1.2381229167018892,0.8289999961853027,141.1450958251953,178.19412282469597
36.8915654683938,-1.2555892155282369,0.7095999717712402,186.97560119628906,102.05800533041179
36.892501879615025,-1.2511434917779511,0.7095999717712402,60.243499755859375,143.2268035668325
36.904287283699276,-1.2402409897022761,0.7095999717712402,59.655601501464844,79.29617654616196
36.8941517470048,-1.247437978802538,0.7720999717712402,71.9811019897461,7.6019963824526116
36.88166626405515,-1.2494222787713214,0.7720999717712402,32.99140167236328,148.12387049861977
36.918128333369175,-1.242488376633213,0.7720999717712402,45.28609848022461,76.09381740726563
36.89512829013551,-1.2383191171482413,0.8345999717712402,86.8561019897461,11.690947107373162
36.90692707152292,-1.236780727284802,0.8345999717712402,213.53550720214844,158.19919524809566
36.88617887432124,-1.2353270603413788,0.8345999717712402,136.01390075683594,56.40381850928176
36.88459143434621,-1.2483788491248147,0.8345999717712402,207.57260131835938,72.1100558898643
36.88730702688776,-1.2486062632785406,0.8970999717712402,98.84660339355469,82.02523868205428
36.894472802280646,-1.2395899609484728,0.8970999717712402,180.05270385742188,60.84296823237576
36.88027056542543,-1.2467735727455744,0.8970999717712402,267.3970947265625,161.39370993829888
36.88961684123345,-1.246506026682368,0.7609000205993652,117.44499969482422,146.0280265367356
36.88003423306959,-1.2399333117295888,0.7609000205993652,93.37439727783203,49.54988065593645
36.880225974414884,-1.239888720719054,0.7609000205993652,47.29610061645508,39.63455608305186
36.879409958922096,-1.2398352115064124,0.7609000205993652,52.04180145263672,29.71903359375546
36.89288090320456,-1.2533507467994072,0.8234000205993652,217.48739624023438,31.719140858485414
36.883980537501884,-1.2494847061860697,0.8234000205993652,170.66650390625,181.17913941756993
36.90180802351357,-1.2370126005395814,0.8859000205993652,142.99400329589844,158.45707906495866
36.89245282950343,-1.254077580271119,0.8859000205993652,96.45439910888672,52.82073954201956
36.907890237350465,-1.2388363728704408,0.8859000205993652,52.1067008972168,66.89029846264096
36.9220434240941,-1.220090312041754,0.8859000205993652,89.44110107421875,187.269266760642
36.883900273682926,-1.2486463951880222,0.8859000205993652,105.32849884033203,82.02551886158327
36.89618063798411,-1.2450122278294633,0.7152000069618225,5.501399993896484,35.83274114499792
36.88968818685031,-1.247759034078386,0.7777000069618225,94.35330200195312,17.128296639913383
36.891275626825326,-1.2529449686035439,0.7777000069618225,109.85600280761719,130.06393262986703
36.89128900412849,-1.254719690822815,0.7777000069618225,110.57620239257812,10.6159174122271
36.89243053399816,-1.2468672138676968,0.7777000069618225,99.7593994140625,106.36616755828976
36.90654804793338,-1.2401428894791005,0.7777000069618225,99.818603515625,77.73289809127091
36.91174290066064,-1.2365042630194887,0.7777000069618225,64.74030303955078,11.994066874428192
36.90842978857793,-1.2398530479106267,0.7777000069618225,345.619384765625,193.50310258375265
36.89257322523188,-1.239786161394825,0.7777000069618225,324.4403991699219,29.71937698239674
36.916616698112065,-1.238769486354639,0.7777000069618225,128.61399841308594,79.34962228503035
36.89478048025333,-1.2408162137381709,0.7777000069618225,138.1011962890625,174.80655005560814
36.89231459737078,-1.251589401883296,0.7777000069618225,22.45680046081543,151.16502913413615
36.88689233048978,-1.2491279781017937,0.8402000069618225,199.10629272460938,141.51742802661755
36.91775822798174,-1.2383904627650961,0.8402000069618225,48.87620162963867,128.9264119202219
36.89263119354558,-1.2470767916172085,0.8402000069618225,270.6077880859375,86.5354037641568
36.8850418035526,-1.2381095393987294,0.8402000069618225,152.63319396972656,181.5758848790581
36.91261688446713,-1.2387115180409443,0.8402000069618225,129.01600646972656,93.38522311324265
36.90168762778512,-1.2362723897647094,0.9027000069618225,221.5756072998047,103.21192552644305
36.893852987234226,-1.2388229955672803,0.9027000069618225,77.53949737548828,51.69459515479871
36.895810532596684,-1.2382433124303325,0.9027000069618225,184.4375,53.91792639649535
36.90271322102741,-1.2371107007627573,0.72079998254776,184.45730590820312,95.10898540640468
36.91668358462786,-1.240798377333957,0.72079998254776,19.46139907836914,138.788351766233
36.915822978124545,-1.238559908605127,0.72079998254776,63.7953987121582,109.09569471376211
36.91488656690332,-1.239625633756901,0.72079998254776,44.93550109863281,9.888709329543458
36.886950298803484,-1.2485037039543112,0.84579998254776,113.32959747314453,72.10988178930594
36.88929132685654,-1.247696606663638,0.84579998254776,26.16029930114746,17.12833339472408
36.919497277392594,-1.2437547613323916,0.84579998254776,39.393001556396484,73.6094922717049
36.87934753150735,-1.239995739144337,0.84579998254776,80.793701171875,49.5497424564859
36.887035021723506,-1.2460467392738628,0.84579998254776,141.46009826660156,195.60492779430126
36.90154493655142,-1.2365265585247558,0.90829998254776,94.00920104980469,123.04264388200214
36.88217014247419,-1.247767952280493,0.90829998254776,136.69850158691406,7.2124277412811635
36.90795266476522,-1.2393625467947473,0.7319999933242798,41.710201263427734,116.12862322301726
36.88604510128963,-1.2470857098193158,0.7319999933242798,24.96299934387207,86.5358909657201
36.91278633030715,-1.2391886418536633,0.7944999933242798,53.49020004272461,114.46109856087106
36.88104644900872,-1.250407740104133,0.7944999933242798,153.82229614257812,176.259889518997
36.90210232418309,-1.2373425740175363,0.7944999933242798,203.56430053710938,165.46475907230948
36.91592999654982,-1.2381273758029432,0.7944999933242798,65.47579956054688,158.67250932120945
36.88196056472468,-1.248499244853258,0.8569999933242798,113.25389862060547,72.11052002091965
36.908559102508484,-1.2371062416617036,0.8569999933242798,83.80609893798828,17.518277464979832
36.892127315126544,-1.2412844193487826,0.8569999933242798,67.01080322265625,188.36516847763832
36.882317292808956,-1.249609561015566,0.8569999933242798,211.7133026123047,191.09480010780794
36.899917364666905,-1.2412621238435153,0.9194999933242798,190.62550354003906,43.02291574658872
36.91907812189356,-1.2445796950272792,0.7264000177383423,62.01369857788086,33.68860904118098
36.89261335714135,-1.252779981864566,0.7264000177383423,98.09549713134766,38.62097189164707
36.914057174107384,-1.2389969005083645,0.7264000177383423,7.718599796295166,1.870910880114548
36.906860185007126,-1.2404327310475745,0.7889000177383423,38.391700744628906,118.5339835166652
36.89813818334658,-1.2422565033784339,0.7889000177383423,100.66500091552734,99.2388364757543
36.89522193125762,-1.2404104355423073,0.7889000177383423,184.89219665527344,180.41833754332833
36.88944293629236,-1.246662095219238,0.7889000177383423,129.52499389648438,136.1126784117934
36.89276496657718,-1.239438351512656,0.8514000177383423,225.9239959716797,9.94206620246572
36.90014477882063,-1.2368476138006037,0.8514000177383423,73.27110290527344,162.7040437993464
36.895476100017675,-1.2399957391443366,0.8514000177383423,96.79129791259766,166.38027272412586
36.91264363907344,-1.2376368746870636,0.8514000177383423,101.6875,9.021547567722127
36.89671573011053,-1.239010277811525,0.8514000177383423,98.65360260009766,187.5765084256123
36.88688341228768,-1.2345957677686137,0.8514000177383423,259.03289794921875,168.94144284801519
36.896265360904124,-1.2392466101673576,0.7432000041007996,39.406700134277344,173.47827002325977
36.88921998123969,-1.246229562417054,0.7432000041007996,222.70799255371094,175.77415103994994
36.91251432514289,-1.2371552917732918,0.7432000041007996,87.83110046386719,26.122455936544444
36.89272037556664,-1.2467557363413606,0.8057000041007996,228.7946014404297,116.28147417282769
36.89935551793417,-1.240798377333957,0.8682000041007996,176.66709899902344,120.3953610406196
36.904394302124565,-1.2397906204958782,0.8682000041007996,42.75230026245117,29.71936447640279
36.90286483046323,-1.24130671485405,0.8682000041007996,81.9740982055664,196.07422041017665
36.88285238493537,-1.2482807489016392,0.8682000041007996,87.54199981689453,42.364237770132796
36.91811049696496,-1.2450523597389442,0.8682000041007996,150.66720581054688,76.09374329346507
36.90195071474727,-1.2364150809984198,0.8682000041007996,120.78340148925781,95.16929786581146
36.89693422606216,-1.237507560756514,0.9307000041007996,178.91510009765625,82.13701401736577
36.90823358813158,-1.2378999616492172,0.7487999796867371,25.100099563598633,24.68599981479389
36.9013353588019,-1.2423412262984492,0.7487999796867371,59.3473014831543,153.92238011365882
36.89253755242345,-1.2556338065387715,0.7487999796867371,131.3990936279297,179.43261757931504
36.889697105052406,-1.248798004623839,0.7487999796867371,21.815099716186523,101.85606339224802
36.8880115648542,-1.247188269143545,0.7487999796867371,29.930599212646484,76.62057080746746
36.88400283300716,-1.238359249057722,0.8112999796867371,57.21189880371094,118.21278529584579
36.893487340947836,-1.2383369535524549,0.8112999796867371,93.1614990234375,114.99745173992393
36.90243229766105,-1.2407404090202625,0.8112999796867371,55.609901428222656,111.6621384205119
36.883275999535435,-1.2474825698130723,0.8112999796867371,239.65530395507812,36.95873602550063
36.89922174490257,-1.2412665829445688,0.8112999796867371,184.9792938232422,99.28014717952291
36.89100808076212,-1.254799954641777,0.8112999796867371,49.26599884033203,3.452256183403129
36.8823039155058,-1.2474067650951637,0.8737999796867371,114.88870239257812,46.873900893186395
36.8911730675011,-1.2482762898005857,0.8737999796867371,48.302799224853516,42.364057690937244
36.896158342478856,-1.2432152101049245,0.8737999796867371,149.2259063720703,183.5831318842105
36.91151994560797,-1.237195423682773,0.8737999796867371,158.03860473632812,65.36187280628059
36.890700402789435,-1.2472150237498656,0.7376000285148621,75.4822006225586,76.62036551035959
36.89482507126387,-1.246559535895009,0.8001000285148621,53.634300231933594,21.70416579258677
36.88414998334193,-1.2472596147604,0.8001000285148621,161.38340759277344,66.70497058394191
36.91345073636412,-1.2366558724553058,0.8001000285148621,27.426000595092773,131.65232599962226
36.89294778972037,-1.2523608263655421,0.8001000285148621,218.53579711914062,38.62066211420984
36.884662779963065,-1.238417217371417,0.8001000285148621,146.18130493164062,181.5457539525094
36.91274173929661,-1.2392733647736787,0.8001000285148621,45.95280075073242,128.52923319694744
36.88928686775549,-1.248146975870036,0.8626000285148621,64.80069732666016,32.4484831238375
36.895480559118724,-1.2386535497272495,0.8626000285148621,182.03070068359375,60.925664340563905
36.913165353896694,-1.2365666904342372,0.8626000285148621,35.0093994140625,117.56913402171911
36.90878651666221,-1.23893893219467,0.8626000285148621,74.66809844970703,144.2647665826132
36.905023035373105,-1.2371329962680244,0.8626000285148621,87.79460144042969,94.91255753009648
36.89152533648432,-1.254452144759608,0.8626000285148621,150.0836944580078,10.616045705096019
36.89948037276367,-1.2411818600245532,0.9251000285148621,184.1634063720703,78.18368718448887
36.9138743509642,-1.2404728629570554,0.7544000148773193,82.66210174560547,128.9397284098496
36.90756918207462,-1.2390771643273268,0.8169000148773193,49.435001373291016,66.89032077076351
36.890682566385216,-1.2489317776554423,0.8169000148773193,96.97000122070312,111.7715374355104
36.88612982420965,-1.2477010657646912,0.8169000148773193,129.0146026611328,17.12835373872263
36.91942147267468,-1.23802035737766,0.8169000148773193,66.44609832763672,168.58807172833727
36.892118396924424,-1.2514333333464254,0.8169000148773193,74.20359802246094,179.30114298320217
36.888528820576404,-1.2381229167018892,0.8169000148773193,187.0937042236328,21.44054252071397
36.91373611883154,-1.2409856595782018,0.8794000148773193,143.64639282226562,188.81086922325335
36.882874680440636,-1.235665952021441,0.8794000148773193,736.8967895507812,184.19576792107276
36.89970778691739,-1.241230910136141,0.8794000148773193,159.45579528808594,57.08722503874782
36.894709134636486,-1.2399110162243212,0.8794000148773193,180.49989318847656,96.00954429892411
36.89482061216282,-1.246836000160323,0.7599999904632568,62.331199645996094,0.5964169352838649
36.883436527173366,-1.2490967643944197,0.7599999904632568,73.54199981689453,141.51777251826212
36.89113739469267,-1.2550942553113045,0.7599999904632568,67.79730224609375,31.717832822695428
36.892225415349714,-1.249698743036635,0.8224999904632568,81.7582015991211,173.16746920096313
36.89115969019793,-1.2461671350023056,0.8224999904632568,169.4739990234375,185.68929659704136
36.89366124588892,-1.2516250746917232,0.8224999904632568,69.53369903564453,13.484321795117706
36.90369868236022,-1.2403524672286128,0.8224999904632568,64.5062026977539,89.21154372114108
36.92084838501178,-1.2380069800745,0.8224999904632568,186.75210571289062,168.588581641558
36.879164708364165,-1.247799165987867,0.8224999904632568,79.06009674072266,175.44164663498367
36.890383806614636,-1.2487935455227857,0.8224999904632568,51.71329879760742,101.85612906531858
36.894602116211196,-1.2403970582391468,0.8849999904632568,138.9799041748047,131.44180345536532
36.88341869076915,-1.2398441297085196,0.7087000012397766,35.43259811401367,188.47069180857304
36.88950536370711,-1.2551789782313199,0.7087000012397766,41.89120101928711,87.86111723726066
36.92094648523496,-1.2387382726472647,0.7712000012397766,52.60300064086914,89.26574531706989
36.88455130243673,-1.2380069800745,0.7712000012397766,56.08449935913086,132.31857090492392
36.914373770282175,-1.2371998827838264,0.7712000012397766,53.956199645996094,159.8487783886213
36.91718746304689,-1.2410837598013778,0.7712000012397766,44.573001861572266,168.53444468189772
36.89113739469267,-1.2542693216164167,0.7712000012397766,50.75019836425781,31.588102407377182
36.88342314987021,-1.2396791429695422,0.7712000012397766,131.57850646972656,181.44038575997274
36.89294778972037,-1.2536673429742018,0.7712000012397766,179.6782989501953,59.85516874964043
36.87958386386319,-1.2402855807128108,0.7712000012397766,71.55020141601562,79.29587926967234
36.90465292998566,-1.2406824407065673,0.7712000012397766,151.7904052734375,128.8729928688388
36.88963913673871,-1.2539036753300343,0.8337000012397766,100.21610260009766,179.30302274763775
36.91357113209256,-1.2406779816055142,0.8337000012397766,175.24969482421875,177.721210963667
36.908518970599,-1.2373514922196434,0.8962000012397766,1119.0057373046875,10.617905399255362
36.898062378628666,-1.2366157405458247,0.8962000012397766,197.23500061035156,103.31835647120076
36.897183935721145,-1.2458282433222436,0.7142999768257141,5.048900127410889,104.84395046878397
36.883307213242816,-1.2384618083819516,0.7142999768257141,53.47420120239258,75.97827123295977
36.88067188452024,-1.2376145791817967,0.7767999768257141,317.6653137207031,184.36121402309692
36.90129968599348,-1.2386223360198751,0.7767999768257141,149.93910217285156,141.5816374456358
36.89080296211366,-1.2491324372028474,0.7767999768257141,89.3198013305664,141.5176397687575
36.89502573081127,-1.244771436372577,0.7767999768257141,147.95150756835938,141.3223092884418
36.88692800329821,-1.2486999044006633,0.7767999768257141,128.4355010986328,91.94060853524367
36.88308425819015,-1.2491056825965265,0.7767999768257141,48.48569869995117,131.60247378958422
36.89142277716009,-1.2542960762227378,0.7767999768257141,75.83460235595703,10.485930501073701
36.9191227129041,-1.2420825984373496,0.8392999768257141,100.80010223388672,33.68864070893912
36.89226108815814,-1.2469742322929795,0.8392999768257141,127.67569732666016,96.45084038257791
36.91817738348077,-1.2422475851763268,0.8392999768257141,34.895198822021484,66.11360110921521
36.88974615516399,-1.2399511481338024,0.8392999768257141,195.3363037109375,49.55016392798254
36.9135577547894,-1.240147348580154,0.8392999768257141,189.44129943847656,135.49187918512212
36.884506711426205,-1.2470544961119416,0.8392999768257141,258.1257019042969,86.535733878076
36.891971246589655,-1.241079300700324,0.9017999768257141,87.18689727783203,168.53444066767088
36.89757187751279,-1.2424081128142508,0.9017999768257141,176.4541015625,134.39204710178035
36.8946199526154,-1.2394606470179232,0.9017999768257141,229.07749938964844,53.82017289042136
36.88970156415346,-1.2536450474689345,0.7031000256538391,15.092000007629395,193.3709584876216
36.87671220278477,-1.2380203573776603,0.7031000256538391,81.85340118408203,168.58855068428076
36.9043720066193,-1.2406868998076208,0.7031000256538391,20.722299575805664,128.87298964772447
36.88603618308753,-1.2483833082258684,0.7656000256538391,239.9156036376953,62.194552801713044
36.88290589414801,-1.2403435490265056,0.7656000256538391,104.01820373535156,195.45588587178764
36.91251878424394,-1.239438351512656,0.7656000256538391,54.43899917602539,156.6655017906035
36.89128900412849,-1.2463588763476043,0.7656000256538391,70.65650177001953,165.85855654864935
36.891761668840154,-1.2539571845426758,0.8281000256538391,71.1895980834961,10.485662285088903
36.91874368931456,-1.2440446029008656,0.8281000256538391,44.86840057373047,6.23225319077179
36.91160020942693,-1.2362277987541748,0.8281000256538391,61.9995002746582,19.009300776770086
36.91798564213547,-1.2386981407377837,0.8281000256538391,95.06749725341797,89.26494937816865
36.880689720924444,-1.2410347096897896,0.8281000256538391,99.39550018310547,168.53439090945096
36.90841195217373,-1.2390013596094183,0.8906000256538391,42.44459915161133,123.16264153568436
36.91799456033757,-1.2377394340112928,0.8906000256538391,64.78990173339844,198.33393479853416
36.89529773597553,-1.2444057900861947,0.8906000256538391,115.81220245361328,155.40548542000914
36.90470198009725,-1.2367138407690004,0.8906000256538391,188.7209930419922,87.84462436749602
36.884867898611525,-1.2383770854619358,0.7824000120162964,112.72360229492188,188.5911201711522
36.91837358392711,-1.2416723611404323,0.7824000120162964,37.096900939941406,46.15316248413484
36.87937874521473,-1.2406110950897122,0.7824000120162964,23.068700790405273,118.95729620655206
36.88862692079958,-1.2491190598996866,0.7824000120162964,67.22989654541016,141.51744303661314
36.88877407113434,-1.2552547829492287,0.7824000120162964,172.37899780273438,144.13356004938908
36.89189990097281,-1.253029691523559,0.7824000120162964,67.0166015625,73.79151066607703
36.89706799909375,-1.2456142064716786,0.7824000120162964,61.70289993286133,83.73999431769414
36.879927214644304,-1.2408295910413314,0.8449000120162964,118.88359832763672,138.78812498202814
36.895195176651306,-1.2473487967814691,0.8449000120162964,68.90760040283203,69.74758449847216
36.897629845826486,-1.2365533131310762,0.9074000120162964,195.52980041503906,68.13669388238264
36.903578286631785,-1.2370571915501158,0.9074000120162964,184.4925994873047,17.700311666823506
36.89947591366261,-1.2413958968751186,0.9074000120162964,83.04350280761719,57.07972615759296
36.893135071964615,-1.253373042304674,0.9074000120162964,117.2479019165039,52.821333660793776
36.915319099705506,-1.2396434701611145,0.7254999876022339,17.822799682617188,9.888679164413753
36.90964266406447,-1.2382433124303325,0.7879999876022339,210.4694061279297,165.3669117767213
36.90352031831809,-1.2374897243523002,0.7879999876022339,201.44610595703125,59.88966806904635
36.91363801860835,-1.240446108350735,0.7879999876022339,112.32620239257812,149.54498299187668
36.88999586482299,-1.2479195617163101,0.7879999876022339,58.570098876953125,2.702456054549303
36.890548793353624,-1.2468226228571626,0.7879999876022339,26.94860076904297,116.28184150179518
36.88421241075666,-1.2340651347432534,0.7879999876022339,40.655799865722656,198.2174931631461
36.916135115198294,-1.2410748415992707,0.8504999876022339,58.633399963378906,168.5344464704389
36.891645732212766,-1.2394740243210836,0.8504999876022339,136.75770568847656,9.942085790586518
36.8891709311281,-1.2478125432910272,0.8504999876022339,47.724300384521484,7.212976444944114
36.88569283230641,-1.2480265801415928,0.8504999876022339,181.5352020263672,22.53313039992444
36.899676573210016,-1.2361341576320526,0.9129999876022339,182.04119873046875,83.38114911749015
36.882428770335295,-1.246929641282445,0.9129999876022339,156.75970458984375,96.45075615994566
36.89265794815189,-1.2552547829492287,0.9129999876022339,478.57989501953125,165.36470753960387
36.90484021222991,-1.2405352903718037,0.7422999739646912,71.43350219726562,109.04227158974852
36.91325899501882,-1.2395542881400459,0.7422999739646912,76.76930236816406,107.39319407983113
36.905455568175284,-1.2365934450405578,0.7422999739646912,64.43800354003906,165.2457376826943
36.89429443823851,-1.2456587974822133,0.8047999739646912,101.65170288085938,134.25610332474963
36.8842480835651,-1.2377215976070792,0.8047999739646912,33.65039825439453,90.11415658225393
36.91373611883153,-1.239438351512656,0.8047999739646912,153.52859497070312,65.17375894575892
36.90407324684872,-1.239616715554794,0.8672999739646912,104.7074966430664,9.888639357124967
36.89828087458029,-1.2411551054182328,0.8672999739646912,155.6649932861328,176.63757185580843
36.8801680061012,-1.2484457356406167,0.8672999739646912,40.270599365234375,41.795010094887004
36.89591755102196,-1.2385019402914323,0.9297999739646912,196.29119873046875,89.08450602048825
36.885724046013785,-1.235946875387808,0.7311000227928162,193.68919372558594,28.005043844888142
36.91358896849677,-1.2373024421080554,0.7311000227928162,38.3047981262207,96.51582962566184
36.90432741560877,-1.2369903050343143,0.7936000227928162,91.18900299072266,45.64020262179825
36.91281754401452,-1.2360226801057164,0.7936000227928162,53.52130126953125,131.59963676165967
36.88974615516399,-1.246260776124428,0.8561000227928162,174.7707977294922,175.77410794960278
36.89258660253504,-1.2512861830116617,0.7366999983787537,98.21610260009766,133.2466038669358
36.899449159056296,-1.2370884052574902,0.7366999983787537,66.12920379638672,192.45013817417913
36.89286752590141,-1.2469251821813916,0.7366999983787537,206.168701171875,106.36607156849195
36.89209164231811,-1.2498146796640244,0.7366999983787537,66.02899932861328,193.12785485651918
36.92079487579914,-1.2378419933355223,0.7366999983787537,32.714298248291016,188.41930619923286
36.915225458583386,-1.2397103566769163,0.7366999983787537,25.148300170898438,19.80404698253278
36.89713934471061,-1.2376725474954917,0.7991999983787537,165.3424072265625,110.27329183989389
36.91730339967429,-1.2446554997451875,0.7991999983787537,118.84140014648438,165.91569025585005
36.917196381249006,-1.2405352903718034,0.7991999983787537,31.992599487304688,109.04226924885769
36.89005383313668,-1.2485661313690597,0.8616999983787537,67.65840148925781,82.02537212448696
36.91523883588654,-1.24078945913185,0.7479000091552734,28.411800384521484,138.7883971880619
36.89604686495251,-1.2398039977990385,0.7479000091552734,91.00379943847656,194.5466177619788
36.91148427279954,-1.2362322578552287,0.8104000091552734,95.22309875488281,11.971461653465001
36.890147474258804,-1.2386134178177686,0.8104000091552734,150.33360290527344,99.18029813351227
36.89035259290726,-1.2390905416304872,0.8104000091552734,26.09320068359375,49.60349711516179
36.88612982420965,-1.249029877878618,0.8104000091552734,131.48989868164062,131.60209650925304
36.91642495676676,-1.2385108584935391,0.8104000091552734,87.01020050048828,109.0957077122435
36.91546625004027,-1.2401027575696197,0.8104000091552734,102.12799835205078,59.46548651936493
36.88257592067006,-1.2472997466698812,0.8104000091552734,175.377197265625,56.78932230969508
36.88494816243048,-1.2361029439246785,0.8729000091552734,450.8080139160156,19.863869502469235
36.89829425188345,-1.2374629697459794,0.8729000091552734,228.80270385742188,187.70457786765178
36.911903428298565,-1.2374228378364984,0.8729000091552734,107.49040222167969,51.263605552989176
36.91729448147218,-1.2461938896086264,0.7534999847412109,18.059799194335938,171.6921157145777
36.891396022553764,-1.2528290319761537,0.7534999847412109,53.54330062866211,123.02980259394616
36.883588136609184,-1.2479909073331654,0.8159999847412109,184.6269989013672,12.618033402643393
36.88493032602627,-1.2378776661439501,0.8159999847412109,128.2041015625,153.44714336778344
36.911939101106995,-1.235857693366739,0.8159999847412109,51.51839828491211,75.28187192686003
36.88272307100481,-1.2487534136133045,0.8159999847412109,88.99130249023438,101.85645368465119
36.89017422886513,-1.2488827275438545,0.8159999847412109,17.820999145507812,111.77147200519462
36.89052649784835,-1.2387873227588528,0.8159999847412109,131.11610412597656,79.34958919185684
36.90164749587564,-1.2370215187416884,0.8159999847412109,53.8578987121582,165.49491993110567
36.90760485488305,-1.2397549476874505,0.8784999847412109,572.8889770507812,95.02654525455716
36.90130860419558,-1.2407225726160485,0.8784999847412109,115.408203125,27.2761997812754
36.899507127369986,-1.2412755011466758,0.8784999847412109,190.0489044189453,71.15153337498097
36.904639552682504,-1.2413513058645844,0.7077999711036682,17.25550079345703,198.28053103461073
36.88570620960957,-1.2486062632785406,0.7077999711036682,60.265201568603516,82.0253104713239
36.91854302976715,-1.2443121489640723,0.7077999711036682,25.764799118041992,26.19268506225184
36.91366923231573,-1.2392555283694646,0.7077999711036682,109.51429748535156,58.15096595429607
36.886219006230725,-1.2477010657646912,0.7077999711036682,136.60699462890625,17.128358911721563
36.88914417652178,-1.2480176619394858,0.7702999711036682,81.06529998779297,12.617750153231999
36.913441818162006,-1.23972819308113,0.7702999711036682,83.99140167236328,107.37816002916712
36.90108119004185,-1.2398039977990385,0.7702999711036682,181.5478057861328,64.17927474272027
36.88443090670829,-1.2386758452325168,0.8327999711036682,104.98090362548828,174.4928598749623
36.8927337528698,-1.2545547040838374,0.8327999711036682,187.5135955810547,109.09286664927784
36.89719731302429,-1.2371552917732918,0.8327999711036682,59.046600341796875,75.12931205132313
36.89077174840629,-1.2403167944201847,0.8952999711036682,161.34750366210938,89.21155609633578
36.87803209669659,-1.240267744308597,0.9577999711036682,2975.542236328125,89.21095050693414
36.90381015988656,-1.2409722822750413,0.7591000199317932,134.08689880371094,158.6190800138624
36.89429889733955,-1.2403703036328262,0.7591000199317932,97.59709930419922,105.5325007677059
36.905990660301704,-1.2401741031864744,0.7591000199317932,70.28569793701172,69.38087915223534
36.90250810237896,-1.2394651061189765,0.8216000199317932,262.143798828125,9.942023153876876
36.893322354208856,-1.2463588763476043,0.8216000199317932,98.65840148925781,155.32213983035712
36.91778944168912,-1.2465149448844746,0.8216000199317932,77.30249786376953,137.55592965517943
36.89437024295642,-1.2388229955672803,0.8841000199317932,193.42160034179688,16.505471268851412
36.88672734375081,-1.2345467176570257,0.8841000199317932,237.88690185546875,161.90360028664318
36.88266956179218,-1.2492171601228625,0.8841000199317932,157.17739868164062,151.43328913099322
36.9004925887028,-1.239496319826351,0.8841000199317932,264.68499755859375,127.4799436869941
36.90869733464114,-1.2389523094978303,0.8841000199317932,86.12840270996094,144.26476881094325
36.91750405922169,-1.238707058939891,0.8841000199317932,214.3961944580078,89.26497269226398
36.89024557448197,-1.2389121775883494,0.7021999955177307,39.29650115966797,69.43421663237628
36.89070932099154,-1.2554108514860993,0.7646999955177307,218.4114990234375,17.64948550301303
36.89137818614955,-1.254229189706936,0.8271999955177307,111.30020141601562,17.519988043841543
36.888716102820645,-1.2551789782313199,0.8271999955177307,64.0802993774414,151.16755933094083
36.88895243517648,-1.2463767127518177,0.8271999955177307,57.63370132446289,165.85880487784527
36.92104904455918,-1.2398530479106267,0.8271999955177307,76.5177001953125,29.7185730459444
36.885929164662244,-1.2479017253120963,0.8271999955177307,83.32540130615234,2.702384202470555
36.89334464971412,-1.2408429683444915,0.8896999955177307,184.68099975585938,148.70376771051704
36.88410093323033,-1.247910643514203,0.8896999955177307,156.68890380859375,2.702585241812262
36.88422132895877,-1.2344798311412246,0.8896999955177307,263.43609619140625,170.01461860825125
36.89018314706723,-1.2474602743078054,0.718999981880188,21.822500228881836,46.87434122331806
36.878772307471465,-1.2405129948665365,0.718999981880188,55.09980010986328,109.0418280311777
36.8866515390329,-1.247469192509912,0.781499981880188,53.1057014465332,46.874469499774555
36.884529006931466,-1.2382076396219046,0.781499981880188,56.52989959716797,146.37917712233232
36.904786703017265,-1.2399110162243212,0.781499981880188,35.59619903564453,39.634734001919746
36.893745968808936,-1.245507188046396,0.781499981880188,161.7729949951172,183.4847888397708
36.919260945036754,-1.2389567685988838,0.843999981880188,232.5218048095703,59.519012302168335
36.91702247630792,-1.2406868998076208,0.843999981880188,28.614599227905273,128.8729912923383
36.903114540122225,-1.2410436278918964,0.7134000062942505,37.65620040893555,168.53446495229952
36.893282222299376,-1.2458059478169767,0.7134000062942505,123.22010040283203,197.53766143568407
36.914057174107384,-1.239777243192718,0.7134000062942505,179.84109497070312,72.18152526238418
36.9090362263212,-1.236678167960573,0.7759000062942505,13.787199974060059,10.484211109366521
36.907359604325116,-1.240428271946521,0.8384000062942505,123.32460021972656,151.29893703657746
36.90436308841719,-1.236276848865763,0.8384000062942505,251.75750732421875,94.8448177085963
36.8965462842705,-1.245088032547372,0.8384000062942505,44.492801666259766,0.6682869278046055
36.88151911372039,-1.2498414342703452,0.8384000062942505,141.4980010986328,169.22591591114565
36.9059906603017,-1.240397058239147,0.8384000062942505,95.96510314941406,99.12696671734017
36.89545380451241,-1.243937584475583,0.8384000062942505,246.48300170898438,176.52078832885152
36.9010678127387,-1.2384305946745775,0.9009000062942505,212.5258026123047,169.7177663596048
36.91989859648739,-1.2382522306324393,0.9009000062942505,48.279701232910156,138.8421631999081
36.8983655975003,-1.2350862688844926,0.9009000062942505,105.32099914550781,35.60313797653471
36.91153332291113,-1.2363927854931525,0.7246000170707703,30.23310089111328,4.948694099853762
36.88865813450696,-1.2496140201166197,0.7871000170707703,63.24580001831055,191.09426029386117
36.88920660393653,-1.2464792720760471,0.7871000170707703,91.63990020751953,146.02806159916187
36.9216510232014,-1.2381541304092638,0.7871000170707703,218.52830505371094,148.75812668255435
36.882656184489015,-1.2473042057709345,0.7871000170707703,111.01229858398438,56.78934102211538
36.89522639035867,-1.2529315913003831,0.7871000170707703,40.199798583984375,184.25839704737817
36.889384967978664,-1.2482495351942653,0.7871000170707703,44.15810012817383,42.36385312921541
36.899899528262694,-1.23682977739639,0.7871000170707703,202.1157989501953,162.70404422102072
36.88245998404266,-1.2474335197014845,0.8496000170707703,200.6750030517578,46.87394001043614
36.90230744283155,-1.2378196978302551,0.8496000170707703,100.4979019165039,179.50274800093467
36.90539759986159,-1.2360851075204649,0.8496000170707703,219.32020568847656,193.3594500451609
36.8828300894301,-1.2484234401353491,0.8496000170707703,107.4136962890625,62.19498215753309
36.89219420164233,-1.2479953664342187,0.8496000170707703,241.7935028076172,22.533518763642395
36.9136246413052,-1.2391931009547164,0.8496000170707703,39.598899841308594,51.120656996069975
36.88244214763844,-1.248499244853258,0.8496000170707703,129.28660583496094,72.11041968920632
36.884997212542075,-1.2347473772044308,0.8496000170707703,205.06019592285156,79.73043286932698
36.89600673304303,-1.2458549979285647,0.9121000170707703,110.64739990234375,13.426207080285224
36.89457090250383,-1.2456677156843199,0.7301999926567078,21.517799377441406,113.15971685026551
36.90651237512494,-1.2400224937506574,0.7301999926567078,47.0994987487793,55.53242475987464
36.89179288254753,-1.2551566827260527,0.7301999926567078,25.503400802612305,87.99021347241533
36.89000032392404,-1.2493152603460387,0.7926999926567078,47.73899841308594,161.3482700216152
36.919180681217796,-1.2416322292309514,0.7926999926567078,27.405799865722656,43.668872655210755
36.89370583689946,-1.2405531267760175,0.7926999926567078,120.8291015625,109.04234416157492
36.88381555076291,-1.2394517288158162,0.7926999926567078,62.93560028076172,188.50078174176684
36.894026892175305,-1.2539304299363554,0.8551999926567078,114.90859985351562,165.36590265726193
36.89751390919909,-1.2368431546995502,0.8551999926567078,52.9723014831543,82.1897588400676
36.8978973918897,-1.2458995889390991,0.8551999926567078,71.50350189208984,168.13695164121108
36.89212285602547,-1.2393759240979076,0.8551999926567078,106.41919708251953,19.857444478622053
36.89830762918661,-1.2367361362742677,0.8551999926567078,177.5240020751953,131.46217961668435
36.90694490792714,-1.2408251319402774,0.8551999926567078,242.39309692382812,166.5348889023076
36.912081792340715,-1.2389300139925634,0.8551999926567078,62.15769958496094,149.6728146492515
36.892082724116,-1.251928293563358,0.8551999926567078,82.49929809570312,144.13126888252765
36.88069418002551,-1.2408608047487053,0.8551999926567078,240.69869995117188,148.7036445869085
36.905067626383634,-1.2400537074580318,0.746999979019165,81.635498046875,59.46546724568345
36.89061567986941,-1.2488247592301596,0.746999979019165,33.96149826049805,101.85616228822889
36.893157367469875,-1.2410124141845225,0.809499979019165,152.5753936767578,158.6191189622497
36.89316628567199,-1.2410748415992707,0.809499979019165,74.84410095214844,168.53448155741066
36.88708853093614,-1.2471659736382776,0.809499979019165,83.73660278320312,76.62057154275456
36.89632778831888,-1.2381764259145307,0.809499979019165,82.13809967041016,96.15244160387317
36.891248872219,-1.2391618872473424,0.809499979019165,112.51349639892578,39.688168823238314
36.88501504894628,-1.234649276981255,0.809499979019165,132.40960693359375,88.04077586262504
36.88992897830718,-1.2464123855602454,0.809499979019165,191.3596954345703,155.94336459363055
36.89419187891428,-1.2392020191568236,0.809499979019165,156.1949005126953,2.4598786009379072
36.91362910040625,-1.2364819675142211,0.809499979019165,30.172300338745117,159.78860871979094
36.896889635051615,-1.2373158194112157,0.809499979019165,186.5478057861328,61.03857120922753
36.90054163881439,-1.2366514133542523,0.871999979019165,99.1792984008789,142.87332547862528
36.895757023384036,-1.2456231246737857,0.871999979019165,54.62120056152344,21.742017187040695
36.894303356440616,-1.2386490906261962,0.871999979019165,41.31700134277344,30.566091757215275
36.89090552143789,-1.2392466101673576,0.871999979019165,113.05120086669922,29.77279680205096
36.9078679418452,-1.238769486354639,0.73580002784729,68.23470306396484,59.856250993834514
36.90375665067393,-1.2401741031864744,0.73580002784729,46.75310134887695,69.38081868691327
36.88099293979609,-1.2402409897022761,0.79830002784729,157.2176055908203,79.29619332595517
36.91749960012064,-1.2422163714689527,0.79830002784729,52.23889923095703,145.95539275558838
36.90136211340822,-1.2370036823374746,0.79830002784729,168.6593017578125,182.53480117869864
36.920335588390635,-1.2403613854307194,0.79830002784729,51.132598876953125,89.21100250804847
36.91703585361108,-1.2425106721384802,0.79830002784729,32.97010040283203,195.85649282404745
36.89404918768057,-1.2409499867697742,0.86080002784729,56.54399871826172,160.8071241285101
36.88704839902666,-1.2346715724865223,0.86080002784729,153.94189453125,175.9868227898739
36.89053095694939,-1.249609561015566,0.86080002784729,53.93880081176758,191.09442177215976
36.88196056472468,-1.2493821468618402,0.92330002784729,261.1343994140625,171.26415411953735
36.89032583830094,-1.2555134108103283,0.7414000034332275,112.93080139160156,3.4527268886673093
36.88439523389986,-1.2349792504592103,0.7414000034332275,198.60589599609375,106.71927027965177
36.891538713787476,-1.246229562417054,0.8039000034332275,80.135498046875,175.773876308865
36.89180180074964,-1.2533150739909795,0.8039000034332275,33.369598388671875,59.72359968113462
36.89548947732083,-1.2380649483881947,0.8039000034332275,202.97430419921875,18.743821389934453
36.89933768152996,-1.2415519654119893,0.8039000034332275,174.54100036621094,64.10812850428555
36.91876152571877,-1.2390860825294339,0.8039000034332275,33.86830139160156,49.603449945472356
36.88919768573442,-1.2382254760261187,0.8039000034332275,155.72950744628906,70.7128564698304
36.88184462809729,-1.2470232824045673,0.8664000034332275,108.5905990600586,96.45061332609014
36.88435510199038,-1.2480622529500203,0.8664000034332275,108.3467025756836,22.53327399945776
36.894914253284945,-1.2402944989149178,0.8664000034332275,175.0175018310547,145.23673643158494
36.884765339287306,-1.236406162796313,0.7581999897956848,41.52909851074219,26.886633854537546
36.889269031351276,-1.2486865270975027,0.7581999897956848,35.652000427246094,91.94066325066926
36.90516572660682,-1.2407314908181555,0.7581999897956848,140.83299255371094,128.873008389207
36.9193813407652,-1.2377974023249878,0.7581999897956848,103.20480346679688,188.4187596019532
36.89205151040863,-1.253297237586766,0.7581999897956848,18.133899688720703,38.62141484672179
36.88680314846872,-1.2487935455227854,0.8206999897956848,51.42449951171875,101.85597719070805
36.91597012845931,-1.2407314908181555,0.8206999897956848,132.2010040283203,128.8730011503162
36.892283383663404,-1.2394740243210836,0.8206999897956848,298.6119079589844,0.026717808972250377
36.91770917787015,-1.2457925705138164,0.8206999897956848,107.66120147705078,126.07509512781087
36.91494899431806,-1.2403480081275589,0.8206999897956848,59.598899841308594,89.2116025409903
36.88604956039069,-1.2491190598996866,0.8206999897956848,80.36509704589844,141.51746544443543
36.895837287203,-1.2457033884927475,0.8206999897956848,103.60130310058594,7.673971154075205
36.89522193125762,-1.2387561090514787,0.8831999897956848,188.3802032470703,46.84248647763721
36.88398945570399,-1.234680490688629,0.8831999897956848,134.2895965576172,170.0296953592609
36.885518927365325,-1.236245635158389,0.8831999897956848,222.17820739746094,63.17163007677157
36.904171347071895,-1.2353047648361117,0.7526000142097473,71.15579986572266,158.10250688504016
36.917495141019586,-1.2453823332168994,0.7526000142097473,32.10660171508789,145.95522118590813
36.89539137709766,-1.238368167259829,0.7526000142097473,171.36099243164062,32.796913308398686
36.89223433355182,-1.2512951012137687,0.7526000142097473,46.88880157470703,173.1673639508996
36.91463685724434,-1.2374941834533535,0.7526000142097473,167.54010009765625,152.8410187884118
36.90446118864037,-1.2365622313331832,0.8151000142097473,111.60240173339844,87.82956941275161
36.89026341088619,-1.2494178196702679,0.8151000142097473,77.26840209960938,171.26366263411973
36.90659263894391,-1.2407850000307967,0.8151000142097473,51.373600006103516,143.1465156057818
36.894254306329024,-1.245627583774839,0.8151000142097473,96.05380249023438,141.28823166905468
36.92101783085182,-1.2185519221783154,0.8776000142097473,147.70150756835938,140.64150057323158
36.89000032392404,-1.2394472697147627,0.8776000142097473,41.78630065917969,9.942024391408859
36.91264363907344,-1.2390771643273268,0.7124999761581421,39.61949920654297,121.50644849999728
36.90096525341446,-1.239019196013632,0.7124999761581421,117.47949981689453,134.53453365169938
36.88978628707348,-1.2488648911396405,0.7124999761581421,39.3296012878418,111.77143515468656
36.88946523179763,-1.2483565536195478,0.7124999761581421,17.213499069213867,52.27922348232231
36.8925509297266,-1.2541845986964018,0.7124999761581421,103.05760192871094,66.8887896476769
36.918832871335624,-1.244129325820881,0.7749999761581421,68.97989654541016,3.7479639388755364
36.89118198570321,-1.2480667120510738,0.7749999761581421,44.070899963378906,22.53333103738667
36.91568028689083,-1.2383012807440272,0.7749999761581421,64.0082015991211,138.84177467890348
36.89711704920534,-1.2456275837748392,0.7749999761581421,81.79969787597656,76.70408402463771
36.904028655838175,-1.239861966112733,0.7749999761581421,42.01490020751953,39.634727364648
36.891146312894776,-1.2475182426215,0.7749999761581421,126.23390197753906,36.95884870180304
36.90401527853502,-1.240169644085421,0.7749999761581421,28.953800201416016,69.38081484725653
36.916050392278265,-1.2411907782266602,0.8374999761581421,148.0906982421875,178.4498114092181
36.88874285742696,-1.2485126221564185,0.8374999761581421,62.30059814453125,72.10990356901225
36.880520275084415,-1.2411238917108585,0.8374999761581421,173.63929748535156,178.44969109780516
36.9198317099716,-1.238818536466227,0.8374999761581421,294.098388671875,79.34995413946214
36.89242607489712,-1.2467958682508415,0.8374999761581421,134.07789611816406,116.28153075123615
36.90634738838598,-1.2407448681213156,0.8374999761581421,196.2458953857422,139.6066184223068
36.901232799477675,-1.2382923625419204,0.8374999761581421,202.22109985351562,171.723573573809
36.89436578385536,-1.248155894072143,0.8374999761581421,34.23649978637695,66.35727492419558
36.89688071684951,-1.2381496713082099,0.8999999761581421,179.65460205078125,131.34160706560502
36.8948607440723,-1.245047900637891,0.8999999761581421,113.67269897460938,134.2826098416329
36.89394216925529,-1.2459441799496336,0.7013000249862671,190.7384033203125,141.27685950375306
36.89226554725919,-1.2532704829804453,0.7638000249862671,35.0088996887207,24.553290418217728
36.885331645121084,-1.2474468970046448,0.7638000249862671,36.03049850463867,46.87438175031115
36.917923214720716,-1.2424036537131973,0.7638000249862671,20.276599884033203,96.05426653304477
36.9039885239287,-1.2395275335337248,0.7638000249862671,30.71269989013672,0.026722483832467423
36.88495262153154,-1.2489763686659765,0.7638000249862671,195.18910217285156,121.68683114579275
36.89277834388034,-1.2549649413807544,0.7638000249862671,64.32109832763672,151.29686970654794
36.90301643989905,-1.240486240260216,0.8263000249862671,69.54080200195312,109.04229382521648
36.90344451360018,-1.2365756086363437,0.8263000249862671,168.30499267578125,3.375534830161167
36.89416512430797,-1.2471436781330105,0.8888000249862671,429.7699890136719,28.70975105985118
36.90475103020884,-1.2360940257225717,0.8888000249862671,160.4279022216797,144.09460912762634
36.89571689147456,-1.2444325446925153,0.8888000249862671,239.5469970703125,113.21267461632486
36.891440613564306,-1.25266850433823,0.7694000005722046,46.02539825439453,137.09778648484883
36.91875706661772,-1.2416946566456997,0.7694000005722046,23.154499053955078,6.232258628281272
36.9060575468175,-1.24106146429611,0.7694000005722046,93.3458023071289,168.53451148000957
36.918373583927114,-1.2418507251825701,0.8319000005722046,60.134700775146484,46.15315938873792
36.9157516325077,-1.2378955025481635,0.8319000005722046,60.38180160522461,178.50322754715063
36.91748176371644,-1.2458995889390991,0.8319000005722046,62.583900451660156,146.6652944788801
36.908211292626305,-1.2391841827526096,0.8319000005722046,46.53499984741211,123.16265097609158
36.89358544117101,-1.246786950048735,0.8319000005722046,234.68490600585938,106.07829233596038
36.91458780713273,-1.2395319926347783,0.8319000005722046,30.10540008544922,1.8258341911637184
36.88919768573442,-1.248111303061608,0.8319000005722046,44.961700439453125,22.533113466164526
36.878816898482,-1.2407314908181555,0.8319000005722046,79.46849822998047,128.87256721959022
36.896671139099986,-1.2379846845692326,0.8944000005722046,167.07400512695312,103.20533200361261
36.89757633661385,-1.246385630953925,0.8944000005722046,206.62939453125,175.1879499222614
36.915319099705506,-1.238577745009341,0.8944000005722046,63.602901458740234,109.0956696111256
36.917272185966915,-1.2464614356718333,0.7236999869346619,30.995399475097656,181.63216565075842
36.904581584368806,-1.2410213323866293,0.7236999869346619,99.99220275878906,168.53444178428705
36.893193040278305,-1.2470455779098346,0.7861999869346619,132.73190307617188,86.53528349917701
36.89177504614331,-1.251848029744396,0.7861999869346619,116.17749786376953,172.26745535803664
36.91478846668015,-1.2395632063421524,0.7861999869346619,77.0457992553711,0.02664607716603168
36.891534254686434,-1.2410703824982174,0.7861999869346619,123.18569946289062,168.53444007106557
36.89123549491585,-1.2480622529500205,0.7861999869346619,31.772199630737305,22.533344819587565
36.90445672953931,-1.2409544458708275,0.7861999869346619,71.28269958496094,158.61907811543438
36.89570797327245,-1.2391797236515563,0.7861999869346619,173.2805938720703,117.18316305421895
36.881987319330996,-1.2477501158762792,0.7861999869346619,131.34739685058594,7.212386593145416
36.8906558117789,-1.248748954512251,0.7861999869346619,94.87779998779297,101.85616228822889
36.896800453030544,-1.2389701459020444,0.8486999869346619,99.4292984008789,194.61433987791375
36.91933674975466,-1.2402320715001696,0.8486999869346619,167.6248016357422,53.649125919541035
36.892764966577175,-1.2547107726207083,0.8486999869346619,113.0718002319336,130.19490412264196
36.889496445505,-1.2405709631802315,0.9111999869346619,2244.693603515625,128.8730714160517
36.89441483396695,-1.2391128371357547,0.9111999869346619,134.5487060546875,11.623284297593038
36.90236987024629,-1.2406556861002465,0.7181000113487244,83.40630340576172,104.62624240025106
36.89125779042112,-1.25253919040768,0.7181000113487244,32.429100036621094,158.1999023168889
36.89099470345896,-1.2470946280214226,0.7806000113487244,121.32039642333984,76.62032822562782
36.88549663186006,-1.2472596147604,0.7806000113487244,104.3510971069336,66.70512433805365
36.885073017259984,-1.247067873415102,0.7806000113487244,35.317100524902344,86.53580799941868
36.879160249263116,-1.2482272396889977,0.8431000113487244,162.76280212402344,140.27149532606737
36.88682990307504,-1.2344932084443847,0.8431000113487244,40.61709976196289,175.97174683893732
36.89107496727792,-1.247237319255133,0.8431000113487244,52.582401275634766,66.70495189051272
36.88578647342853,-1.2353538149476995,0.8431000113487244,115.04910278320312,21.214605575954707
36.88567945500325,-1.235679329324601,0.8431000113487244,184.34219360351562,6.914140755243315
36.89820506986238,-1.2415162926035619,0.9056000113487244,163.63429260253906,155.52609396882707
36.882896975945904,-1.2476832293604774,0.9056000113487244,199.79879760742188,17.127942079719187
36.893728132404725,-1.2406556861002465,0.7973999977111816,93.95570373535156,118.95771422713038
36.88377987795449,-1.2474424379035913,0.7973999977111816,42.380401611328125,46.87419023288193
36.917214217653225,-1.241543047209883,0.7973999977111816,21.907400131225586,175.89611181136368
36.897683355039135,-1.2427782182016867,0.7973999977111816,120.5199966430664,99.2162667580781
36.90520139941524,-1.2404416492496813,0.7973999977111816,109.49929809570312,99.12692074147611
36.88901040349018,-1.2480845484552874,0.8598999977111816,47.95800018310547,22.533101810621183
36.88109104001925,-1.2498949434829862,0.8598999977111816,76.66940307617188,141.08977223565606
36.893995678467924,-1.2537743613994845,0.9223999977111816,143.7917022705078,158.33191753230446
36.89822736536764,-1.2409856595782018,0.9223999977111816,162.6427001953125,197.7415368072676
36.901139158355555,-1.2424660811279458,0.7404999732971191,143.1248016357422,153.92986771868934
36.88918430843126,-1.2486107223795941,0.7404999732971191,31.894899368286133,82.025293537564
36.88369515503447,-1.2468716729687501,0.7404999732971191,157.79490661621094,106.36635527255241
36.893340190613074,-1.2472150237498656,0.8029999732971191,120.03939819335938,76.61987748223811
36.917160708440576,-1.2421405667510443,0.8029999732971191,49.156700134277344,185.87629481403516
36.88991560100403,-1.2549694004818077,0.8029999732971191,139.74609375,73.7929068107031
36.91209962874492,-1.23629914437103,0.8029999732971191,16.08970069885254,54.20602577683116
36.91722759495638,-1.2378910434471102,0.8029999732971191,143.0424041748047,178.50324069117687
36.89007612864195,-1.2474246014993773,0.8029999732971191,34.591400146484375,46.874350943697486
36.89069148458733,-1.2487935455227857,0.8029999732971191,51.52730178833008,101.85617403951906
36.87703771716166,-1.2377751068197205,0.8654999732971191,70.37229919433594,198.33461009962377
36.899783591635305,-1.2402766625107036,0.9279999732971191,181.31680297851562,134.48215907523198
36.88668275274028,-1.234105266652735,0.9279999732971191,419.439697265625,182.98697153215878
36.89959630939106,-1.2409321503655604,0.9279999732971191,175.0135040283203,85.22708939650211
36.892501879615025,-1.255522329012435,0.7293000221252441,66.52639770507812,172.39862828558734
36.90839411576951,-1.2396925202727025,0.7293000221252441,76.74569702148438,179.43501032371117
36.88981750078085,-1.2475628336320346,0.7293000221252441,36.58720016479492,36.959014816354504
36.91907812189356,-1.2443210671661793,0.7293000221252441,30.707700729370117,33.68861243654534
36.89063351627363,-1.2495917246113522,0.7918000221252441,68.89600372314453,191.0944331849236
36.886143201512816,-1.2361564531373195,0.7918000221252441,207.34519958496094,6.876441208664357
36.906173483444896,-1.237685924798652,0.7918000221252441,45.045501708984375,137.18465417295033
36.88387797817765,-1.235318142139272,0.7918000221252441,66.0790023803711,127.85540546675257
36.88406080132084,-1.2379311753565911,0.7918000221252441,107.36229705810547,90.09909627449389
36.89464670722173,-1.2469608549898192,0.7918000221252441,74.50240325927734,7.620962311372907
36.8796596685811,-1.2405174539675898,0.8543000221252441,76.81109619140625,109.04198396910769
36.918364665725015,-1.244829404686272,0.8543000221252441,58.89229965209961,46.15310825493223
36.88344544537547,-1.247348796781469,0.8543000221252441,71.30570220947266,56.78949420194402
36.91189451009646,-1.2360271392067699,0.8543000221252441,92.99420166015625,61.22126342208812
36.88611644690649,-1.248155894072143,0.7461000084877014,70.1001968383789,32.44846277983895
36.90558934120689,-1.2369367958216728,0.7461000084877014,309.41650390625,137.1320225626684
36.908875698683275,-1.237668088394438,0.7461000084877014,44.91490173339844,52.82218210562857
36.9127149846903,-1.2366514133542523,0.7461000084877014,103.88680267333984,75.34965571798885
36.89036151110937,-1.2401830213885814,0.8086000084877014,171.02099609375,69.38085232025293
36.914190947138984,-1.2376012018786362,0.8086000084877014,68.21730041503906,117.65187888538897
36.919145008409366,-1.244316608065126,0.8086000084877014,110.78929901123047,43.668828686358744
36.907488918255666,-1.2392599874705181,0.8086000084877014,39.79909896850586,73.92437807882852
36.91251878424394,-1.2369546322258866,0.8086000084877014,79.47239685058594,33.145233262785034
36.915435036332894,-1.237949011760805,0.8086000084877014,93.61900329589844,178.50321081203487
36.906610475348124,-1.2410793007003242,0.8711000084877014,238.45530700683594,172.1411656135246
36.90764944589359,-1.240499617563376,0.8711000084877014,136.1009979248047,179.4350927316136
36.87900418072625,-1.240379221834933,0.7516999840736389,84.49849700927734,89.21114621123047
36.91610836059196,-1.2381764259145305,0.7516999840736389,24.40489959716797,148.75715202474356
36.89063351627363,-1.247799165987867,0.7516999840736389,31.494800567626953,7.21283445861613
36.88381555076291,-1.2466933089266126,0.7516999840736389,111.61820220947266,126.19709596140311
36.8790264762315,-1.2410168732855758,0.7516999840736389,161.11929321289062,168.5340467151404
36.89527989957132,-1.238216557824012,0.7516999840736389,53.35260009765625,11.698468774891829
36.89466454362594,-1.2396791429695422,0.8141999840736389,165.13619995117188,81.94892553964515
36.881643968549874,-1.249859270674559,0.8141999840736389,49.6703987121582,183.29398919019758
36.91449416601062,-1.2391128371357547,0.8141999840736389,93.8678970336914,26.287900080845542
36.89341599533099,-1.2468315410592692,0.8141999840736389,62.66310119628906,113.11041544222026
36.89211393782337,-1.2400001982453903,0.8141999840736389,233.3972930908203,49.55009125989213
36.882437688537394,-1.2483877673269217,0.8141999840736389,102.2698974609375,62.19505633016165
36.901326440599796,-1.2387516499504254,0.8766999840736389,90.87840270996094,127.5135733260493
36.882709693701656,-1.247808084189974,0.8766999840736389,167.25880432128906,7.2125430620702
36.88136304518351,-1.2470232824045673,0.8766999840736389,1039.3245849609375,76.61977471521233
36.90467076638988,-1.23576851134567,0.8766999840736389,194.32479858398438,165.17800183634267
36.88232175191001,-1.236678167960573,0.8766999840736389,304.1532897949219,149.08185536836345
36.898374515702415,-1.241458324289867,0.8766999840736389,204.2987060546875,141.46555043562773
36.9155688093645,-1.2381050802976756,0.7003999948501587,59.42340087890625,158.67249527595544
36.891480745473785,-1.2531545463530553,0.7628999948501587,46.385799407958984,87.85977408670271
36.886326024656,-1.2368342364974436,0.7628999948501587,16.526100158691406,49.043182762469336
36.9140170421979,-1.2399110162243212,0.8253999948501587,92.16510009765625,79.2118352078845
36.89087430773051,-1.2482762898005857,0.8253999948501587,32.95479965209961,42.36401837531948
36.89189544187175,-1.2495292971966043,0.8253999948501587,142.45809936523438,181.17926503485143
36.89141831805904,-1.2392644465715716,0.8253999948501587,87.8656005859375,29.77280919899475
36.89734892246012,-1.2369011230132452,0.8878999948501587,142.35549926757812,75.14438319830168
36.88691908509611,-1.2346314405770416,0.8878999948501587,226.28750610351562,161.91113885060352
36.89801332851708,-1.235327060341379,0.8878999948501587,121.65160369873047,5.857023936344229
36.88943847719131,-1.2482539942953184,0.7059999704360962,74.80449676513672,42.363860141705615
36.88363272761972,-1.2488425956343734,0.7684999704360962,63.83319854736328,101.85628856221184
36.917570945737495,-1.2429744186480385,0.7684999704360962,67.302001953125,135.97513230152845
36.89128900412849,-1.247638638349943,0.7684999704360962,126.22119903564453,27.04347165277407
36.878625157136696,-1.248236157891105,0.8309999704360962,84.9397964477539,182.47569752352564
36.88579093252959,-1.2480310392426461,0.8309999704360962,66.9104995727539,22.53312353451638
36.91277295300399,-1.2399912800432833,0.8309999704360962,124.90070343017578,184.77168625855884
36.8968807168495,-1.2440490620019191,0.8934999704360962,124.34719848632812,56.970669788771865
36.882352965617386,-1.2469251821813916,0.8934999704360962,86.86530303955078,106.36609997278029
36.91251432514289,-1.2370527324490623,0.7573000192642212,107.8563003540039,33.15276191601029
36.909544563841294,-1.237685924798652,0.7573000192642212,164.62249755859375,109.09456400291945
36.91953295020101,-1.2418953161931048,0.7573000192642212,15.994999885559082,83.58976944112877
36.900764593867066,-1.2359647117920218,0.7573000192642212,45.39899826049805,63.55043331015142
36.88701272621823,-1.234377271816995,0.7573000192642212,128.74049377441406,197.07773617120185
36.88307088088699,-1.2388229955672803,0.7573000192642212,62.7411003112793,82.9860087581126
36.889344836069185,-1.2480042846363253,0.8198000192642212,205.38619995117188,22.53312647566484
36.9049561488573,-1.2368743684069246,0.8198000192642212,154.9683074951172,101.9278170346767
36.89843694311716,-1.2372132600869865,0.8198000192642212,190.6613006591797,180.68935910871494
36.88093943058344,-1.2410748415992705,0.8198000192642212,136.5753936767578,168.53443420120666
36.90165195497669,-1.2372667692996278,0.8198000192642212,40.080299377441406,186.58581798806327
36.89691638965793,-1.2450122278294635,0.8198000192642212,32.40439987182617,20.424347777153674
36.893875282739494,-1.2464792720760471,0.8198000192642212,35.05419921875,106.09347305781412
36.885050721754716,-1.2476832293604774,0.8198000192642212,111.20580291748047,17.12826526097014
36.890798503012604,-1.2401785622875279,0.8823000192642212,305.6167907714844,69.38083464128023
36.88201407393732,-1.2495203789944973,0.8823000192642212,110.67739868164062,181.1795175801963
36.900956335212356,-1.2382834443398134,0.7116000056266785,24.32029914855957,190.8840092645673
36.90220934260837,-1.2365087221205422,0.7116000056266785,28.353900909423828,81.08607389786037
36.91292902154086,-1.2375833654744224,0.7741000056266785,80.60269927978516,12.091948525356715
36.90390380100869,-1.2404817811591626,0.7741000056266785,120.37590026855469,99.1269033560374
36.88397607840083,-1.247188269143545,0.7741000056266785,29.941200256347656,76.62030755902776
36.89095903065054,-1.25347114252785,0.8366000056266785,28.73550033569336,108.96215478636749
36.884908030521004,-1.2355277198887837,0.8366000056266785,157.29800415039062,29.34824458051403
36.919778200758955,-1.2165587040074253,0.8366000056266785,50.02939987182617,77.33429526079945
36.907631609489364,-1.2389166366894029,0.8366000056266785,55.213401794433594,52.82222439019296
36.899324304226795,-1.2407314908181553,0.8991000056266785,157.75289916992188,127.43126507796319
36.90822912903053,-1.2397148157779696,0.717199981212616,39.26839828491211,165.36693042818172
36.88053811148863,-1.2465104857834213,0.779699981212616,99.71389770507812,167.46634227269195
36.905379763457375,-1.2402008577927954,0.779699981212616,153.00869750976562,69.38084547558805
36.879311858698934,-1.240557585877071,0.779699981212616,107.1072006225586,109.0419175592042
36.871990014769175,-1.2381006211966221,0.779699981212616,73.33799743652344,158.6730551425042
36.91878828032509,-1.2415564245130428,0.842199981212616,104.283203125,3.7479675863568147
36.912398388515506,-1.2391931009547164,0.842199981212616,57.929298400878906,149.65024110070658
36.88255808426584,-1.2488738093417475,0.842199981212616,74.1875,111.77185416695684
36.90041232488384,-1.2365756086363437,0.842199981212616,150.5218048095703,132.9579599274459
36.88047568407388,-1.2395141562305645,0.842199981212616,85.79429626464844,0.026834375446657333
36.90044799769226,-1.23629914437103,0.904699981212616,136.2834014892578,103.21187354357986
36.91713395383426,-1.2416010155235773,0.7228000164031982,32.206298828125,185.8763322125258
36.89080742121472,-1.2495872655102989,0.7853000164031982,17.80590057373047,191.09445702595607
36.89131575873481,-1.252017475584427,0.7853000164031982,73.17829895019531,193.36979338862844
36.91686194867,-1.2404416492496813,0.7853000164031982,50.690101623535156,99.12690192531358
36.89327776319832,-1.253529110841545,0.7853000164031982,128.63909912109375,73.92337288468893
36.88657127521394,-1.2358220205583115,0.7853000164031982,103.43679809570312,49.403667749660876
36.9187303120114,-1.2446733361494013,0.8478000164031982,76.24330139160156,6.232251725126163
36.89746039998646,-1.2380827847924087,0.8478000164031982,160.06390380859375,173.57614673926687
36.886464256788656,-1.2475851291373015,0.8478000164031982,148.89309692382812,27.04373567579365
36.91748622281748,-1.242327848995289,0.8478000164031982,51.995399475097656,145.95538785992602
36.89780820986862,-1.2379757663671258,0.8478000164031982,234.99789428710938,194.69718997194045
36.89490979418388,-1.2473042057709345,0.8478000164031982,85.53140258789062,41.615290385721984
36.90259282529897,-1.2410436278918964,0.8478000164031982,48.41270065307617,153.87004713043845
36.886370615666536,-1.2475851291373015,0.8478000164031982,108.44550323486328,27.043731518274818
36.88963021853661,-1.2384841038872185,0.8478000164031982,113.35449981689453,84.81105307355034
36.89888731232356,-1.2367762681837489,0.9103000164031982,201.9344024658203,152.78870940507304
36.912857675923995,-1.236780727284802,0.7283999919891357,76.33779907226562,82.3950178223069
36.89144953176641,-1.2537342294900036,0.7283999919891357,44.33150100708008,52.68988273526146
36.891596682101174,-1.2472640738614535,0.7908999919891357,44.05830001831055,66.70486615101542
36.89145844996852,-1.2461225439917714,0.7908999919891357,177.56430053710938,195.6046173542517
36.8920069193981,-1.25398839825005,0.7908999919891357,55.32460021972656,10.616447969693338
36.90604416951434,-1.2409232321634533,0.7908999919891357,143.55630493164062,158.6191488848493
36.916616698112065,-1.240628931493926,0.8533999919891357,107.69950103759766,118.95762695743004
36.898378974803464,-1.2362010441478541,0.8533999919891357,74.84200286865234,93.29656861731338
36.895658923160866,-1.2399823618411763,0.8533999919891357,142.83360290527344,180.4559240193772
36.87384054170634,-1.238158589510317,0.8533999919891357,335.8836975097656,148.75785168319837
36.90169654598723,-1.2398129160011455,0.8533999919891357,92.99610137939453,14.954136575288572
36.89152533648432,-1.2476297201478361,0.7396000027656555,35.619598388671875,27.04342827533483
36.9044388931351,-1.240428271946521,0.7396000027656555,164.09030151367188,99.12690199999356
36.88998248751982,-1.255071959806037,0.7396000027656555,23.66860008239746,59.72485910840044
36.92025978367273,-1.2416812793425394,0.7396000027656555,9.718799591064453,163.43158275919635
36.90407324684872,-1.2365577722321301,0.7396000027656555,50.0817985534668,59.67822835773699
36.893152908368826,-1.252392040072916,0.7396000027656555,62.01959991455078,24.552528103085848
36.879681964086366,-1.2409812004771483,0.8021000027656555,295.5199890136719,158.6187968068934
36.88442198850619,-1.238591122312501,0.8021000027656555,117.1698989868164,167.46255649678324
36.897210690327455,-1.242827268313275,0.8021000027656555,131.8769989013672,127.34107839031414
36.886763016559236,-1.2491859464154886,0.8021000027656555,142.2093048095703,141.51743083020412
36.89222095624866,-1.252637290630856,0.8021000027656555,165.4915008544922,73.79121915610897
36.87884365308832,-1.2402231532980628,0.8021000027656555,559.05517578125,89.21111704103
36.91233596110075,-1.2386267951209289,0.8021000027656555,104.87470245361328,107.46840725619664
36.91642941586781,-1.2383458717545617,0.8646000027656555,100.33820343017578,128.9264323798758
36.885015048946286,-1.2483966855290285,0.8646000027656555,282.0353088378906,62.194650852762834
36.914021501298954,-1.239977902740123,0.745199978351593,96.09980010986328,86.24214515919039
36.87855381151984,-1.2485393767627393,0.745199978351593,341.1029052734375,161.37360256891677
36.89115077199583,-1.2489629913628166,0.745199978351593,51.95669937133789,121.68696467440253
36.882709693701656,-1.2473086648719882,0.807699978351593,78.01419830322266,56.789359396034094
36.89725528133799,-1.2382076396219046,0.807699978351593,63.64830017089844,166.5307784762704
36.895810532596684,-1.2380604892871414,0.807699978351593,57.69580078125,39.8648385082035
36.889634677637666,-1.2471525963351173,0.807699978351593,67.8759994506836,76.62048418565035
36.89379947802157,-1.2474647334088587,0.870199978351593,252.53700256347656,28.69456827022295
36.90492047604888,-1.236669249758466,0.734000027179718,215.28280639648438,115.98843260386396
36.91928769964307,-1.2429432049406643,0.734000027179718,11.407099723815918,53.649071960179896
36.88995127381245,-1.253502356235224,0.734000027179718,85.84980010986328,186.33678480036372
36.906293879173326,-1.240339089925452,0.796500027179718,58.8588981628418,89.2116255638751
36.92194532387092,-1.2384439719777378,0.796500027179718,224.84300231933594,119.01212354870059
36.888912303267,-1.25492035037022,0.796500027179718,70.68219757080078,158.20145915209645
36.91827102460289,-1.242207453266846,0.796500027179718,66.88030242919922,56.13337715370987
36.893826232627895,-1.2535959973573467,0.796500027179718,183.8350067138672,130.19581513235673
36.89834776109608,-1.2361341576320528,0.859000027179718,194.4445037841797,83.38120651682874
36.896978817072686,-1.2462251033160006,0.859000027179718,759.4307861328125,111.89874278526689
36.87862961623775,-1.2399020980222146,0.859000027179718,127.17949676513672,39.634263290563695
36.9178474100028,-1.2405397494728572,0.859000027179718,75.3396987915039,106.03456446409663
36.89676923932316,-1.2377528113144536,0.921500027179718,180.7904052734375,89.15225431314818
36.913499786475704,-1.236758431779535,0.7508000135421753,38.22819900512695,131.6598501739001
36.890254492684086,-1.2554331469913667,0.7508000135421753,90.07360076904297,10.486722134899495
36.90752013196303,-1.2402766625107038,0.7508000135421753,165.17349243164062,151.29891135636532
36.91864558909137,-1.2421405667510443,0.7508000135421753,22.551700592041016,16.212481874219627
36.91786078730597,-1.2388408319714943,0.8133000135421753,97.10559844970703,79.34959612858978
36.87936982701263,-1.2400581665590849,0.8133000135421753,100.75479888916016,59.465121048794266
36.89123103581479,-1.2557675795703747,0.8133000135421753,69.42410278320312,95.02382870319829
36.88117576293927,-1.2505102994283621,0.8133000135421753,169.6929931640625,197.36198253033982
36.901014303526054,-1.2428317274143286,0.8758000135421753,82.27760314941406,175.04131169703683
36.88371745053973,-1.2355143425856236,0.8758000135421753,78.63770294189453,127.87047503477771
36.88165288675199,-1.238617876918822,0.8758000135421753,117.64540100097656,43.67984196412778
36.89228784276447,-1.2393670058958008,0.7563999891281128,218.47450256347656,19.857442678149823
36.91739258169536,-1.2384350537756306,0.7563999891281128,25.381500244140625,119.0110624438918
36.891913278275965,-1.253680720277362,0.7563999891281128,189.54469299316406,10.485523830514664
36.89490533508284,-1.239398219603175,0.7563999891281128,54.628700256347656,74.94116391024924
36.89796873750655,-1.2354073241603407,0.8188999891281128,46.60850143432617,4.058338081938817
36.89276050747612,-1.2540062346542635,0.8188999891281128,131.74429321289062,73.92299618181364
36.88950982280817,-1.2471258417287967,0.8188999891281128,89.50090026855469,86.5358550957762
36.91512289925915,-1.239866425213787,0.8188999891281128,49.17789840698242,39.634777621843554
36.89757187751279,-1.2459664754549005,0.8188999891281128,99.78109741210938,147.04431331248486
36.90517910390997,-1.2359647117920218,0.8813999891281128,224.07940673828125,186.3065646255662
36.90562055491427,-1.2407181135149947,0.7620000243186951,126.6594009399414,128.87303056905438
36.88776185519521,-1.238100621196622,0.7620000243186951,40.7239990234375,34.862097038499726
36.895217472156574,-1.2386446315251427,0.8245000243186951,204.87770080566406,39.81217859102099
36.91437822938323,-1.239616715554794,0.8245000243186951,95.60179901123047,29.969612746764298
36.884404152101965,-1.2384350537756306,0.8245000243186951,72.3738021850586,160.43225312433316
36.90024733814486,-1.2393714649968544,0.8870000243186951,78.2822036743164,162.64822888170067
36.92116498118657,-1.2181550621845587,0.8870000243186951,56.987300872802734,98.43704328117376
36.89661317078631,-1.2445217267135844,0.8870000243186951,155.2042999267578,42.883756865286436
36.88703056262244,-1.2481781895774098,0.7050999999046326,45.8109016418457,32.44842628175436
36.89997087387955,-1.2363794081899924,0.7675999999046326,142.40139770507812,113.12723301419624
36.91452983881905,-1.2411015962055914,0.8300999999046326,123.37480163574219,178.8939023918491
36.91908258099461,-1.240147348580154,0.8300999999046326,66.47109985351562,33.68866441713134
36.88281671212694,-1.2467066862297729,0.8300999999046326,258.9381103515625,126.19691991158587
36.895739186979824,-1.2393580876936938,0.8925999999046326,206.47390747070312,131.24377655758806
36.89597551933566,-1.2387561090514787,0.8925999999046326,204.13409423828125,110.17542403381921
36.915595563970825,-1.2407850000307967,0.7106999754905701,33.105098724365234,138.78837776315865
36.90519248121313,-1.2360449756109837,0.7106999754905701,132.9243927001953,186.3140908412552
36.87862961623775,-1.2405352903718034,0.7731999754905701,180.44859313964844,109.0418008783528
36.91737474529114,-1.2385732859082874,0.8356999754905701,48.714698791503906,109.09570010548906
36.89193111468019,-1.240089380266459,0.8356999754905701,414.8919982910156,69.38081433766672
36.893674623192084,-1.2409856595782018,0.8981999754905701,125.89700317382812,158.61915699943327
36.88987546909454,-1.2555044926082215,0.8981999754905701,172.43649291992188,31.58892970725017
36.88298169886592,-1.2399110162243212,0.8981999754905701,182.62469482421875,153.2740409375951
36.89230567916867,-1.2524321719823974,0.7163000106811523,163.9197998046875,80.82513401786605
36.890963489751584,-1.2493821468618402,0.8413000106811523,74.1521987915039,171.26375529031097
36.89238148388659,-1.239710356676916,0.8413000106811523,94.2135009765625,19.804011706561703
36.89087876683157,-1.2464346810655125,0.8413000106811523,61.18410110473633,155.94324649959617
36.88890784416595,-1.255379637778725,0.8413000106811523,57.334598541259766,123.03146516442547
36.89601119214409,-1.2437280067260712,0.9038000106811523,392.7554931640625,155.43193142744744
36.89659087528104,-1.2385509904030205,0.9038000106811523,219.02049255371094,138.3493244170717
36.89734446335907,-1.2375075607565142,0.9038000106811523,151.372802734375,117.32619602070207
36.90743540904301,-1.2373514922196434,0.9038000106811523,217.56820678710938,80.82468163188358
36.89156100929274,-1.2466665543202917,0.7218999862670898,105.74829864501953,136.11242370277327
36.88534056332318,-1.2480667120510738,0.7218999862670898,132.50070190429688,32.448524568610345
36.9197157733442,-1.2391128371357547,0.7218999862670898,165.90460205078125,49.60379597257306
36.91827994280499,-1.2160013163757442,0.7843999862670898,202.2104034423828,154.7088383720428
36.88471183007466,-1.2358933661751668,0.7843999862670898,212.62840270996094,15.302718141232777
36.916772766648926,-1.239277823874732,0.8468999862670898,58.99549865722656,29.772810616265634
36.883026289876454,-1.2474736516109655,0.8468999862670898,162.2407989501953,36.95868598102136
36.890192065269346,-1.2488247592301598,0.8468999862670898,66.77799987792969,101.85610860917855
36.91367369141679,-1.2393848423000149,0.9093999862670898,82.87750244140625,58.143449739279
36.895404754400815,-1.2393893014010682,0.7386999726295471,32.438499450683594,110.13029502819391
36.89342491353309,-1.2531946782625365,0.8011999726295471,43.73929977416992,59.855555135287894
36.890780666608386,-1.2404104355423071,0.8011999726295471,192.7563934326172,99.12692220637433
36.89061122076836,-1.2483610127206013,0.8011999726295471,73.42970275878906,52.27934544665977
36.89792860559706,-1.2414850788961878,0.9261999726295471,172.27000427246094,176.62254179769738
36.90193287834306,-1.2393224148852664,0.9261999726295471,180.3031005859375,29.037130809554093
36.89041502032201,-1.2553395058692438,0.7275000214576721,99.86209869384766,10.486665589363108
36.91712949473321,-1.2426934952816715,0.7275000214576721,14.674699783325195,185.87625739921103
36.907381899830376,-1.240896477557133,0.7275000214576721,63.42839813232422,187.91908988633045
36.89548947732083,-1.243719088523964,0.7275000214576721,92.92829895019531,190.5926171686453
36.88329829504071,-1.23642845830158,0.7275000214576721,51.920799255371094,85.71876946445893
36.878197083435566,-1.237998061872393,0.7275000214576721,634.7092895507812,158.67304648357464
36.88901932169229,-1.2482629124974254,0.7900000214576721,44.60770034790039,42.36382846417175
36.919274322339916,-1.2408340501423842,0.7900000214576721,104.92359924316406,53.64911333999208
36.91500696263176,-1.2406735225044607,0.7900000214576721,122.78520202636719,128.87305271955506
36.882098796857335,-1.2487534136133045,0.7900000214576721,137.65289306640625,101.85658941024496
36.88654897970867,-1.2475851291373012,0.7900000214576721,139.84829711914062,27.043739494860333
36.89878029389827,-1.2403257126222917,0.8525000214576721,59.630401611328125,197.76781171023796
36.88241985213319,-1.2368609911037642,0.8525000214576721,75.46849822998047,120.94557356487599
36.913281290524075,-1.2389924414073115,0.8525000214576721,65.3823013305664,65.2113459617674
36.88342314987021,-1.2399110162243212,0.8525000214576721,18.53339958190918,195.5009978631121
36.90146467273245,-1.2378999616492172,0.8525000214576721,76.4635009765625,192.14712162469064
36.90373435516865,-1.2375476926659952,0.9150000214576721,206.21730041503906,45.806468761263524
36.89861084805825,-1.2354742106761423,0.9150000214576721,71.74369812011719,13.973654557515609
36.89896311704147,-1.2419488254057462,0.9150000214576721,89.59960174560547,57.057212298816005
36.913522081980965,-1.2400492483569783,0.7330999970436096,40.837398529052734,128.4615703984926
36.89879367120144,-1.237017059640635,0.7330999970436096,167.6204071044922,182.53480042289846
36.91711165832899,-1.2417704613636082,0.7330999970436096,17.07229995727539,185.87631974808858
36.879017558029396,-1.2394472697147627,0.7330999970436096,31.051700592041016,9.94247859316588
36.921530627472954,-1.2389121775883494,0.7955999970436096,282.289794921875,59.5198369401632
36.900086810506934,-1.2397148157779696,0.7955999970436096,130.07040405273438,155.60484380706475
36.88666491633606,-1.2359245798825407,0.7955999970436096,188.36549377441406,42.37336436448536
36.882879139541686,-1.2474647334088587,0.7955999970436096,77.2969970703125,46.8740318800791
36.88650884779919,-1.2490833870912594,0.8580999970436096,120.18229675292969,131.60207784819278
36.90386812820026,-1.2407537863234228,0.8580999970436096,126.92060089111328,138.78835485118353
36.88357921840707,-1.2480711711521273,0.8580999970436096,113.91510009765625,22.533396715575915
36.89363895038366,-1.2412353692371947,0.8580999970436096,193.57249450683594,188.3652376322217
36.91566245048662,-1.2380158982766067,0.8580999970436096,49.019798278808594,168.58786158424917
36.90889353508749,-1.2364596720089542,0.8580999970436096,248.25180053710938,38.62039977239513
36.884961539733645,-1.235607983707746,0.7443000078201294,90.28260040283203,22.310402500102576
36.9181550879755,-1.2410748415992705,0.7443000078201294,65.15249633789062,76.09385823102691
36.91149319100165,-1.2389166366894029,0.8068000078201294,35.893798828125,198.93763414718663
36.91251878424395,-1.239558747241099,0.8068000078201294,36.40660095214844,163.6958079428562
36.91254999795132,-1.2388140773651732,0.8068000078201294,40.97679901123047,107.4533588999467
36.89080296211365,-1.2557631204693214,0.8068000078201294,196.65550231933594,59.8535660741144
36.91378516894312,-1.2405129948665365,0.8068000078201294,143.10890197753906,142.95114329173467
36.91860099808084,-1.2444905130062103,0.8068000078201294,155.08189392089844,26.192683301419308
36.879829114421135,-1.2404104355423073,0.8068000078201294,135.53880310058594,99.1266566513207
36.91583635542771,-1.2399020980222146,0.8068000078201294,54.05339813232422,39.634741461843106
36.891868687265436,-1.2490744688891529,0.8068000078201294,80.28700256347656,131.60244782387244
36.88638845207075,-1.2472685329625068,0.8693000078201294,86.69869995117188,66.70518453016275
36.8854163680411,-1.2486553133901286,0.8693000078201294,279.5504150390625,91.94070469544212
36.8925910616361,-1.2409544458708275,0.8693000078201294,70.1583023071289,158.61909302928555
36.90174559609881,-1.2385108584935391,0.8693000078201294,520.9694213867188,120.49270834311798
36.904817916724646,-1.2369947641353678,0.8693000078201294,150.06700134277344,80.82936889803622
36.89392879195213,-1.2388988002851893,0.8693000078201294,184.60450744628906,30.59614845678797
36.89197570569072,-1.2552859966566026,0.7498999834060669,33.81209945678711,109.09231714811474
36.89671127100948,-1.246269694326535,0.7498999834060669,52.47269821166992,104.86283149483482
36.92078595759703,-1.238577745009341,0.8123999834060669,46.38869857788086,109.09640774871083
36.921285376915016,-1.2381318349039965,0.8123999834060669,85.37670135498047,158.67337250863963
36.918427093139755,-1.2162510260347372,0.8123999834060669,70.47579956054688,161.74295673337204
36.89447726138171,-1.239509697129511,0.8123999834060669,96.33209991455078,53.8126583976763
36.894976680699685,-1.2385197766956462,0.8123999834060669,108.76909637451172,11.6683863993027
36.8795258955495,-1.2399243935274817,0.8123999834060669,58.86589813232422,39.63441250398242
36.899056758163596,-1.2365443949289698,0.8123999834060669,177.75180053710938,132.95797711512665
36.89536908159239,-1.2381987214197983,0.8123999834060669,103.42250061035156,18.736298533973404
36.88592024646013,-1.2480399574447532,0.8748999834060669,251.62840270996094,22.53311700756048
36.89798657391076,-1.2363258989773507,0.8748999834060669,236.66920471191406,68.15931310909285
36.883200194817526,-1.2355054243835168,0.8748999834060669,352.6841125488281,163.0671989409336
36.903890423705526,-1.2351531554002948,0.8748999834060669,38.98609924316406,158.0874385228063
36.90078243027128,-1.2390950007315407,0.8748999834060669,143.7626953125,141.56296031425646
36.890365970210425,-1.2393670058958008,0.8748999834060669,260.9505920410156,19.857409880036304
36.88344544537548,-1.2475583745309808,0.7555000185966492,54.59400177001953,36.95876769606119
36.90139778621665,-1.2404684038560019,0.7555000185966492,172.99549865722656,13.200664209404911
36.90643211130599,-1.240151807681207,0.7555000185966492,38.680999755859375,71.00342377840711
36.90914770384754,-1.238889882083082,0.7555000185966492,50.629798889160156,172.40094151099325
36.891873146366486,-1.2530742825340937,0.7555000185966492,91.0353012084961,66.75751988716182
36.914373770282175,-1.2407894591318498,0.7555000185966492,220.96580505371094,142.55584134103583
36.88705285812771,-1.2345734722633466,0.8180000185966492,164.01210021972656,190.05496910557903
36.907979419371536,-1.238898800285189,0.8180000185966492,62.825801849365234,80.95838692943636
36.883026289876454,-1.2477278203710118,0.8180000185966492,374.84759521484375,7.212596152940294
36.906895857815556,-1.2377617295165604,0.8180000185966492,110.54399871826172,87.8586895678015
36.892501879615025,-1.2536584247720952,0.8180000185966492,69.52459716796875,24.684854600603018
36.88616549701808,-1.2341899895727502,0.8180000185966492,64.7863998413086,153.77923787548525
36.884506711426205,-1.247999825535272,0.8180000185966492,80.78820037841797,12.617887139632336
36.89016085156197,-1.240084921165406,0.8805000185966492,243.8883056640625,59.46550660649389
36.912706066488184,-1.2391975600557699,0.8805000185966492,88.96029663085938,121.49892659277879
36.88653114330445,-1.2469965277982467,0.8805000185966492,194.5677032470703,96.45127834975126
36.91952403199891,-1.2429565822438249,0.7610999941825867,55.7588996887207,83.58973578981497
36.898972035243574,-1.2407225726160485,0.7610999941825867,38.294498443603516,155.5598826279608
36.883900273682926,-1.2474513561056984,0.7610999941825867,81.981201171875,46.874204206502284
36.881189140242434,-1.238769486354639,0.8860999941825867,417.83880615234375,64.80834226299055
36.892479584109765,-1.2543807991427531,0.8860999941825867,175.95809936523438,80.95676804912134
36.88488127591469,-1.233726243063192,0.8860999941825867,439.23870849609375,190.10472512261316
36.89195341018546,-1.2522761034455268,0.8860999941825867,101.63700103759766,123.02937242417381
36.889291326856544,-1.2546349679027993,0.715399980545044,16.24049949645996,151.16725373653284
36.903645173147595,-1.2406958180097276,0.715399980545044,13.603300094604492,128.87299585209072
36.908469920487406,-1.2395319926347783,0.777899980545044,21.11199951171875,172.40095886437155
36.899694409614234,-1.236865450204818,0.777899980545044,196.24229431152344,162.70404617764663
36.883177899312265,-1.2395542881400459,0.777899980545044,24.082599639892578,146.26629132315443
36.89346504544257,-1.2474201423983242,0.777899980545044,95.82019805908203,46.87376585906175
36.89418296071218,-1.2455562381579834,0.840399980545044,301.3962097167969,148.32035977395466
36.88517111748316,-1.237859829739736,0.840399980545044,73.3196029663086,167.52281649510135
36.920799334900195,-1.2403658445317727,0.840399980545044,51.38759994506836,89.21084094279222
36.88918430843126,-1.2547954955407237,0.840399980545044,61.71139907836914,144.1333084271649
36.91675047114367,-1.2405442085739107,0.840399980545044,38.402000427246094,109.04226411013201
36.884439824910395,-1.249426737872375,0.902899980545044,57.61909866333008,171.26371285856936
36.911970314814376,-1.2374718879480866,0.704200029373169,82.49359893798828,44.22577090956092
36.91242960222287,-1.23972819308113,0.766700029373169,10.2298002243042,184.79424760048087
36.91520762217917,-1.2408652638497584,0.766700029373169,53.255001068115234,148.70375976479937
36.89721069032746,-1.238158589510317,0.766700029373169,48.164798736572266,159.49294371877718
36.90734622702195,-1.239005818710472,0.766700029373169,27.312599182128906,38.754153880740894
36.887092990037196,-1.2485081630553652,0.829200029373169,105.33350372314453,72.1098778745419
36.88515328107894,-1.2488693502406942,0.829200029373169,28.198400497436523,111.77144893241169
36.89766551863492,-1.2421048939426165,0.829200029373169,182.8773956298828,148.4676272807181
36.89705016268954,-1.2462919898318023,0.829200029373169,90.4854965209961,132.99136654899826
36.88953657741449,-1.255446524294527,0.829200029373169,88.07759857177734,66.75912581393091
36.89173491423383,-1.246711145330826,0.829200029373169,180.60479736328125,126.1970141043009
36.87922267667786,-1.2404461083507352,0.7723000049591064,76.45179748535156,99.12653925722424
36.893656786787865,-1.2406556861002465,0.7723000049591064,82.34989929199219,128.87306926922145
36.884573597941994,-1.2355366380908912,0.8348000049591064,122.70320129394531,57.492072085978045
36.88316006290805,-1.2492127010218095,0.8348000049591064,177.9821014404297,151.43318396480728
36.91523883588654,-1.2398039977990387,0.8348000049591064,53.65549850463867,29.71940944919483
36.917383663493254,-1.2464302219644592,0.8348000049591064,128.85569763183594,172.56333131298413
36.890365970210425,-1.2394651061189768,0.8973000049591064,202.15919494628906,9.94204745002231
36.89968549141213,-1.24038814003704,0.8973000049591064,113.02130126953125,120.41035294674468
36.90590593738169,-1.2372533919964677,0.8973000049591064,221.4998016357422,144.192412476413
36.92053178883698,-1.2386044996156615,0.7265999913215637,41.719200134277344,99.18094947068774
36.89843694311716,-1.2365042630194885,0.7265999913215637,165.30059814453125,123.04264880144927
36.89199800119599,-1.2557675795703747,0.7265999913215637,96.25150299072266,151.29626147030746
36.890883225932626,-1.249408901468161,0.7265999913215637,31.58919906616211,171.26374252359017
36.89587296001143,-1.237708220303919,0.7265999913215637,125.31749725341797,18.773919962414855
36.903912719210794,-1.240058166559085,0.7890999913215637,90.00779724121094,59.46545328753371
36.88695475790454,-1.2483699309227083,0.8515999913215637,111.40409851074219,52.27915508039319
36.89217636523813,-1.2472819102656674,0.8515999913215637,266.13739013671875,56.789404986926165
36.89517288114604,-1.2440758166082395,0.8515999913215637,119.35289764404297,190.57749995929387
36.91508276734967,-1.2394338924116026,0.8515999913215637,72.85060119628906,9.942028632785451
36.88336964065757,-1.2488916457459613,0.8515999913215637,88.8667984008789,111.771697940861
36.91448970690956,-1.2370973234595968,0.8515999913215637,40.505401611328125,180.95474715504557
36.8868343621761,-1.248361012720601,0.8515999913215637,105.5824966430664,52.27915754552762
36.89238148388659,-1.248918400352282,0.9140999913215637,771.833984375,121.68715240055938
36.890459611332545,-1.2491904055165421,0.7210000157356262,70.44450378417969,141.5175934406495
36.92043814771486,-1.242430408319518,0.7835000157356262,18.91699981689453,183.3919854819899
36.88629481094863,-1.2488916457459613,0.7835000157356262,62.393798828125,111.77135968198333
36.91472158016435,-1.2405798813823383,0.7835000157356262,105.70500183105469,118.95771128628154
36.90427836549718,-1.2409901186792553,0.7835000157356262,118.00559997558594,158.61907697667814
36.909103112836995,-1.2386223360198754,0.7835000157356262,60.082401275634766,151.2988089825389
36.878683125450394,-1.2488559729375337,0.8460000157356262,90.845703125,126.20344400470492
36.8974559408854,-1.242069221134189,0.8460000157356262,181.8123016357422,169.5678289884038
36.897482695491725,-1.237378246825964,0.8460000157356262,191.95480346679688,117.33373121842511
36.88378879615659,-1.2355633926972116,0.8460000157356262,56.11429977416992,113.80233100497699
36.89229230186552,-1.2388586683757081,0.9085000157356262,225.99940490722656,79.34961706588238
36.89992628286902,-1.243910829869262,0.9085000157356262,117.30130004882812,175.0863148713661
36.895293276874476,-1.2402989580159711,0.743399977684021,45.96329879760742,173.3955456421763
36.89440145666379,-1.2385465313019668,0.743399977684021,27.604400634765625,30.55857579328856
36.91569812329505,-1.2399912800432835,0.743399977684021,55.47890090942383,49.55011096951898
36.91992535109372,-1.237859829739736,0.805899977684021,72.4009017944336,188.41897466271507
36.91853411156504,-1.2416812793425396,0.805899977684021,29.494600296020508,26.192710556477717
36.90365855045074,-1.236214421451015,0.868399977684021,93.83100128173828,52.61026455514979
36.91387881006524,-1.2400492483569783,0.732200026512146,113.8864974975586,100.31027769620255
36.88880082574067,-1.2487757091185718,0.794700026512146,88.69149780273438,101.85599834474644
36.89691638965793,-1.245190591871601,0.794700026512146,72.54180145263672,34.49616923754024
36.89699219437584,-1.2386044996156615,0.794700026512146,151.07749938964844,180.56879073098622
36.91750405922169,-1.2379133389523778,0.794700026512146,90.43309783935547,178.50323357317112
36.89018760616829,-1.2473220421751483,0.794700026512146,59.556800842285156,56.78970447167981
36.90731055421352,-1.2400180346496037,0.794700026512146,36.41239929199219,116.12869212507547
36.91560894127398,-1.240735949919209,0.794700026512146,55.7244987487793,128.87301519557025
36.91507384914757,-1.2411818600245532,0.857200026512146,116.35980224609375,178.4498592799666
36.912072874138595,-1.2368431546995502,0.857200026512146,42.686500549316406,12.024197168319807
36.91755756843433,-1.241168482721393,0.857200026512146,54.52280044555664,135.97522350928668
36.89185976906333,-1.2389701459020444,0.7378000020980835,195.2812042236328,59.51889749105199
36.91380746444838,-1.2366915452637333,0.7378000020980835,110.34760284423828,159.80365542872494
36.90590593738168,-1.2407225726160485,0.7378000020980835,97.6875,128.8730479117294
36.89152979558536,-1.2531277917467347,0.7378000020980835,47.835201263427734,94.89376582447477
36.90570527783427,-1.2410525460940034,0.8003000020980835,212.14779663085938,168.53448633913618
36.87914687195995,-1.2400091164474973,0.8003000020980835,76.41470336914062,49.54971126890979
36.88558581388113,-1.2351085643897601,0.8003000020980835,188.3385009765625,29.353310261880107
36.88117576293927,-1.250149112243033,0.8003000020980835,124.82559967041016,169.22588264275532
36.884234706261935,-1.2382165578240116,0.8003000020980835,144.01089477539062,125.26567560536303
36.885398531636895,-1.2356837884256548,0.8628000020980835,128.88519287109375,19.909112050360918
36.89055771155572,-1.2528602456835283,0.8628000020980835,153.43319702148438,186.3364109435758
36.89181071895174,-1.2470544961119416,0.8628000020980835,201.6136016845703,86.53556131389307
36.905290581436304,-1.2408206728392241,0.7545999884605408,62.93259811401367,138.7883747202722
36.900715543755474,-1.2368565320027107,0.7545999884605408,127.69940185546875,162.70405200365744
36.89017868796618,-1.247170432739331,0.7545999884605408,37.287498474121094,76.62043094072482
36.88632156555495,-1.2354831288782495,0.7545999884605408,59.61640167236328,63.44166038245953
36.88071647553077,-1.2507733863905157,0.8170999884605408,24.109800338745117,183.29389398768438
36.886410747576015,-1.2369189594174588,0.8170999884605408,22.533100128173828,49.03564787182234
36.917401499897466,-1.2389701459020444,0.8170999884605408,70.26029968261719,59.518888275982235
36.91518532667389,-1.2404104355423073,0.8170999884605408,152.37319946289062,99.12694697275181
36.90620469715226,-1.2377617295165606,0.8795999884605408,121.07060241699219,137.19217011204333
36.915657991385565,-1.2412219919340344,0.8795999884605408,239.28599548339844,188.36519073868755
36.907979419371536,-1.2389656868009906,0.7490000128746033,76.220703125,87.99243417547011
36.89142277716009,-1.2548356274502046,0.7490000128746033,67.18769836425781,31.718021971099017
36.90335533157912,-1.240370303632826,0.7490000128746033,27.712299346923828,89.21155354787649
36.9178474100028,-1.2462964489328558,0.7490000128746033,71.19049835205078,119.0274563045006
36.902557152490544,-1.2412309101361412,0.7490000128746033,39.79130172729492,167.94183829841845
36.8915075000801,-1.2518926207549304,0.7490000128746033,105.03720092773438,186.335657803361
36.89160560030328,-1.2494178196702679,0.7490000128746033,49.74449920654297,171.2638541349318
36.9028782077664,-1.237788484122881,0.8115000128746033,431.8901062011719,137.27572904422985
36.90426944729506,-1.2394428106137094,0.8115000128746033,37.76959991455078,9.942085736658472
36.8835970548113,-1.234952495852889,0.8740000128746033,74.4176025390625,177.09014552850624
36.901277390488204,-1.239701438474809,0.8740000128746033,97.9259033203125,57.150849762222435
36.88796251474262,-1.2459976891622748,0.9365000128746033,7031.82958984375,146.0281169332821
36.91458780713273,-1.2379222571544843,0.7032999992370605,34.039798736572266,124.71977302983453
36.89719731302431,-1.2454403015305944,0.7032999992370605,99.37370300292969,69.66440018566406
36.89333573151202,-1.247589588238355,0.7032999992370605,77.13639831542969,36.958424507384514
36.89139602255377,-1.2462830716296949,0.7657999992370605,49.15650177001953,175.773891106546
36.89193111468018,-1.2464792720760471,0.7657999992370605,24.757600784301758,155.9430709587306
36.918088201459696,-1.24539571052006,0.8282999992370605,47.35219955444336,76.09373561752233
36.917049230914245,-1.2458371615243509,0.8282999992370605,98.61129760742188,195.90792966671364
36.894232010823764,-1.2406868998076208,0.8907999992370605,169.1790008544922,136.97062908775692
36.920076960529535,-1.2388140773651732,0.708899974822998,46.13169860839844,79.35005813943596
36.91865004819243,-1.2418863979909978,0.708899974822998,6.9191999435424805,16.212483505581655
36.8792851040926,-1.2397995386979852,0.708899974822998,17.372499465942383,29.71901749561114
36.91514519476441,-1.2406155541907657,0.771399974822998,91.58000183105469,118.95767775887107
36.89855287974454,-1.2368743684069248,0.771399974822998,127.51170349121094,159.6060035009326
36.91153778201218,-1.236098484823625,0.771399974822998,33.55220031738281,26.039604105274577
36.9057900007543,-1.2404505674517883,0.771399974822998,124.25990295410156,99.12694836603657
36.90659263894391,-1.2398976389211611,0.833899974822998,48.46860122680664,52.91136354550982
36.8863929111718,-1.2490744688891529,0.833899974822998,128.16920471191406,131.60208200571162
36.894084860488995,-1.240089380266459,0.896399974822998,194.9459991455078,65.07719916012172
36.89375488701104,-1.2472863693667207,0.760200023651123,44.122798919677734,49.80232580976079
36.87862069803565,-1.2407091953128881,0.760200023651123,104.27310180664062,128.87252598594725
36.91587648733718,-1.239977902740123,0.822700023651123,21.2450008392334,49.55010394689197
36.9138163826505,-1.2371196189648643,0.822700023651123,32.558799743652344,124.65210913550521
36.917102740126886,-1.2434158696523294,0.822700023651123,50.08150100708008,185.87620748807947
36.91856978437347,-1.2424660811279458,0.822700023651123,97.80149841308594,26.19270264986155
36.90505424908047,-1.2364418356047406,0.885200023651123,135.7790985107422,137.0868818599992
36.89212285602548,-1.2554732789008471,0.885200023651123,500.7438049316406,144.2624013161232
36.88678977116556,-1.2478170023920807,0.7200999855995178,29.87220001220703,7.2130195562358725
36.91326345411987,-1.2396211746558474,0.7825999855995178,80.8552017211914,114.4235021220993
36.89402243307424,-1.246827081958216,0.7825999855995178,35.70180130004883,63.8855486574816
36.91381192354943,-1.2397415703842902,0.7825999855995178,36.74909973144531,79.22686260588273
36.890267869987255,-1.2483476354174405,0.7825999855995178,48.63650131225586,52.279301826441014
36.889897764599816,-1.2408162137381706,0.7825999855995178,46.80379867553711,138.78841976447404
36.885630404891664,-1.2487311181080372,0.7825999855995178,127.43609619140625,91.94068105282712
36.895534068331365,-1.2397727840916646,0.8450999855995178,117.15599822998047,159.35748419018873
36.896158342478856,-1.2386892225356771,0.8450999855995178,230.41250610351562,117.22077829032492
36.886664916336066,-1.235817561457258,0.8450999855995178,72.81330108642578,56.441507498711836
36.88240647483002,-1.2488693502406942,0.9075999855995178,172.1804962158203,111.77189260722812
36.88916647202704,-1.2554242287892594,0.7145000100135803,58.0453987121582,94.89532185379117
36.91379408714523,-1.2377349749102398,0.7145000100135803,9.126799583435059,75.43994404627279
36.884457661314606,-1.2379311753565911,0.7770000100135803,58.16699981689453,118.25043302379983
36.90254377518738,-1.2407716227276362,0.7770000100135803,76.88619995117188,132.76236042492832
36.8796685867832,-1.2398352115064124,0.7770000100135803,40.942100524902344,29.719083905514605
36.87939658161895,-1.24078945913185,0.8395000100135803,179.32859802246094,138.78802133249584
36.894936548790206,-1.2407671636265831,0.9020000100135803,170.8430938720703,187.61258550265762
36.90230744283155,-1.2380203573776603,0.9020000100135803,169.3730926513672,168.5878072796604
36.89180625985068,-1.2468092455540023,0.9020000100135803,100.18620300292969,116.28165092051857
36.91354883658729,-1.2405932586854986,0.7312999963760376,89.09329986572266,170.64342321231535
36.91329912692829,-1.2390905416304874,0.7312999963760376,34.04349899291992,72.24165396598073
36.903854750897096,-1.2411461872161258,0.7312999963760376,115.44439697265625,178.44980521329276
36.88639737027286,-1.2480488756468602,0.7312999963760376,34.76890182495117,22.533084954136275
36.89373259150577,-1.245707847593801,0.7937999963760376,158.493896484375,169.41295073924277
36.89960522759316,-1.2415653427151496,0.7937999963760376,247.38650512695312,43.00791891422077
36.90124617678083,-1.242697954382725,0.8562999963760376,90.90260314941406,175.03382120680013
36.91307617187562,-1.2389300139925634,0.8562999963760376,58.5620002746582,72.25669329694195
36.918810575830356,-1.2390414915188992,0.8562999963760376,149.51800537109375,49.603498465656564
36.88515328107894,-1.2489406958575489,0.8562999963760376,51.29130172729492,121.68681233769982
36.895837287203,-1.2436611202102694,0.8562999963760376,65.70970153808594,169.49998251838394
36.90764944589359,-1.2367896454869092,0.8562999963760376,228.2115936279297,101.92683643063202
36.884493334123036,-1.2356035246066925,0.8562999963760376,109.1489028930664,57.49961052556187
36.894490638684864,-1.2403658445317727,0.9187999963760376,306.81439208984375,125.11437365836797
36.894361324754314,-1.2408920184560794,0.9187999963760376,199.5482940673828,159.0321187360341
36.887320404190916,-1.2470366597077278,0.9187999963760376,509.1474914550781,76.62057410358636
36.88344544537547,-1.2483208808111201,0.9187999963760376,126.84760284423828,52.27950203727106
36.89672464831263,-1.2372801466027885,0.7368999719619751,48.67190170288086,54.00073528943646
36.88307533998803,-1.236308062573137,0.7368999719619751,157.99769592285156,120.90041775872038
36.906793298491316,-1.2395364517358318,0.7368999719619751,40.21670150756836,38.7542248886098
36.89213623332864,-1.2522939398497404,0.7368999719619751,31.20039939880371,108.96124324210761
36.883601513912346,-1.2468181637561089,0.7993999719619751,35.89339828491211,116.28170381492473
36.895030189912326,-1.2441516213261483,0.7993999719619751,45.144500732421875,197.60963448328636
36.91710719922793,-1.2462251033160006,0.7993999719619751,95.04830169677734,191.04997085187793
36.91705814911635,-1.2409901186792553,0.7993999719619751,53.0078010559082,158.6190790225747
36.89239932029079,-1.2411684827213931,0.8618999719619751,109.5823974609375,178.44981227423798
36.89053987515151,-1.2386312542219826,0.9243999719619751,235.72889709472656,99.1803185023424
36.87726067221434,-1.2412086146308738,0.9243999719619751,862.43701171875,198.2799033742886
36.889384967978664,-1.2486240996827545,0.7257000207901001,48.284698486328125,82.02530654708903
36.89215852883391,-1.2536361292668274,0.7257000207901001,20.316699981689453,3.4513923768398627
36.905081003686796,-1.2407047362118346,0.7257000207901001,27.122699737548828,128.8730049618995
36.87901309892835,-1.2401518076812073,0.7882000207901001,45.47570037841797,69.38042117702221
36.903114540122225,-1.2411417281150723,0.7882000207901001,37.82170104980469,178.44982755656966
36.912273533686005,-1.2396122564537406,0.7882000207901001,52.46030044555664,191.8395975248915
36.88682544397399,-1.2484947857522046,0.7882000207901001,100.99549865722656,72.10988425444039
36.909375118001265,-1.2388943411841356,0.7882000207901001,45.00619888305664,193.5030752095416
36.883026289876454,-1.2395275335337248,0.7882000207901001,144.7032012939453,132.19063760812404
36.884751961984136,-1.2361876668446938,0.7882000207901001,62.73320007324219,12.826029302847985
36.88634832016127,-1.2481291394658223,0.7882000207901001,122.31819915771484,32.44845277231797
36.9048312940278,-1.2372355555922536,0.8507000207901001,94.67440032958984,73.80658581732555
36.89904338086043,-1.2412219919340344,0.8507000207901001,192.5063934326172,113.34445264628475
36.891815178052795,-1.2460734938801832,0.8507000207901001,110.33159637451172,195.6045561327406
36.89974345972582,-1.236758431779535,0.8507000207901001,104.12200164794922,152.78868286726066
36.898985412546736,-1.2410436278918964,0.9132000207901001,165.2852020263672,127.41626266732517
36.892894280507726,-1.240869722950812,0.9132000207901001,329.79010009765625,148.70373774281308
36.9039216374129,-1.2372266373901468,0.9132000207901001,388.7308044433594,10.639885286312415
36.88674963925608,-1.2473042057709345,0.7425000071525574,103.38870239257812,56.78983589024923
36.891079426378965,-1.2470946280214226,0.7425000071525574,22.950000762939453,86.53567834111202
36.905018576272056,-1.241168482721393,0.7425000071525574,145.16299438476562,178.44981480049603
36.92045152501802,-1.2385688268072343,0.7425000071525574,47.674800872802734,109.09627916890554
36.914578888930635,-1.2393491694915872,0.7425000071525574,60.959598541259766,12.234788938080966
36.89276496657718,-1.2548891366628458,0.8050000071525574,68.07099914550781,144.26288117195097
36.907569182074624,-1.239268905672625,0.8050000071525574,34.926700592041016,80.95841717658783
36.92194978297197,-1.2382923625419204,0.8050000071525574,89.32039642333984,138.84287546764085
36.91873031201139,-1.2427826773027406,0.8050000071525574,23.058700561523438,6.232256120071154
36.89140048165481,-1.2534978971341708,0.8050000071525574,62.39500045776367,73.79185876275378
36.893482881846786,-1.251058768857936,0.8050000071525574,58.53409957885742,33.444707049130805
36.89063351627363,-1.2488916457459613,0.8050000071525574,80.0073013305664,111.77152568424496
36.89158330479801,-1.251816816037022,0.8050000071525574,101.81379699707031,186.33558499161094
36.913869891863136,-1.240307876218078,0.8675000071525574,121.65769958496094,121.48254229568055
36.91911825380305,-1.2427202498879923,0.8675000071525574,131.73489379882812,33.68863279757687
36.8896792686482,-1.2554242287892594,0.8675000071525574,131.9788055419922,59.725076200499075
36.89747823639067,-1.2381719668134774,0.8675000071525574,160.86180114746094,180.60644870747214
36.899618604896325,-1.2397460294853437,0.8675000071525574,229.0576934814453,183.72973559580313
36.882228110787885,-1.2469162639792848,0.8675000071525574,129.74209594726562,106.36608024492936
36.90430957920455,-1.236918959417459,0.7480999827384949,74.78669738769531,45.6326748074912
36.89148966367589,-1.2390548688220597,0.7480999827384949,69.8718032836914,49.603534902579916
36.891092803682135,-1.254068662069012,0.7480999827384949,76.01799774169922,52.690145237369585
36.892038133105466,-1.2474558152067516,0.8105999827384949,219.06100463867188,46.87407573415056
36.89449955688696,-1.2468047864529483,0.8105999827384949,20.910600662231445,28.724922322907425
36.89209610141916,-1.2395944200495268,0.8105999827384949,210.17750549316406,9.888641374770826
36.89197570569072,-1.2520932803023355,0.8105999827384949,37.765899658203125,137.09735337832996
36.880765525642346,-1.2405531267760175,0.8730999827384949,826.1724853515625,118.95759950354768
36.883775418853425,-1.2347339999012705,0.8730999827384949,138.61459350585938,177.0750740063479
36.90085823498918,-1.2403435490265056,0.8730999827384949,206.04640197753906,43.060357645312195
36.891725996031724,-1.246947477686659,0.8730999827384949,86.6176986694336,96.45094033845034
36.89231013826972,-1.2511301144747913,0.8730999827384949,70.45390319824219,163.18718495724792
36.901067812738695,-1.2416545247362183,0.8730999827384949,86.81729888916016,83.57461600315185
36.89252863422134,-1.25347114252785,0.7592999935150146,68.51409912109375,10.6168763038675
36.89037042931147,-1.2489808277670302,0.7592999935150146,43.58250045776367,121.68685586664753
36.91856086617136,-1.2384707265840582,0.8217999935150146,24.06279945373535,119.01100100259369
36.880096660484334,-1.2481737304763565,0.8217999935150146,55.513099670410156,69.93112982364148
36.89367016409102,-1.2392421510663043,0.8217999935150146,192.32029724121094,29.772737744871602
36.88314222650384,-1.2482852080026927,0.8217999935150146,61.79029846191406,42.364186710222896
36.89321533578357,-1.240838509243438,0.8842999935150146,67.69930267333984,148.7037618753235
36.889104044612296,-1.241257664742462,0.7537000179290771,44.94350051879883,197.47115427298934
36.88606293769385,-1.2489005639480681,0.7537000179290771,84.154296875,111.77137520095538
36.905977282998535,-1.2369367958216728,0.7537000179290771,11.644700050354004,179.35148399053406
36.91557772756661,-1.2403123353191312,0.8162000179290771,120.61699676513672,89.21156501702406
36.88272753010587,-1.2470901689203693,0.8162000179290771,92.10449981689453,86.5354490857362
36.89052203874729,-1.2489629913628166,0.8162000179290771,58.9281005859375,121.68687767674456
36.88771280508362,-1.2378598297397359,0.8787000179290771,206.13699340820312,20.801483851398995
36.89734000425801,-1.2427692999995803,0.7080000042915344,36.391300201416016,120.31270036741762
36.878977426119924,-1.2396211746558474,0.7080000042915344,35.806800842285156,9.888231541176062
36.89015193335986,-1.2531857600604297,0.7080000042915344,22.550100326538086,193.3706583984292
36.88117576293927,-1.2406200132918193,0.7080000042915344,66.37300109863281,118.95768877689326
36.90427836549718,-1.2407091953128881,0.7705000042915344,70.66069793701172,128.8729892464882
36.90477778481515,-1.2363214398762976,0.7705000042915344,72.93280029296875,137.07182923892546
36.91845384774608,-1.2442229669430036,0.7705000042915344,49.63140106201172,36.17290252705409
36.880319615537005,-1.2481068439605547,0.7705000042915344,217.43930053710938,69.93111982346655
36.905638391318476,-1.24000019824539,0.7705000042915344,32.57040023803711,49.55013035865586
36.892189742541284,-1.24989940258404,0.7705000042915344,99.59590148925781,183.14765292628354
36.89672464831263,-1.2453020693979373,0.7705000042915344,112.75029754638672,27.467807726311825
36.92178925533406,-1.2390593279231132,0.8330000042915344,48.53099822998047,49.604559381890056
36.92115160388341,-1.2377572704155066,0.8330000042915344,86.59709930419922,198.33479166453944
36.889737236961885,-1.2466977680276659,0.8330000042915344,63.4109992980957,126.19729216884397
36.8920069193981,-1.2491993237186487,0.8330000042915344,149.6575927734375,151.433191170621
36.91486427139805,-1.237797402324988,0.8330000042915344,283.8841857910156,145.82573736122566
36.90734176792088,-1.2389032593862428,0.8330000042915344,57.067501068115234,31.720104988129087
36.89097240795369,-1.2495203789944973,0.8330000042915344,44.84830093383789,181.17911875099463
36.89772794604966,-1.2443611990756605,0.8955000042915344,164.80569458007812,34.46223112409627
36.89316628567199,-1.2544120128501273,0.8955000042915344,455.1160888671875,137.22918375619298
36.91477508937698,-1.237289064804895,0.7135999798774719,16.45170021057129,188.00760874377755
36.88318681751438,-1.2362277987541748,0.7760999798774719,25.819900512695312,113.85505360928535
36.91819967898604,-1.2424839175321596,0.7760999798774719,41.75299835205078,66.11359445550896
36.91289780783349,-1.240356926329666,0.7760999798774719,82.47750091552734,198.81726323660644
36.91962659132314,-1.2416010155235773,0.7760999798774719,24.652000427246094,93.57000414814522
36.88712866284561,-1.2487221999059304,0.7760999798774719,217.57510375976562,91.94060640861085
36.918667884596644,-1.2446644179472948,0.7760999798774719,19.19409942626953,16.212466632637362
36.88575080062011,-1.2487400363101444,0.8385999798774719,88.99510192871094,101.85603037027748
36.889973569317725,-1.2480577938489672,0.8385999798774719,45.883201599121094,22.53318267118493
36.89049082503992,-1.247357714983576,0.8385999798774719,75.3938980102539,56.78966220541804
36.89507478092286,-1.2388140773651735,0.9010999798774719,209.3527069091797,39.79713933722386
36.89231459737078,-1.2464881902781542,0.7024000287055969,109.01360321044922,146.027638457439
36.892965626124585,-1.2463410399433903,0.7649000287055969,93.03610229492188,165.85823037476612
36.89813818334658,-1.2428896957280229,0.7649000287055969,74.96959686279297,49.98748582055256
36.91263026177028,-1.2394338924116026,0.7649000287055969,13.347599983215332,149.62767398812178
36.883516790992324,-1.2397415703842904,0.7649000287055969,79.51219940185547,188.4782132190328
36.88664707993185,-1.2494311969734282,0.8274000287055969,131.66400146484375,171.2635242989305
36.885206790291576,-1.2350818097834393,0.8274000287055969,122.69539642333984,43.919700254111625
36.89133805424007,-1.2395632063421524,0.8274000287055969,445.97210693359375,0.026717223449510833
36.887324863291965,-1.2484278992364026,0.8274000287055969,111.52670288085938,62.19451195464072
36.882950485158545,-1.2492439147291836,0.8899000287055969,216.4925994873047,151.43321766625385
36.8904640704336,-1.2555892155282369,0.7192000150680542,68.17160034179688,17.649370746756706
36.914146356128455,-1.236624658747932,0.7817000150680542,101.19730377197266,187.95498104850705
36.88089929867396,-1.2401339712769937,0.7817000150680542,208.23989868164062,69.38078684921946
36.917499600120635,-1.2431527826901763,0.7817000150680542,32.242000579833984,145.9553437802411
36.893656786787865,-1.2464748129749936,0.7817000150680542,170.0312957763672,120.15772284476571
36.917771605284905,-1.2443389035703931,0.7817000150680542,74.10389709472656,116.01463130927606
36.892038133105466,-1.2413111739551033,0.8442000150680542,73.05580139160156,198.28052963608835
36.87833085646717,-1.248847054735427,0.8442000150680542,280.7069091796875,161.37359878561153
36.88957225022292,-1.2491279781017937,0.8442000150680542,250.23829650878906,141.5175013143546
36.919854005476864,-1.2166746406348148,0.9067000150680542,280.7391052246094,91.40246634161036
36.884827766702045,-1.2467958682508418,0.9067000150680542,117.4968032836914,116.28186787069703
36.878647452641964,-1.2399868209422298,0.7247999906539917,143.881103515625,49.549639183919965
36.92174466432352,-1.2386892225356771,0.7872999906539917,206.7209930419922,89.26598095813307
36.920505034230665,-1.2390325733167924,0.7872999906539917,77.90239715576172,59.51949998894465
36.91848506145345,-1.241502915300401,0.7872999906539917,31.683500289916992,36.172938946384676
36.892800639385605,-1.2473354194783088,0.7872999906539917,77.09629821777344,56.78927534006857
36.88601388758226,-1.2486151814806477,0.7872999906539917,68.29910278320312,82.02528504057769
36.91542165902973,-1.238198721419798,0.7872999906539917,27.539199829101562,148.75712393417987
36.87891499870518,-1.2484635720448307,0.8497999906539917,113.37999725341797,140.27150216677623
36.88721784486669,-1.2472819102656674,0.8497999906539917,60.78620147705078,66.7052097625162
36.88664707993184,-1.2491814873144351,0.8497999906539917,101.5687026977539,141.51743397229234
36.8967380256158,-1.2423768991068769,0.8497999906539917,42.70899963378906,197.68134781540942
36.91840925673555,-1.2448606183936461,0.8497999906539917,83.6593017578125,36.17289401809555
36.907372981628264,-1.2361118621267853,0.9122999906539917,218.2198944091797,186.33540744151398
36.90306549001064,-1.2377438931123466,0.9122999906539917,137.68130493164062,116.16975504043309
36.89018314706724,-1.2555401654166494,0.7360000014305115,121.17179870605469,10.486777955668787
36.882798875722735,-1.2358933661751668,0.7985000014305115,258.7069091796875,170.13515262503861
36.88073877103604,-1.2503185580830642,0.7985000014305115,47.05830001831055,148.123763116912
36.88789116912576,-1.249310801244985,0.7985000014305115,53.55509948730469,161.34814766051693
36.90104105813237,-1.2423100125910749,0.7985000014305115,38.687599182128906,132.8259135503135
36.88321803122176,-1.2357729704467235,0.8610000014305115,277.789306640625,141.97627955275493
36.88904161719755,-1.2482004850826771,0.8610000014305115,68.58159637451172,32.44846513275771
36.919394718068354,-1.2400626256601386,0.8610000014305115,216.0623016357422,59.465300002121296
36.8971973130243,-1.2382254760261187,0.741599977016449,52.400699615478516,159.49294371877718
36.890553252454666,-1.2476297201478361,0.741599977016449,114.00460052490234,27.043572432682407
36.88075660744025,-1.2506128587525913,0.804099977016449,161.1298065185547,162.1918091616261
36.89834776109609,-1.2372667692996278,0.866599977016449,71.09609985351562,180.6818182294448
36.898922985131996,-1.2416946566456997,0.866599977016449,130.6033935546875,85.19707867560868
36.90962482766025,-1.2381139984997827,0.792900025844574,38.111900329589844,151.29882632600416
36.90433633381087,-1.2402900398138639,0.792900025844574,149.50210571289062,79.29617694741677
36.884774257489404,-1.2356882475267081,0.855400025844574,232.83250427246094,29.36332309785747
36.907916991956796,-1.2363169807752439,0.855400025844574,255.08509826660156,123.02898090500578
36.883864600874496,-1.2492617511333972,0.7472000122070312,246.3679962158203,151.43307667198852
36.88503734445156,-1.2489674504638697,0.7472000122070312,145.72479248046875,121.68682157249549
36.890361511109376,-1.2480444165458064,0.7472000122070312,88.90850067138672,22.53322222960694
36.905910396482746,-1.2400849211654057,0.7472000122070312,23.99970054626465,59.46551019553191
36.88170639596463,-1.2498637297756126,0.7472000122070312,104.53240203857422,190.32802618997513
36.8896213003345,-1.2473755513877898,0.7472000122070312,53.40399932861328,56.78975771658063
36.8896213003345,-1.2495159198934438,0.7472000122070312,45.90409851074219,181.1789627911204
36.90532179514368,-1.241146187216126,0.7472000122070312,103.41300201416016,178.4498291821266
36.88661140712343,-1.2468939684740177,0.7472000122070312,135.59979248046875,106.36664537105143
36.91139509077848,-1.237137455369078,0.8097000122070312,28.906400680541992,65.36940665242022
36.89786617818231,-1.2428317274143286,0.8097000122070312,208.20469665527344,78.11606828693313
36.883155603807,-1.2400982984685658,0.8097000122070312,60.102901458740234,188.44813186836447
36.892996839831966,-1.247099087122476,0.8097000122070312,202.5605926513672,76.61996172074575
36.88100631709924,-1.2498949434829862,0.8722000122070312,57.22639846801758,134.05573691717305
36.896167260680954,-1.238577745009341,0.8722000122070312,56.84349822998047,110.19799819001304
36.90462617537934,-1.2398129160011455,0.8722000122070312,88.41699981689453,29.71936769749857
36.89219420164234,-1.2468226228571626,0.7527999877929688,87.88819885253906,116.28156677773305
36.891168608400044,-1.2478170023920807,0.7527999877929688,68.231201171875,7.212758873697241
36.9186723436977,-1.2437904341408192,0.8152999877929688,40.095298767089844,16.21247207967345
36.89658195707893,-1.2392332328641977,0.8152999877929688,209.26080322265625,194.59175940524673
36.90369868236023,-1.2361163212278388,0.8152999877929688,67.2927017211914,59.64056900567529
36.88223256988894,-1.2470500370108881,0.8152999877929688,122.60479736328125,86.53535383125028
36.90649899782179,-1.24037476273388,0.8152999877929688,47.8588981628418,92.6679267837288
36.899899528262694,-1.2400670847611919,0.8777999877929688,118.95449829101562,134.48964975624264
36.90434971111403,-1.2360628120151975,0.8777999877929688,51.907798767089844,122.97357255075704
36.91737474529114,-1.242747004494313,0.707099974155426,40.18239974975586,155.93558532208107
36.87876338926936,-1.2410124141845225,0.707099974155426,87.15730285644531,168.5340034641465
36.91811495606602,-1.2387650272535855,0.769599974155426,235.80059814453125,79.34958194983152
36.89341153622993,-1.2528468683803677,0.832099974155426,26.5,31.719608218858532
36.897005571679,-1.2454536788337545,0.832099974155426,63.601898193359375,62.63603748792334
36.889175390229155,-1.254639427003853,0.832099974155426,15.866499900817871,158.20130453078724
36.89007612864195,-1.2398976389211613,0.758400022983551,6.274499893188477,39.634781627248664
36.89698773527479,-1.2458951298380458,0.758400022983551,34.78120040893555,97.8155901670042
36.89346504544257,-1.2535068153362778,0.758400022983551,206.3878936767578,87.99150215581683
36.89069148458732,-1.2485349176616856,0.758400022983551,30.181699752807617,72.11008390683797
36.88056486609495,-1.2399065571232677,0.758400022983551,123.5238037109375,39.63463594202729
36.89465116632279,-1.2465818314002763,0.758400022983551,151.9980926513672,28.73250363402861
36.914079469612645,-1.2409901186792553,0.820900022983551,78.55020141601562,170.4874176922152
36.90209786508205,-1.2383815445629893,0.820900022983551,259.14410400390625,119.01756612741262
36.89871340738247,-1.2367227589711076,0.883400022983551,200.54530334472656,152.78871873383653
36.899235122205724,-1.2408652638497586,0.883400022983551,84.84290313720703,120.39161127223453
36.905580423004785,-1.2375298562617811,0.883400022983551,150.44639587402344,101.98799496396349
36.87955265015582,-1.2471347599309035,0.883400022983551,368.3399963378906,196.54370719352812
36.89239486118974,-1.2460645756780766,0.883400022983551,229.75059509277344,195.60443596340872
36.87914687195995,-1.240138430378047,0.7639999985694885,88.23470306396484,69.38043626647872
36.88297723976487,-1.2479596936257913,0.8264999985694885,210.78550720214844,12.618130445235819
36.89242161579606,-1.2510230960495083,0.8264999985694885,163.72109985351562,153.20699943660634
36.915564350263445,-1.2384618083819516,0.8264999985694885,44.5880012512207,119.0110460138915
36.908764221156936,-1.2394428106137094,0.8264999985694885,34.035099029541016,186.46903745403125
36.88316006290805,-1.2474825698130723,0.8264999985694885,143.17640686035156,36.95871968246794
36.8979731966076,-1.2369367958216728,0.8889999985694885,228.8437957763672,117.37141791167717
36.89595322383039,-1.2386713861314633,0.8889999985694885,184.20880126953125,103.15264226836766
36.894851825870184,-1.245230723781082,0.8889999985694885,72.93830108642578,127.24290918323264
36.90687356231028,-1.239518615331618,0.7127000093460083,62.20220184326172,45.788261373799926
36.897166099316934,-1.2375610699691553,0.7752000093460083,42.773799896240234,110.28082513493301
36.899489290965775,-1.240749327222369,0.7752000093460083,83.86859893798828,113.36695486836152
36.89253755242345,-1.2514244151443186,0.7752000093460083,70.66850280761719,143.22678904839148
36.91709828102583,-1.2460244437685952,0.7752000093460083,79.97000122070312,187.46162833535558
36.880096660484334,-1.2402053168938487,0.7752000093460083,267.5260925292969,79.2959869539559
36.88272307100481,-1.247892807109989,0.8377000093460083,38.430198669433594,2.702820232378079
36.890798503012604,-1.2477367385731188,0.8377000093460083,224.4340057373047,17.12817390285061
36.899542800178416,-1.2362946852699768,0.8377000093460083,217.4969940185547,103.2118766246397
36.9027444347348,-1.2406021768876054,0.8377000093460083,31.021400451660156,118.95767130959211
36.88286130313747,-1.2492528329312904,0.9002000093460083,204.97979736328125,161.34859846688894
36.89451739329119,-1.2401116757717263,0.9002000093460083,214.19500732421875,95.99451750214466
36.885683914104305,-1.2337708340737263,0.9002000093460083,230.60609436035156,176.0868616948664
36.89742472717803,-1.2379044207502705,0.9002000093460083,202.48049926757812,159.51554282116211
36.912835380418734,-1.2362411760573353,0.7807999849319458,83.77069854736328,117.53902353045086
36.913254535917766,-1.2376279564849568,0.7807999849319458,74.21869659423828,40.243273318257174
36.88033745194122,-1.2478036250889206,0.7807999849319458,1140.7384033203125,83.99917464805597
36.91823089269341,-1.2452708556905632,0.8432999849319458,138.47360229492188,66.11352561542448
36.89243499309922,-1.2467245226339865,0.8432999849319458,88.25189971923828,126.19689393501845
36.890013701227204,-1.2488961048470149,0.8432999849319458,213.96640014648438,111.7714529029621
36.89433457014798,-1.2387382726472649,0.8432999849319458,94.93830108642578,23.535781516807447
36.8856749959022,-1.2476609338552103,0.8432999849319458,92.9406967163086,17.128322796500612
36.892278924562355,-1.2389701459020444,0.8432999849319458,289.3074951171875,59.51889230659785
36.90137103161033,-1.2369100412153522,0.8432999849319458,142.6304931640625,172.6194389958994
36.89005383313668,-1.2408518865465983,0.9057999849319458,477.3004150390625,148.70377573601854
36.87861623893458,-1.240628931493926,0.7350999712944031,63.10879898071289,118.95716342758107
36.896778157525276,-1.2390816234283804,0.7350999712944031,127.70649719238281,194.6068123381346
36.91910041739883,-1.243598692795521,0.7975999712944031,66.06919860839844,33.68862148925676
36.88488573501573,-1.2365533131310762,0.8600999712944031,269.7637939453125,47.98507769192731
36.888738398325906,-1.246269694326535,0.8600999712944031,55.167598724365234,175.77417764020697
36.88629481094863,-1.2489540731607094,0.8600999712944031,116.42240142822266,121.68672308727145
36.90220934260837,-1.2385197766956462,0.9225999712944031,172.4951934814453,109.09562605455551
36.89968549141213,-1.2405040766644295,0.9225999712944031,160.01559448242188,113.37444987238382
36.89026341088619,-1.2469742322929795,0.7239000201225281,53.20009994506836,96.45114731404549
36.90347572730756,-1.240878641152919,0.7239000201225281,98.78820037841797,158.6190914566929
36.8963634611273,-1.2447848136757376,0.7864000201225281,76.98159790039062,42.87620674857353
36.9078010553294,-1.2393714649968544,0.7864000201225281,33.43840026855469,102.0605438295449
36.88387797817765,-1.2471035462235294,0.7864000201225281,56.4724006652832,86.53565714459089
36.90135319520611,-1.2425106721384802,0.7864000201225281,54.5718994140625,167.99417805616474
36.89407594228689,-1.2395319926347783,0.8489000201225281,353.9689025878906,11.585718893608153
36.896519529664175,-1.2428986139301301,0.9114000201225281,210.5366973876953,176.56230668021516
36.91360234579993,-1.2381898032176912,0.7294999957084656,21.53969955444336,26.212741117225065
36.880640670812866,-1.2504344947104533,0.7919999957084656,115.6875,148.12375634542363
36.89977021433214,-1.2393268739863201,0.7919999957084656,98.84609985351562,197.80902984180312
36.90295847158536,-1.240339089925452,0.7919999957084656,66.28929901123047,89.21157339640895
36.89254647062556,-1.2540106937553173,0.8544999957084656,103.80229949951172,52.8208112725548
36.920134928843225,-1.242448244723732,0.8544999957084656,55.73059844970703,153.45131562333893
36.89502573081127,-1.2454625970358615,0.8544999957084656,101.64659881591797,92.07089939048643
36.879873705431656,-1.2468449183624295,0.8544999957084656,343.44989013671875,189.50963723033038
36.89730879055064,-1.2366514133542525,0.9169999957084656,102.42150115966797,47.01563788075868
36.9179142965186,-1.240887559355026,0.7462999820709229,12.409700393676758,96.0543212812944
36.90397514662554,-1.2394695652200303,0.7462999820709229,49.36280059814453,9.942084923035873
36.89999762848586,-1.240058166559085,0.8087999820709229,105.16590118408203,134.49339402276786
36.883993914805046,-1.2393134966831598,0.8087999820709229,102.46900177001953,195.54613560328892
36.90400190123186,-1.2406690634034072,0.8712999820709229,56.30649948120117,128.87299006009226
36.88739174980777,-1.246519403985528,0.9337999820709229,1089.3957,126.19739132164986
36.87903985353467,-1.2478036250889206,0.7407000064849854,152.59300231933594,182.47568212204717
36.92090189422442,-1.2383815445629893,0.7407000064849854,146.82859802246094,128.92716372062955
36.89249296141291,-1.2514511697506392,0.7407000064849854,99.45010375976562,143.2267842091101
36.894851825870184,-1.2457613568064423,0.7407000064849854,44.49470138549805,85.02741200565957
36.894575361604886,-1.2388809638809755,0.8032000064849854,166.30279541015625,11.638315469439856
36.918181842581824,-1.2417972159699289,0.8032000064849854,111.46610260009766,66.11361219527302
36.89498559890179,-1.239777243192718,0.8657000064849854,108.53839874267578,110.09270719609951
36.92174020522247,-1.2378152387292016,0.8657000064849854,129.75669860839844,188.41960411291655
36.90040340668173,-1.2361921259457473,0.8657000064849854,124.9269027709961,93.29651143391769
36.91903353088303,-1.239438351512656,0.8657000064849854,139.08180236816406,9.942087165944605
36.91303158086509,-1.2364953448173817,0.8657000064849854,87.43479919433594,110.52377309672978
36.889710482355575,-1.2394740243210836,0.8657000064849854,105.72229766845703,9.942003567044475
36.90740865443669,-1.2391752645505025,0.7519000172615051,45.12110137939453,59.85629054274218
36.88323140852491,-1.2486062632785404,0.7519000172615051,128.76150512695312,82.02562378503913
36.892002460297036,-1.2552191101408008,0.7519000172615051,124.13960266113281,116.12637376041101
36.89591755102196,-1.237828616032362,0.7519000172615051,108.8656997680664,32.84205826655394
36.91245189772814,-1.239438351512656,0.7519000172615051,61.04460144042969,163.70332983026537
36.90122834037662,-1.2429432049406646,0.8144000172615051,103.30159759521484,196.14151891229469
36.878598402530386,-1.2410034959824154,0.8144000172615051,171.2248992919922,158.61861371618798
36.90337316798333,-1.2411551054182328,0.8144000172615051,66.55380249023438,178.44981665614185
36.888970271580696,-1.2460824120822904,0.8144000172615051,167.9293975830078,195.60488894324848
36.90711881286821,-1.2393625467947473,0.8144000172615051,117.3551025390625,52.822273459903364
36.89942686355103,-1.2409945777803086,0.8769000172615051,191.32220458984375,99.29139866822955
36.9182219744913,-1.2386134178177686,0.8769000172615051,72.768798828125,99.18030127371975
36.90533071334579,-1.2407582454244759,0.8769000172615051,147.26400756835938,138.78837882001733
36.898900689626714,-1.2402855807128108,0.8769000172615051,174.83920288085938,197.77156239792106
36.88455576153778,-1.2379445526597517,0.7574999928474426,97.36470031738281,125.28826780551617
36.8843818565967,-1.2482049441837308,0.7574999928474426,247.83419799804688,42.364000652983606
36.914605643536945,-1.2370794870553832,0.7574999928474426,93.05850219726562,187.9925758365242
36.89391987375002,-1.2475583745309808,0.8199999928474426,50.25960159301758,14.63032368706128
36.91708490372267,-1.2463142853370697,0.8199999928474426,46.30229949951172,193.5824095136535
36.91748622281748,-1.245105868951586,0.8199999928474426,35.77470016479492,145.95523590874913
36.89249296141292,-1.2473532558825224,0.8199999928474426,32.627201080322266,56.7893329339324
36.89487412137546,-1.2389433912957233,0.8824999928474426,117.69830322265625,39.789620783746074
36.8955117728261,-1.239380383198961,0.8824999928474426,166.9322967529297,117.16812196682238
36.90239662485262,-1.2391128371357547,0.8824999928474426,52.617698669433594,49.60346615950524
36.89288090320456,-1.2466130451076505,0.8824999928474426,118.72550201416016,136.1121611198135
36.919987778508464,-1.2378910434471102,0.7117999792098999,69.091796875,178.5036470551694
36.89213623332864,-1.2539125935321414,0.7117999792098999,42.90909957885742,17.650577974752185
36.9115556184164,-1.2365666904342367,0.7117999792098999,12.145099639892578,9.111912603623358
36.893251008592,-1.2471525963351173,0.7117999792098999,136.79469299316406,76.61989904960507
36.89225662905709,-1.2535424881447053,0.7742999792098999,65.36419677734375,3.451320859891156
36.87704663536378,-1.2382210169250654,0.7742999792098999,52.79710006713867,148.75779868229716
36.917401499897466,-1.2415252108056687,0.7742999792098999,55.87900161743164,155.93565854467906
36.89232797467394,-1.2542381079090428,0.7742999792098999,45.094600677490234,59.854658207529326
36.899640900401586,-1.2367762681837489,0.8367999792098999,144.77830505371094,152.78868549404717
36.918128333369175,-1.2420781393362956,0.8367999792098999,53.95159912109375,76.09383016969564
36.87948576364001,-1.2403212535212385,0.8992999792098999,68.5177993774414,89.21122502075629
36.912402847616555,-1.236749513577428,0.7631000280380249,54.44459915161133,40.168009384206975
36.89262227534347,-1.2525258131045196,0.7631000280380249,55.514801025390625,52.68894958049375
36.91803915134811,-1.2452218055789754,0.7631000280380249,43.82749938964844,86.07395362919179
36.88675409835713,-1.24764755655205,0.7631000280380249,37.24980163574219,27.04374611748887
36.91189451009646,-1.2393670058958006,0.7631000280380249,67.81990051269531,198.8999985736766
36.89698327617374,-1.2378955025481637,0.8256000280380249,70.6843032836914,124.32636550350335
36.895065862720756,-1.2386178769188219,0.8256000280380249,95.90480041503906,32.77435048318891
36.911885591894354,-1.2387427317483184,0.8256000280380249,39.90290069580078,149.6878672565402
36.91719192214796,-1.24276929999958,0.8256000280380249,85.6719970703125,175.89602921494483
36.899721164220544,-1.237017059640635,0.8881000280380249,101.27459716796875,182.53477053409756
36.87250281139032,-1.2408162137381709,0.8881000280380249,1570.570556640625,158.6184907399984
36.89215852883391,-1.250407740104133,0.7062000036239624,42.589500427246094,183.147615832081
36.89058000706099,-1.248499244853258,0.7062000036239624,87.19869995117188,72.11006074275926
36.88190259641098,-1.2480890075563407,0.7062000036239624,36.51210021972656,22.533724399721688
36.912665934578705,-1.2361698304404802,0.7062000036239624,89.23829650878906,103.46335170571058
36.91802577404495,-1.2453912514190062,0.7062000036239624,15.591699600219727,86.07394784076347
36.89371029600051,-1.247072332516155,0.7687000036239624,151.3809051513672,70.91008329003056
36.89751836830014,-1.242127189447884,0.7687000036239624,53.06169891357422,155.49977370821358
36.8764134430142,-1.2384841038872185,0.7687000036239624,71.810302734375,119.01175615481237
36.91190788739962,-1.2390816234283804,0.7687000036239624,27.731800079345703,177.8090851146244
36.901313063296634,-1.2402053168938487,0.8312000036239624,43.71620178222656,14.939193199280874
36.91769134146593,-1.2385420722009133,0.8312000036239624,89.04570007324219,109.09569097013343
36.905687441430054,-1.2400804620643522,0.8312000036239624,77.98509979248047,59.465498297514294
36.8927337528698,-1.251509138064334,0.8312000036239624,165.97909545898438,123.2664055170184
36.88970156415346,-1.2409187730623998,0.8312000036239624,144.96139526367188,148.70380417427273
36.89668897550421,-1.2380649483881947,0.8937000036239624,150.9792938232422,110.23563608180552
36.902222719911535,-1.2388765047799217,0.8937000036239624,116.1050033569336,69.43417660928232
36.91263026177028,-1.239558747241099,0.7229999899864197,26.000499725341797,156.65798037633002
36.91370044602311,-1.2408563456476516,0.7854999899864197,142.17970275878906,180.5611419740807
36.88267847999428,-1.249092305293366,0.7854999899864197,130.0299072265625,131.60254390039134
36.89115969019793,-1.2478928071099893,0.7854999899864197,46.10029983520508,2.7026044207510393
36.915635695880304,-1.2401741031864746,0.7854999899864197,96.27770233154297,69.3808399827529
36.918164006177605,-1.240767163626583,0.8479999899864197,156.09689331054688,76.09386588067672
36.89038826571569,-1.2534443879215296,0.8479999899864197,88.35659790039062,158.20055908417143
36.87969088228847,-1.2484234401353491,0.8479999899864197,408.1712951660156,91.03326201957049
36.893821773526845,-1.246220644214947,0.9104999899864197,158.11880493164062,127.20122964777562
36.893099399156185,-1.2540775802711188,0.9104999899864197,466.4042053222656,109.09315877878791
36.88952320011131,-1.2481514349710887,0.7174000144004822,18.23270034790039,32.44850416125866
36.89206488771179,-1.2514065787401045,0.7174000144004822,14.597000122070312,186.33521007408916
36.90109010824396,-1.242787136403794,0.7799000144004822,88.7426986694336,175.03756609338785
36.9038636690992,-1.241288878449836,0.7799000144004822,55.57310104370117,198.28053044940725
36.885978214773836,-1.2355812291014252,0.7799000144004822,101.76799774169922,21.229688039193565
36.89274713017296,-1.2407582454244759,0.8424000144004822,206.56619262695312,138.78837516604057
36.8913648088464,-1.2492706693355045,0.8424000144004822,148.9069061279297,151.4330828484003
36.91745946821116,-1.2424214901174113,0.8424000144004822,46.99789810180664,145.9553829634669
36.912813084913466,-1.238608958716715,0.8424000144004822,168.91409301757812,65.2489508621721
36.91663453451628,-1.2405665040791778,0.8424000144004822,113.80349731445312,109.04226440819748
36.89858409345193,-1.2420781393362959,0.9049000144004822,177.18499755859375,85.18205609583647
36.88335626335441,-1.2349747913581566,0.739799976348877,45.3588981628418,198.20366529207485
36.90525490862788,-1.2408741820518654,0.739799976348877,111.7134017944336,148.7037372970251
36.89272037556664,-1.252739849955085,0.739799976348877,46.207801818847656,31.586906923968073
36.88082349395605,-1.2397817022937714,0.739799976348877,51.63130187988281,29.71933689084992
36.901638577673545,-1.2386936816367304,0.739799976348877,191.36940002441406,108.19198063732
36.8733767951968,-1.2409767413760948,0.739799976348877,16.627099990844727,158.61841131884776
36.90636968389125,-1.2386000405146085,0.802299976348877,182.72030639648438,66.75646886695078
36.8973801361675,-1.245917425343313,0.802299976348877,96.0354995727539,125.94413188077183
36.878415579387195,-1.248249535194265,0.802299976348877,75.22940063476562,196.54376300002514
36.88307088088698,-1.249310801244985,0.864799976348877,51.318599700927734,161.3485640884639
36.89811142874026,-1.245475974339022,0.864799976348877,34.90829849243164,147.0216883151806
36.886259138140204,-1.236406162796313,0.864799976348877,218.12179565429688,20.929508391096363
36.91040962944566,-1.23721771918804,0.728600025177002,18.21980094909668,137.2308078862055
36.894753725647014,-1.2443834945809273,0.728600025177002,34.17940139770508,197.5982875930989
36.89759417301805,-1.2419131525973184,0.728600025177002,220.62989807128906,169.57159141247283
36.891092803682135,-1.2491904055165421,0.728600025177002,74.86530303955078,141.5176780689199
36.8932420903899,-1.2384305946745775,0.791100025177002,107.65689849853516,119.0110244784461
36.91003060585612,-1.2375476926659952,0.791100025177002,831.260009765625,116.12861940945564
36.91539044532236,-1.2399912800432833,0.791100025177002,91.65760040283203,49.55012402517934
36.90247688867157,-1.2385688268072341,0.791100025177002,201.92469787597656,109.09564704182564
36.8823708020216,-1.2483788491248147,0.791100025177002,60.62900161743164,62.195075719535716
36.88656235701183,-1.2483520945184945,0.853600025177002,115.73410034179688,52.27916697174275
36.8925999798382,-1.2551433054228924,0.853600025177002,151.48300170898438,144.26267117377964
36.90162520037038,-1.2426043132606026,0.853600025177002,111.3021011352539,196.12654362863918
36.891248872219,-1.2481737304763565,0.853600025177002,80.11810302734375,32.4487081417241
36.89740689077382,-1.2364819675142213,0.853600025177002,96.05449676513672,39.992872687905475
36.880301779132786,-1.2500554711209104,0.853600025177002,61.38959884643555,91.8515176639241
36.90152264104614,-1.2366514133542525,0.853600025177002,205.43930053710938,142.87336260920478
36.88208541955417,-1.248909482150175,0.7342000007629395,38.424198150634766,111.77195280626104
36.88381555076291,-1.2388007000620131,0.7342000007629395,207.4365997314453,139.28864630129294
36.91816846527866,-1.2439821754861176,0.7967000007629395,50.10070037841797,66.11355894450905
36.907983878472585,-1.2368431546995506,0.7967000007629395,24.997100830078125,80.82469794544463
36.893982301164776,-1.253065364331987,0.7967000007629395,60.74359893798828,95.02596913199636
36.89334464971412,-1.2399779027401232,0.7967000007629395,92.13770294189453,49.55014235578585
36.890165310663015,-1.2396033382516334,0.8592000007629395,251.34890747070312,9.888694227214238
36.88079673934973,-1.2411551054182326,0.8592000007629395,97.0958023071289,178.44977499148243
36.87980681891586,-1.2400804620643522,0.8592000007629395,230.96929931640625,59.4652065829055
36.884823307600996,-1.2340963484506278,0.8592000007629395,387.654296875,154.52340151185862
36.89766105953386,-1.245449219732701,0.9217000007629395,259.34210205078125,104.82885858854057
36.903208181244345,-1.2362723897647092,0.7509999871253967,25.503999710083008,10.390768955218263
36.893598818474175,-1.2382879034408667,0.7509999871253967,26.811599731445312,114.98993931380431
36.91867680279876,-1.2439465026776897,0.7509999871253967,79.86730194091797,16.212470990505263
36.91201936492595,-1.2362188805520682,0.7509999871253967,22.40959930419922,54.19849282509498
36.90306994911169,-1.2376457928891704,0.7509999871253967,82.74500274658203,102.10161647015826
36.906253747263854,-1.2374852652512467,0.7509999871253967,39.20180130004883,158.28310424168214
36.9039885239287,-1.2397371112832367,0.8134999871253967,40.5786018371582,19.80400242207454
36.880832412158156,-1.2400269528517112,0.8134999871253967,94.3998031616211,49.550061851675245
36.902664170915834,-1.2409767413760948,0.8134999871253967,40.814998626708984,153.8663144307347
36.89052649784835,-1.2464034673581381,0.8134999871253967,73.69670104980469,155.94329418168584
36.91503817633914,-1.2401874804896347,0.8134999871253967,55.17290115356445,69.38087113747625
36.894281060935356,-1.248097925758448,0.8134999871253967,65.3949966430664,55.713675088671984
36.89033475650305,-1.240290039813864,0.8759999871253967,212.14450073242188,79.29622009306466
36.89087876683157,-1.2398218342032523,0.8759999871253967,257.53131103515625,29.719381103628766
36.8923413519771,-1.240958904971881,0.8759999871253967,71.05989837646484,158.61908460190202
36.87697974884798,-1.2408385092434377,0.9384999871253967,3031.336669921875,158.61840981014188
36.88393148739029,-1.2482094032847844,0.7454000115394592,167.9676971435547,42.364065443759074
36.88542974534426,-1.2483075035079598,0.8079000115394592,338.66241455078125,52.279251240616354
36.891453990867454,-1.246349958145497,0.8079000115394592,204.4777069091797,165.8585279687922
36.904264988194015,-1.2412755011466758,0.8079000115394592,117.98139953613281,188.36516478956824
36.880912675977115,-1.2399110162243212,0.8079000115394592,70.63849639892578,39.63472118067105
36.88762808216361,-1.247598506440462,0.8704000115394592,66.84760284423828,27.04375892164786
36.906895857815556,-1.2371240780659176,0.8704000115394592,229.7030029296875,137.0970393172063
36.89429443823851,-1.2473621740846295,0.8704000115394592,236.47830200195312,0.5736671629705581
36.880199219808574,-1.2479730709289514,0.7621999979019165,43.247798919677734,76.96514723936924
36.89064243447574,-1.2390593279231132,0.7621999979019165,131.4134063720703,49.603510878745375
36.89067810728416,-1.2392733647736784,0.7621999979019165,96.87670135498047,29.772789979915995
36.89556974113979,-1.243768138635552,0.7621999979019165,241.88369750976562,176.52456631950662
36.904693061895145,-1.2412442874393015,0.7621999979019165,60.69729995727539,188.3651701581045
36.90364517314759,-1.2384439719777378,0.8246999979019165,113.40489959716797,119.01106535738577
36.90365409134969,-1.2404371901486282,0.8246999979019165,47.820098876953125,99.12690820437838
36.889897764599816,-1.2475227017225534,0.8246999979019165,98.89900207519531,36.95900611143045
36.88417227884719,-1.2473487967814691,0.8246999979019165,152.7528076171875,56.78959438664936
36.90557596390373,-1.23813629400505,0.8871999979019165,149.38909912109375,52.77582672146638
36.896617629887345,-1.2372444737943606,0.8871999979019165,55.13309860229492,39.932595587249594
36.8839983739061,-1.238649090626196,0.767799973487854,398.7518005371094,146.33400350077125
36.87932077690103,-1.240138430378047,0.767799973487854,233.2364959716797,69.38045169213977
36.90561163671215,-1.2400849211654057,0.767799973487854,52.05509948730469,59.465492852856876
36.91424891545269,-1.239567665443206,0.767799973487854,71.25890350341797,29.97712491774116
36.91326345411987,-1.2361386167331063,0.767799973487854,69.00769805908203,159.75850672293598
36.89204705130757,-1.2550050732902356,0.767799973487854,52.499900817871094,95.02440240118817
36.91802577404495,-1.2449408822126085,0.830299973487854,74.72250366210938,86.07396231063913
36.89232351557288,-1.2463276626402298,0.830299973487854,105.71080017089844,165.85836476047317
36.89565892316086,-1.2380114391755532,0.830299973487854,98.03299713134766,25.789175904408385
36.88025272902121,-1.2488336774322661,0.830299973487854,573.3878173828125,13.658908309628458
36.88575971882222,-1.2486018041774873,0.830299973487854,56.58060073852539,82.02530360591585
36.88468507546833,-1.2338154250842608,0.892799973487854,237.92230224609375,185.44072966197652
36.88288805774379,-1.247799165987867,0.892799973487854,144.5216064453125,7.21257879447696
36.8962207698936,-1.2382120987229586,0.892799973487854,117.52639770507812,82.07677708445583
36.90847437958847,-1.2392109373589302,0.756600022315979,64.5615005493164,144.26477541069968
36.90553583199425,-1.240058166559085,0.756600022315979,101.47139739990234,59.46548774444609
36.89887839412145,-1.240628931493926,0.756600022315979,40.552398681640625,169.62794162834146
36.89502127171022,-1.2382076396219046,0.756600022315979,22.092100143432617,9.415019075739227
36.8790264762315,-1.2485081630553652,0.819100022315979,53.94820022583008,126.20343804875647
36.881724232368846,-1.2499752073019483,0.819100022315979,188.4405059814453,197.3620497100759
36.91786970550808,-1.241346846763531,0.819100022315979,64.13729858398438,106.03453248711793
36.89141831805904,-1.2535647836499724,0.819100022315979,35.67380142211914,66.7578667605415
36.87948576364001,-1.2402454488033294,0.819100022315979,78.70690155029297,79.29586249906949
36.90259282529897,-1.2366915452637333,0.819100022315979,101.66100311279297,59.95747581808817
36.91198815121858,-1.2393937605021215,0.819100022315979,47.27109909057617,191.8621688697984
36.896024569447256,-1.239639011060061,0.881600022315979,199.2050018310547,180.486006078669
36.898615307159304,-1.2415742609172566,0.881600022315979,113.42759704589844,113.32943681950835
36.87814357422293,-1.2373202785122692,0.944100022315979,14114.0341796875,188.4191869264755
36.890700402789435,-1.2386312542219824,0.7164999842643738,53.532100677490234,99.1803266693783
36.90474211200672,-1.2376413337881176,0.7789999842643738,227.04539489746094,17.54155324996048
36.88984425538716,-1.249426737872375,0.7789999842643738,131.84779357910156,171.26361572478007
36.8937682643142,-1.246158216800199,0.7789999842643738,80.99099731445312,134.23335537214345
36.891833014457006,-1.2558344660861764,0.8414999842643738,88.59729766845703,144.26220652936755
36.89184639176017,-1.2538144933089654,0.8414999842643738,100.49500274658203,17.519653361186695
36.917361367987986,-1.2447045498567755,0.8414999842643738,80.95449829101562,165.91568468015745
36.89620739259044,-1.245368955913739,0.8414999842643738,99.75070190429688,7.689090632050277
36.882602675276374,-1.248499244853258,0.9039999842643738,165.40679931640625,72.11038192593828
36.89187760546754,-1.2489317776554423,0.7109000086784363,26.702800750732422,121.6870844094118
36.8901296378546,-1.2532660238793916,0.7109000086784363,49.6786003112793,186.33666308049575
36.88998694662088,-1.2482584533963716,0.7109000086784363,25.48040008544922,42.3639093247355
36.91597904666142,-1.2385420722009133,0.7109000086784363,31.577899932861328,109.09569772076134
36.91271052558923,-1.239737111283237,0.7109000086784363,30.26259994506836,163.68076631360344
36.89273821197086,-1.2475449972278205,0.7109000086784363,105.53130340576172,36.95856837064197
36.879030935332565,-1.2407404090202625,0.7109000086784363,68.0165023803711,128.872596389766
36.880386502052815,-1.2398575070116802,0.7734000086784363,170.0782012939453,39.634595340081034
36.91530572240235,-1.2401562667822608,0.7734000086784363,53.437400817871094,69.38085404707896
36.88057824339811,-1.2507644681884087,0.8359000086784363,55.27170181274414,169.22583026135237
36.90102322172816,-1.2427247089890456,0.8359000086784363,123.82849884033203,168.0054119900242
36.91304049906719,-1.240187480489635,0.8359000086784363,117.82540130615234,177.7188239745912
36.917646750455404,-1.2411417281150725,0.8359000086784363,41.69060134887695,125.99499553767994
36.89048190683781,-1.2483030444069063,0.8984000086784363,156.3596954345703,52.279334033871216
36.883900273682926,-1.2494445742765887,0.7276999950408936,236.97799682617188,181.1791530526887
36.882192437979455,-1.2361341576320528,0.7276999950408936,38.24259948730469,198.3015420859008
36.91193018290488,-1.2389032593862428,0.7276999950408936,53.879798889160156,163.74847617281137
36.907662823196745,-1.2403346308243985,0.7901999950408936,103.05740356445312,165.36699614798374
36.904528075156165,-1.239977902740123,0.7901999950408936,130.2845001220703,49.55009017479028
36.891574386595906,-1.2469697731919263,0.8526999950408936,107.6272964477539,96.4509709491935
36.88688787138874,-1.234247957886445,0.9151999950408936,303.1897888183594,197.07019782750984
36.904318497406656,-1.2400715438622454,0.9151999950408936,201.9884033203125,59.46545153025362
36.88766821407309,-1.2379267162555379,0.733299970626831,26.678600311279297,27.83931533848824
36.89917269479098,-1.2371107007627573,0.795799970626831,194.5919952392578,192.45014663817017
36.90492047604888,-1.2399734436390695,0.795799970626831,22.861600875854492,49.550098905570216
36.891833014457,-1.239879802516947,0.795799970626831,100.7739028930664,39.63472685505644
36.892430533998166,-1.2549114321681134,0.795799970626831,51.35129928588867,116.12664463615552
36.88630818825179,-1.2484546538427235,0.858299970626831,151.8607940673828,62.19454279419207
36.89412499239848,-1.2406735225044605,0.858299970626831,133.1304931640625,133.91957442027396
36.91351316377886,-1.239001359609418,0.858299970626831,157.78880310058594,44.09786545738749
36.892929953316155,-1.253546947245759,0.858299970626831,212.39649963378906,45.78711723780049
36.919929810194766,-1.2167415271506166,0.920799970626831,280.7721862792969,91.40249394549897
36.88556351837586,-1.2347696727096982,0.722100019454956,37.82109832763672,66.87506021580404
36.917669045960665,-1.241346846763531,0.722100019454956,23.643299102783203,125.99498709167581
36.901313063296634,-1.2389612276999373,0.722100019454956,105.79049682617188,106.40587718091098
36.889104044612296,-1.2485393767627393,0.722100019454956,35.58369827270508,72.10992417220972
36.89149412277695,-1.252369744567649,0.722100019454956,37.1703987121582,151.165699484529
36.89356314566575,-1.2460155255664889,0.722100019454956,143.25210571289062,169.4015706923581
36.91345073636412,-1.2373737877249105,0.722100019454956,12.903200149536133,75.40985937794515
36.91754865023223,-1.238118457600836,0.784600019454956,143.43569946289062,158.6725059519529
36.894637789019626,-1.246907345777178,0.784600019454956,90.69020080566406,7.6247533376548065
36.88550555006217,-1.234038380136933,0.784600019454956,79.82129669189453,144.733735816519
36.88289251684485,-1.2469608549898192,0.784600019454956,113.81780242919922,96.45084802956389
36.89178842344647,-1.2557898750756418,0.784600019454956,41.15380096435547,137.22815182907007
36.892167447036016,-1.2534354697194228,0.847100019454956,67.33110046386719,17.519372578074744
36.893045889943544,-1.2546438861049065,0.847100019454956,130.80909729003906,144.26309768641667
36.90419364257717,-1.2364596720089545,0.847100019454956,78.7301025390625,73.74636986622657
36.89783050537389,-1.2372846057038416,0.909600019454956,151.48800659179688,138.45478202129814
36.91369598692205,-1.2388319137693875,0.7389000058174133,20.592599868774414,15.961594635946561
36.8891798493302,-1.249538215398711,0.7389000058174133,40.903499603271484,181.17892772874356
36.89087876683157,-1.2467914091497883,0.8014000058174133,103.47019958496094,116.28179381970546
36.884751961984136,-1.2484814084490443,0.8014000058174133,292.4198913574219,72.11004496263479
36.89141831805904,-1.2408920184560794,0.8014000058174133,118.80059814453125,148.70371577935362
36.87434442012539,-1.2413200921572103,0.8014000058174133,45.64120101928711,198.27981322534285
36.91350870467781,-1.236508722120542,0.8014000058174133,51.250301361083984,152.75077577335063
36.90318588573908,-1.240356926329666,0.8014000058174133,20.57040023803711,89.21156047863121
36.91481522128647,-1.2373827059270177,0.8014000058174133,66.1406021118164,180.9772968631864
36.89667559820105,-1.2425463449469079,0.8014000058174133,152.61380004882812,190.64166864832177
36.89474926654596,-1.246448058368673,0.8639000058174133,61.78519821166992,35.772209717750286
36.89757187751279,-1.242590935957442,0.8639000058174133,54.622798919677734,120.32022933108102
36.90396622842344,-1.235425160564555,0.8639000058174133,85.04959869384766,136.9965232543809
36.901678709583024,-1.2387828636577995,0.7444999814033508,164.1331024169922,94.40861513588757
36.89359435937311,-1.247081250718262,0.7444999814033508,27.057600021362305,77.93841012773004
36.893045889943544,-1.2404550265528413,0.7444999814033508,76.19129943847656,99.1269384215958
36.89219866074339,-1.2545457858817308,0.7444999814033508,81.65190124511719,73.9225680256528
36.8941517470048,-1.2392822829757857,0.7444999814033508,41.31840133666992,4.570432150242363
36.91908258099461,-1.2427737591006336,0.7444999814033508,20.353900909423828,33.68863166698389
36.88245552494162,-1.2364953448173817,0.8069999814033508,138.4217071533203,142.03649881504975
36.886058478592794,-1.2479061844131496,0.8069999814033508,83.17289733886719,2.7023783525178677
36.91890421695248,-1.2442229669430034,0.8069999814033508,55.7677001953125,13.72818039885962
36.88027056542542,-1.246920723080338,0.8069999814033508,63.03020095825195,154.33943472656676
36.893692459596295,-1.2408875593550261,0.8069999814033508,80.19039916992188,148.70379441353415
36.88868488911327,-1.2493553922555196,0.8694999814033508,51.77519989013672,161.34816991178621
36.916291183735154,-1.2377438931123466,0.8694999814033508,40.750999450683594,198.33396710244034
36.89626536090413,-1.2454403015305944,0.9319999814033508,141.13909912109375,6.378956106412775
36.8969386851632,-1.2427826773027404,0.9319999814033508,192.8621063232422,155.47341826157216
36.89680937123265,-1.2386936816367304,0.9319999814033508,271.0906066894531,173.52342888377066
36.92000115581163,-1.2419755800120666,0.7501000165939331,26.115800857543945,133.49089143950687
36.914355933877964,-1.2374094605333381,0.7501000165939331,51.485198974609375,145.7881569885082
36.89348288184678,-1.239438351512656,0.7501000165939331,20.367799758911133,9.94201973786153
36.886499929597086,-1.2474335197014845,0.8126000165939331,24.710599899291992,46.874462200167535
36.885719586912735,-1.2477947068868136,0.8126000165939331,218.8184051513672,7.212959511208929
36.89786617818232,-1.245747979503282,0.8126000165939331,48.0723991394043,154.06513527881341
36.91682181676052,-1.240597717786552,0.8126000165939331,29.450899124145508,118.95762701464614
36.88193826921941,-1.2484189810342963,0.8126000165939331,60.63079833984375,62.195177743658164
36.915430577231845,-1.2412175328329809,0.8126000165939331,217.68409729003906,188.36519977870157
36.89391095554791,-1.2469118048782313,0.8126000165939331,39.57099914550781,63.88175453783746
36.880408797558076,-1.2504255765083467,0.8126000165939331,53.274898529052734,127.02165898934912
36.88090375777501,-1.2454135469242733,0.9376000165939331,6106.8007,180.73572988419193
36.90347572730755,-1.240606635988659,0.7556999921798706,51.61410140991211,118.95763820705385
36.88092159417923,-1.250630695156805,0.7556999921798706,76.05760192871094,183.29390725805192
36.91961321401998,-1.2394517288158164,0.7556999921798706,112.27980041503906,9.94234630765462
36.91981387356738,-1.2430368460627867,0.7556999921798706,93.1010971069336,113.5303958100238
36.91467253005276,-1.2398396706074661,0.7556999921798706,107.7876968383789,29.719448673373495
36.905290581436304,-1.236406162796313,0.8181999921798706,65.30249786376953,165.23069027665866
36.90460833897513,-1.2362322578552287,0.8181999921798706,117.89080047607422,130.0264667231406
36.88944739539341,-1.2465327812886884,0.8181999921798706,244.07310485839844,146.02804157714664
36.89089214413473,-1.2476118837436223,0.8181999921798706,75.8666000366211,27.04352475061746
36.889269031351276,-1.2384528901798442,0.8806999921798706,63.876800537109375,56.65975135120553
36.89270253916243,-1.2403257126222917,0.8806999921798706,386.0065002441406,89.21155860208918
36.89625198360097,-1.238029275579767,0.8806999921798706,76.8270034790039,75.05399918051813
36.89219866074338,-1.2535201926394381,0.7044000029563904,60.07569885253906,10.485382480808257
36.897875096384425,-1.2373871650280708,0.7669000029563904,194.10020446777344,145.48508299332667
36.879846950825346,-1.2399154753253747,0.7669000029563904,106.56050109863281,39.634481603695335
36.880761066541304,-1.250211539657781,0.8294000029563904,99.48789978027344,141.0897369617115
36.88898810798491,-1.2488648911396403,0.8294000029563904,44.77289962768555,111.77137204239833
36.89857071614876,-1.2421450258520976,0.8294000029563904,74.91470336914062,78.14614983628695
36.8835970548113,-1.2469162639792848,0.8294000029563904,68.2510986328125,106.36634062197831
36.89215406973286,-1.246769113644521,0.8294000029563904,103.23310089111328,116.2815842832538
36.9034801864086,-1.2400760029632985,0.8294000029563904,70.1155014038086,59.46546304924239
36.88628589274652,-1.24923945562813,0.8294000029563904,102.84629821777344,151.43281335846467
36.88397161929978,-1.2388007000620131,0.8294000029563904,190.28689575195312,153.36430806839658
36.88434172468722,-1.2377215976070792,0.8919000029563904,104.93199920654297,97.15199135965575
36.9169957217016,-1.2378955025481637,0.8919000029563904,179.03640747070312,178.5032447831113
36.87318951295255,-1.2406735225044607,0.9544000029563904,1534.7222900390625,138.7877064521274
36.88363272761972,-1.2361921259457471,0.7099999785423279,28.264299392700195,78.66587164082958
36.89094119424631,-1.2470009868993004,0.7099999785423279,91.37129974365234,96.45106742450086
36.89674248471685,-1.2387917818599063,0.7099999785423279,39.216800689697266,173.515900619201
36.903600582137045,-1.2409143139613465,0.7724999785423279,90.54409790039062,148.70372099641034
36.897464859087506,-1.2375833654744224,0.8349999785423279,44.43050003051758,131.3943350604612
36.881554786528824,-1.2494222787713214,0.8349999785423279,43.98249816894531,141.08983255260895
36.89093673514527,-1.239005818710472,0.8349999785423279,834.1676025390625,39.6881592137082
36.90694936702819,-1.2365310176258093,0.8349999785423279,193.07150268554688,179.30134425537432
36.88412768783665,-1.2464971084802607,0.8349999785423279,153.55979919433594,146.02787616491983
36.8935096364531,-1.2405040766644295,0.8349999785423279,179.4517059326172,109.04233013762514
36.89739797257172,-1.2377037612028656,0.8974999785423279,163.1313934326172,138.417102517695
36.87860732073249,-1.2490566324849388,0.8974999785423279,187.83680725097656,119.169411928668
36.90124617678082,-1.239639011060061,0.8974999785423279,179.49000549316406,64.18674877195312
36.91640266126149,-1.2379356344576447,0.7613000273704529,45.4541015625,178.50324388880364
36.8917661279412,-1.2465104857834213,0.7613000273704529,87.53250122070312,155.94310360038452
36.883030748977504,-1.246648717916078,0.7613000273704529,89.22699737548828,136.1123351615687
36.89017422886513,-1.2533908787088883,0.8238000273704529,56.51020050048828,179.3026677567486
36.91124794044371,-1.2356391974151204,0.8238000273704529,62.05849838256836,40.07759834028861
36.91911825380304,-1.2427960546059007,0.8238000273704529,31.58839988708496,33.68863166698389
36.91225123818074,-1.2387962409609596,0.8238000273704529,82.908203125,128.56684867667326
36.905009658069936,-1.2363749490889389,0.8238000273704529,144.27810668945312,144.11718985640377
36.91713841293532,-1.239005818710472,0.8863000273704529,174.18760681152344,59.51889438528517
36.905152349303656,-1.2370750279543299,0.7156000137329102,97.07389831542969,101.95038912194168
36.89081633941682,-1.2470009868993004,0.7156000137329102,25.4197998046875,96.45107985274478
36.89431227464272,-1.245288692094777,0.7156000137329102,43.23139953613281,162.39977378958355
36.91755310933329,-1.2449542595157685,0.7781000137329102,62.201698303222656,135.97503182113292
36.90721245399034,-1.2399556072348559,0.7781000137329102,348.0675964355469,102.0606193632943
36.89771010964545,-1.241467242491974,0.7781000137329102,178.66200256347656,197.7227474915393
36.882745366510086,-1.2358131023562047,0.8406000137329102,148.89340209960938,177.16546027594686
36.88453346603252,-1.233860016094795,0.8406000137329102,54.75490188598633,195.45808010683766
36.90492047604887,-1.2398976389211611,0.8406000137329102,30.14539909362793,39.63473642052447
36.900608525330185,-1.243469378864971,0.9031000137329102,87.87429809570312,189.13185232274304
36.901442377227184,-1.2390727052262736,0.9031000137329102,89.80899810791016,92.33781397404906
36.89841018851084,-1.2365934450405576,0.7211999893188477,89.57050323486328,131.4772640379373
36.889104044612296,-1.2392376919652508,0.7836999893188477,151.07350158691406,20.688692608502837
36.90200422395991,-1.2393937605021215,0.8461999893188477,90.77200317382812,22.813937424205577
36.88363272761973,-1.2382433124303323,0.8461999893188477,140.90240478515625,83.03115253349816
36.879619536671626,-1.2401072166706728,0.8461999893188477,125.52210235595703,59.46517136057813
36.90051488420806,-1.243019009658573,0.9086999893188477,181.51890563964844,146.92019577360776
36.89604686495251,-1.2459085071412057,0.9086999893188477,92.72530364990234,20.462120230526896
36.91915392661147,-1.239647929262168,0.7893000245094299,65.38580322265625,9.888561999871735
36.88163950944883,-1.2495828064092456,0.7893000245094299,57.99549865722656,162.19191795561642
36.89242607489712,-1.2522404306370991,0.7893000245094299,151.5989990234375,94.89303694901291
36.905138972000486,-1.2409722822750413,0.7893000245094299,102.84110260009766,158.61909611943403
36.896724648312635,-1.245819325120137,0.8518000245094299,33.925899505615234,69.68327513930444
36.89614942427674,-1.2393001193799988,0.9143000245094299,222.23489379882812,166.43291720559708
36.883325049647034,-1.2366335769500387,0.9143000245094299,266.05450439453125,64.6278513079515
36.901420081721916,-1.2400135755485504,0.9143000245094299,168.06700134277344,21.97882868213744
36.91422216084636,-1.237449592442819,0.7324000000953674,53.501399993896484,131.72001782371674
36.912367174808125,-1.2360449756109837,0.7324000000953674,17.484899520874023,96.41045306475648
36.91342844085884,-1.2385465313019668,0.7949000000953674,42.25130081176758,15.984149778414139
36.8928496894972,-1.252142330413923,0.7949000000953674,85.36170196533203,66.75669306085437
36.880555947892844,-1.2375833654744224,0.7949000000953674,1174.048095703125,177.33841286258564
36.90110348554712,-1.2364195400994729,0.8574000000953674,106.18820190429688,113.12725732458308
36.917718096072264,-1.2416634429383255,0.8574000000953674,122.84020233154297,116.01474423260721
36.91209516964387,-1.2367405953753212,0.8574000000953674,67.91999816894531,19.054501952908204
36.896350083824146,-1.2456231246737857,0.9199000000953674,123.12799835205078,27.48291480390477
36.9189309715588,-1.2414137332793325,0.7379999756813049,21.856399536132812,13.728194680623623
36.88274090740903,-1.248338717215334,0.7379999756813049,63.482398986816406,52.27963684313152
36.8931841220762,-1.2461849714065196,0.8004999756813049,119.0740966796875,183.45822872024706
36.88666045723501,-1.249092305293366,0.8004999756813049,134.3665008544922,131.60207054856102
36.90786348274415,-1.239625633756901,0.8004999756813049,110.82170104980469,130.19672596575882
36.88909958551125,-1.2467334408360935,0.8004999756813049,44.779598236083984,126.19734125620126
36.89521301305552,-1.2441025712145604,0.8629999756813049,109.34089660644531,183.54536519427222
36.917339072482726,-1.2404327310475745,0.8629999756813049,69.78130340576172,99.12690874519818
36.88397607840083,-1.2378419933355223,0.8629999756813049,80.79720306396484,76.0309581787176
36.918128333369175,-1.243906370768209,0.8629999756813049,58.498600006103516,76.09377653569906
36.89208718321705,-1.239277823874732,0.8629999756813049,184.75030517578125,29.772808363725083
36.89269362096032,-1.2534533061236364,0.7436000108718872,46.55390167236328,24.685002191553522
36.89186868726544,-1.2492572920323437,0.7436000108718872,42.02280044555664,151.43317468058032
36.88424362446404,-1.2469341003834986,0.7436000108718872,269.8965148925781,96.45107286565025
36.91527450869498,-1.2405932586854986,0.7436000108718872,107.02330017089844,118.95766670150714
36.919742527950525,-1.2417392476562343,0.8061000108718872,77.63939666748047,103.55022350352982
36.882098796857335,-1.249159191809168,0.8061000108718872,44.23540115356445,141.51804304966694
36.894392538461695,-1.2458148660190838,0.8061000108718872,217.4833984375,120.18426805187731
36.91412851972423,-1.237039355145902,0.8061000108718872,41.2505989074707,159.83374026279154
36.891717077829625,-1.253899216228981,0.8061000108718872,118.99040222167969,17.519721746536177
36.89595322383039,-1.245819325120137,0.8686000108718872,131.57769775390625,6.394074651748995
36.898414647611894,-1.2421851577615786,0.9311000108718872,172.79010009765625,85.17829865855275
36.898040083123405,-1.2418730206878374,0.9311000108718872,220.59579467773438,141.44676217913397
36.88343206807232,-1.2359245798825407,0.7491999864578247,23.968299865722656,113.83246249399802
36.91865896639454,-1.2416366883320051,0.7491999864578247,51.57899856567383,16.21248513614692
36.89226554725919,-1.2510409324537222,0.7491999864578247,64.45249938964844,173.16738150232666
36.91199261031963,-1.2385420722009133,0.7491999864578247,31.616300582885742,128.58942654353777
36.91320994490722,-1.240196398691742,0.7491999864578247,86.1083984375,156.6053505072849
36.88972831875978,-1.2495203789944975,0.8116999864578247,36.4541015625,181.17897081906597
36.89335356791623,-1.239206478257877,0.8116999864578247,193.47219848632812,39.68812551464505
36.89552515012926,-1.2458104069180302,0.8741999864578247,124.26860046386719,21.734452664945156
36.89762538672543,-1.2371196189648643,0.8741999864578247,186.67689514160156,110.31850232299999
36.887472013626734,-1.2349614140549965,0.703499972820282,8.073200225830078,190.08511151548998
36.88945185449447,-1.2495025425902835,0.703499972820282,21.259300231933594,181.1789477507093
36.89231013826972,-1.2546260497006927,0.703499972820282,19.962600708007812,87.99061696696131
36.87900418072624,-1.2395319926347783,0.703499972820282,28.760799407958984,0.02711615399137159
36.88952320011132,-1.2490833870912594,0.765999972820282,36.01649856567383,131.60213789064804
36.89930200872153,-1.2414583242898667,0.765999972820282,173.1793975830078,71.14028112887189
36.891168608400044,-1.2526551270350696,0.765999972820282,114.81700134277344,158.19997125290735
36.91219326986704,-1.2394561879168697,0.828499972820282,26.5762996673584,184.81681537999418
36.88928686775549,-1.238577745009341,0.828499972820282,67.95610046386719,49.629440720936486
36.89153425468643,-1.2533864196078346,0.828499972820282,77.6261978149414,73.79179059115923
36.89134697244218,-1.2487935455227857,0.890999972820282,97.22579956054688,101.85626577595225
36.91741487720063,-1.2380827847924087,0.890999972820282,79.3844985961914,158.67251170595574
36.876226160769946,-1.23853761309986,0.890999972820282,61.782901763916016,109.09640348543822
36.87948130453896,-1.237917798053431,0.754800021648407,36.236900329589844,178.5035598479605
36.91784295090176,-1.2449542595157685,0.754800021648407,44.06570053100586,106.03439011490697
36.90344451360018,-1.2400403301548713,0.754800021648407,106.42130279541016,59.46546601026836
36.893563145665745,-1.2463142853370697,0.754800021648407,120.18160247802734,141.26168653374347
36.90680221669342,-1.2411283508119122,0.817300021648407,143.02769470214844,186.73728656683664
36.89106604907582,-1.2388096182641204,0.817300021648407,226.72940063476562,79.34961424612912
36.9184895205545,-1.238818536466227,0.817300021648407,41.735599517822266,79.34955833761505
36.88474750288308,-1.2348142637202328,0.817300021648407,168.406005859375,99.66634748940967
36.90257498889475,-1.2405442085739105,0.817300021648407,64.4583969116211,109.04232039825483
36.91242514312182,-1.2359245798825407,0.817300021648407,72.28880310058594,110.47859594544221
36.88783765991312,-1.2379177980534313,0.879800021648407,136.18310546875,13.763652602586639
36.917383663493254,-1.244816027383112,0.879800021648407,55.057899475097656,155.93546486703917
36.900011005789025,-1.241556424513043,0.879800021648407,186.00140380859375,7.847150996768671
36.884814389398876,-1.235817561457258,0.879800021648407,274.65679931640625,15.295179722880347
36.88407863772507,-1.249462410680802,0.879800021648407,114.75579833984375,181.1791261209281
36.92014384704533,-1.2402632852075437,0.879800021648407,265.4585876464844,79.29574096023647
36.91228245188811,-1.2359156616804337,0.7603999972343445,96.24150085449219,96.40292080775322
36.90894258519908,-1.238559908605127,0.7603999972343445,23.19499969482422,130.1966749969259
36.892154069732854,-1.2540285301595309,0.7603999972343445,35.40769958496094,24.684568105382517
36.91264363907344,-1.23629914437103,0.8228999972343445,36.752498626708984,96.43304554971263
36.889969110216676,-1.2492840466386648,0.8228999972343445,55.3130989074707,151.43290657941873
36.911952478410164,-1.2364017036952593,0.8228999972343445,45.65909957885742,33.10004633449801
36.8940937786911,-1.247892807109989,0.8853999972343445,144.05450439453125,27.57759487729325
36.89841910671294,-1.2422565033784339,0.8853999972343445,83.07150268554688,78.14239215641271
36.912737280195564,-1.2401339712769934,0.7091000080108643,73.41809844970703,198.8322995868523
36.894325651945884,-1.2410436278918964,0.7091000080108643,54.16780090332031,177.7140422269411
36.91576500981085,-1.2386490906261962,0.7716000080108643,71.19139862060547,99.18032902297197
36.88031961553701,-1.2402365306012229,0.7716000080108643,178.9127960205078,79.29602553852654
36.89022327897671,-1.2492929648407711,0.7716000080108643,73.63259887695312,151.4329357405076
36.87865637084408,-1.239674683868489,0.7716000080108643,116.58309936523438,9.888189298845258
36.91781619629544,-1.2426310678669232,0.7716000080108643,89.56539916992188,106.0344791459417
36.89111064008634,-1.2545636222859446,0.7716000080108643,113.55419921875,3.4521312599897342
36.891146312894776,-1.2541310894837598,0.8341000080108643,94.13590240478516,45.65608794161113
36.882861303137474,-1.2489005639480681,0.8341000080108643,202.13389587402344,121.6871447535734
36.920076960529535,-1.2426711997764042,0.8341000080108643,23.799400329589844,143.47107789567107
36.915047094541244,-1.2380248164787135,0.8341000080108643,47.407901763916016,152.87858963616176
36.8925999798382,-1.2460824120822902,0.8966000080108643,139.1884002685547,195.60439858295487
36.8933758634215,-1.239888720719054,0.8966000080108643,142.6269073486328,39.63477987075458
36.89447726138171,-1.247099087122476,0.8966000080108643,127.07779693603516,7.617170566292912
36.886963676106646,-1.248588426874327,0.7146999835968018,84.37989807128906,82.02524515765013
36.91201936492595,-1.239300119379999,0.7146999835968018,76.54019927978516,184.83186414175728
36.894914253284945,-1.2388408319714945,0.7146999835968018,19.498899459838867,32.7593121781884
36.88970602325451,-1.2488782684428008,0.7771999835968018,16.14539909362793,111.7714267882641
36.89286752590141,-1.2521824623234044,0.7771999835968018,54.97710037231445,59.72270496659738
36.8890951264102,-1.2462161851138938,0.7771999835968018,178.57530212402344,175.77415703698478
36.89124441311796,-1.255281537555549,0.7771999835968018,21.035200119018555,52.81987294091835
36.89372367330367,-1.2464168446612987,0.7771999835968018,79.8738021850586,113.12559807185173
36.89119536300636,-1.2490967643944195,0.7771999835968018,82.65239715576172,131.60232808886317
36.915805141720334,-1.2410926780034846,0.7771999835968018,93.3031997680664,168.5344578258683
36.914003664894736,-1.2389077184872956,0.8396999835968018,122.44180297851562,1.8784261667371693
36.90470198009725,-1.2404416492496813,0.8396999835968018,96.2072982788086,99.126906967275
36.91280862581242,-1.2371240780659176,0.8396999835968018,72.09970092773438,47.23595697853201
36.894914253284945,-1.2446421224420274,0.8396999835968018,83.53260040283203,169.45840611969055
36.915769468911904,-1.2407270317171017,0.8396999835968018,46.14680099487305,128.8730075004871
36.8951862584492,-1.240218694197009,0.8396999835968018,259.3580017089844,159.31989766434083
36.89964090040159,-1.2367004634658403,0.9021999835968018,104.10320281982422,142.87332185772667
36.893826232627895,-1.2395944200495266,0.9021999835968018,90.75399780273438,11.82060253281264
36.879985182958,-1.241065923397164,0.9021999835968018,280.48748779296875,168.534212739825
36.88544758174847,-1.2480042846363253,0.720300018787384,131.81680297851562,12.617789714176267
36.89414728790374,-1.2409544458708275,0.720300018787384,43.49919891357422,162.7458812779417
36.89227000636024,-1.2467156044318797,0.782800018787384,189.3701934814453,126.19692996154008
36.888751775629075,-1.2493910650639473,0.782800018787384,50.426700592041016,171.2635376678276
36.889643595839765,-1.2540954166753326,0.782800018787384,24.869300842285156,165.23502913785958
36.918391420331325,-1.2421539440542044,0.845300018787384,100.23999786376953,46.15315474564256
36.90788131914836,-1.2394695652200303,0.845300018787384,46.19729995727539,116.12863092030742
36.89947145456156,-1.2405754222812846,0.907800018787384,160.48880004882812,127.43501388772283
36.90026071544802,-1.2394338924116024,0.907800018787384,135.98379516601562,155.6123273013581
36.89246174770555,-1.2517008794096323,0.7258999943733215,85.28910064697266,130.06290520911068
36.920986617144436,-1.2388051591630667,0.7883999943733215,70.28919982910156,79.35038295121474
36.899694409614234,-1.2436031518965744,0.7883999943733215,33.627601623535156,125.84625855679695
36.91324561771565,-1.2404327310475745,0.7883999943733215,69.00420379638672,177.69627478548162
36.90299414439379,-1.2406958180097276,0.7883999943733215,56.26179885864258,128.87301893285053
36.917539732030136,-1.2460110664654351,0.8508999943733215,78.30780029296875,138.13456471295436
36.894325651945884,-1.239848588809573,0.8508999943733215,119.99189758300781,60.82794187955644
36.90195963294939,-1.237587824575476,0.9133999943733215,167.8616943359375,186.56319844439065
36.91946606368521,-1.216977859506449,0.9133999943733215,162.3282928466797,140.6409552851529
36.91471266196224,-1.2373604104217504,0.7426999807357788,174.21600341796875,173.9394693643459
36.91308063097668,-1.2369367958216728,0.7426999807357788,37.6708984375,82.41007065103288
36.881001857998186,-1.2377795659207742,0.8051999807357788,947.8541870117188,149.18711230728488
36.91780727809333,-1.2422609624794871,0.8051999807357788,199.49110412597656,116.01472088847382
36.89653736606839,-1.245208428275815,0.8051999807357788,28.713300704956055,6.367624751145826
36.894388079360624,-1.2470143642024605,0.8051999807357788,87.893798828125,21.68521309824074
36.91386989186314,-1.2408251319402774,0.8051999807357788,128.96749877929688,170.03562399203022
36.8946021162112,-1.2405263721696969,0.8051999807357788,54.99489974975586,139.07200287569444
36.893242090389904,-1.247081250718262,0.8051999807357788,106.77539825439453,86.53526227028694
36.87868758455145,-1.2484368174385096,0.8051999807357788,96.75700378417969,161.37360148142506
36.89354530926153,-1.2475494563288738,0.8676999807357788,66.12239837646484,36.95835777442238
36.88195610562362,-1.2409856595782018,0.9301999807357788,1426.8858,187.55911397145763
36.88017246520224,-1.2491681100112748,0.7315000295639038,56.40530014038086,14.477209679523625
36.914485247808514,-1.2391841827526096,0.7315000295639038,77.41539764404297,12.219765270353294
36.890976867054746,-1.246889509372964,0.7315000295639038,35.22589874267578,106.36641786001353
36.88147452270986,-1.250149112243033,0.7315000295639038,62.457401275634766,190.3279886248382
36.904880344139386,-1.2412576647424618,0.7315000295639038,41.85850143432617,188.36517465912297
36.9027711893411,-1.2402766625107038,0.7315000295639038,29.528799057006836,79.29622116768901
36.90795712386626,-1.2391841827526096,0.7940000295639038,30.568700790405273,102.06052868636658
36.904902639644654,-1.2360360574088767,0.7940000295639038,436.7637939453125,158.17027915091455
36.91549746374765,-1.2382031805208513,0.7940000295639038,44.74039840698242,148.75712862228238
36.902713221027405,-1.2411551054182328,0.8565000295639038,52.8385009765625,174.97026775955158
36.88070755732866,-1.2381050802976756,0.8565000295639038,594.6002197265625,148.7572287265683
36.88261159347848,-1.2490700097880991,0.8565000295639038,53.19770050048828,131.60256227431003
36.89799995121392,-1.242189616862632,0.8565000295639038,118.2509994506836,113.3031314907911
36.90710097646401,-1.2395855018474198,0.8565000295639038,107.31500244140625,59.85633505746409
36.902793484846384,-1.237409460533338,0.8565000295639038,180.9113006591797,109.16205392451626
36.911604668527985,-1.237137455369078,0.8565000295639038,106.7229995727539,44.25589633250485
36.88208541955417,-1.24738892869095,0.8565000295639038,144.6186981201172,56.78922367034142
36.90310562192012,-1.2368877457100849,0.8565000295639038,196.03469848632812,38.82888840591272
36.896885175950565,-1.2425017539363734,0.9190000295639038,218.40809631347656,183.61329347672725
36.88352125009338,-1.2390236551146856,0.7371000051498413,89.74469757080078,139.26607270459087
36.90086269409023,-1.2370170596406351,0.7371000051498413,49.94150161743164,182.5347817756386
36.88593808286435,-1.23604051650993,0.7371000051498413,76.12560272216797,13.921820632639532
36.918667884596644,-1.2392599874705184,0.7996000051498413,87.31829833984375,29.772732547308202
36.902129078789415,-1.2388007000620131,0.7996000051498413,146.50799560546875,79.35940748229137
36.89960968669422,-1.241699115746753,0.7996000051498413,43.9452018737793,28.93986241351591
36.913651395911515,-1.2403167944201847,0.7996000051498413,237.3612060546875,142.5146739510559
36.900978630717624,-1.2381452122071568,0.8621000051498413,161.54139709472656,198.21289469009506
36.91857870257557,-1.2451460008610669,0.8621000051498413,87.91790008544922,16.21246390812337
36.88368623683236,-1.2496006428134594,0.9246000051498413,86.36530303955078,191.09454480830777
36.90332857697279,-1.2379311753565911,0.9246000051498413,784.5380249023438,130.2228291092639
36.89722852673168,-1.2455517790569304,0.7483000159263611,71.95500183105469,83.73622027938364
36.914021501298954,-1.2400447892559245,0.7483000159263611,77.42729949951172,93.27245511711283
36.891311299633756,-1.2475316199246602,0.7483000159263611,68.7323989868164,36.9588207989491
36.89277388477928,-1.253689638479469,0.7483000159263611,51.66490173339844,52.82103081051084
36.88584444174223,-1.2474023059941106,0.7483000159263611,32.465999603271484,46.874425989199764
36.894031351276354,-1.2411194326098056,0.7483000159263611,47.66239929199219,180.39749172083896
36.91839142033134,-1.2439375844755827,0.8108000159263611,81.44580078125,46.15312376259186
36.90630279737543,-1.2412264510350879,0.8108000159263611,73.42749786376953,188.43460966384328
36.89433457014799,-1.2452485601852963,0.8108000159263611,63.217498779296875,169.43569138831907
36.91191680560173,-1.236308062573137,0.8108000159263611,28.09749984741211,40.13035061662001
36.90929039508125,-1.2390013596094183,0.8108000159263611,46.98889923095703,193.5030741239193
36.88539407253583,-1.2348722320339274,0.8108000159263611,80.19010162353516,55.731910082379535
36.917981183034414,-1.241230910136141,0.8108000159263611,58.151100158691406,86.07408076666181
36.89185085086122,-1.239977902740123,0.8108000159263611,153.06170654296875,49.55008934008772
36.89286306680035,-1.2544788993659288,0.8108000159263611,94.25250244140625,116.12699952411384
36.901553854753516,-1.23694571402378,0.8733000159263611,60.60260009765625,165.50246193063876
36.896238606297814,-1.239037032417846,0.8733000159263611,244.4163055419922,152.37983003933599
36.88241093393108,-1.2487311181080372,0.8733000159263611,142.52540588378906,101.8565098218627
36.89407594228689,-1.2462028078107334,0.8733000159263611,96.1240005493164,106.10485103557787
36.90069324825021,-1.2385331539988065,0.8733000159263611,118.40779876708984,190.810525280247
36.89049082503992,-1.2487890864217321,0.8733000159263611,52.03450012207031,101.85615087544033
36.887414045313044,-1.2474201423983242,0.8733000159263611,57.36899948120117,46.874485158830744
36.88920214483547,-1.2484680311458838,0.7538999915122986,91.41200256347656,72.10993650475626
36.883677318630255,-1.239037032417846,0.7538999915122986,199.22390747070312,153.34173163119695
36.90562947311636,-1.2412933375508897,0.7538999915122986,141.4868927001953,198.28056873484482
36.91639374305939,-1.2380203573776603,0.7538999915122986,39.213199615478516,168.58788160537614
36.88888554866068,-1.246109166688611,0.8163999915122986,50.92259979248047,195.60489426332956
36.880132333292764,-1.24711692352669,0.8163999915122986,358.82818603515625,154.3394612967255
36.89502573081128,-1.246778031846628,0.8163999915122986,68.75700378417969,13.46783719848015
36.90326614955804,-1.2407270317171015,0.8163999915122986,34.59809875488281,128.87300702373847
36.892996839831966,-1.2544878175680358,0.8163999915122986,127.97840118408203,130.19504871973945
36.89378610071842,-1.2458772934338318,0.8163999915122986,94.80249786376953,155.3411126127003
36.89349180004889,-1.2477857886847066,0.8788999915122986,66.13040161132812,7.212290529188362
36.89816047885184,-1.2360761893183576,0.9413999915122986,397.4963073730469,75.21223870170488
36.89043285672623,-1.246737899937147,0.7081999778747559,27.822500228881836,126.19721575986442
36.912162056159666,-1.23853761309986,0.7081999778747559,44.86370086669922,114.51376361489827
36.88927349045233,-1.2547018544186013,0.7706999778747559,45.974300384521484,144.1332559270169
36.91328574962513,-1.2406244723928725,0.7706999778747559,50.162200927734375,191.75689100242792
36.880667425419176,-1.2503408535883314,0.7706999778747559,85.14769744873047,141.0897299464197
36.88971048235557,-1.238769486354639,0.7706999778747559,94.76370239257812,63.727630639796786
36.91886408504299,-1.2441560804272018,0.7706999778747559,90.94039916992188,13.728180860178526
36.91432472017059,-1.239558747241099,0.8331999778747559,47.64630126953125,22.939301879317547
36.90739973623459,-1.2367851863858559,0.8331999778747559,185.80459594726562,123.02897277298811
36.901683168684066,-1.2409856595782018,0.8331999778747559,40.82460021972656,76.51253592561935
36.88578201432748,-1.2336816520526575,0.8956999778747559,139.10110473632812,187.47286038913987
36.89696989887058,-1.2428674002227558,0.7595000267028809,23.450199127197266,141.40536483647284
36.89663992539262,-1.2431304871849091,0.7595000267028809,51.16450119018555,148.42620100512013
36.889924519206126,-1.2493330967502523,0.7595000267028809,14.892999649047852,161.34826097821426
36.89795536020339,-1.2377438931123463,0.7595000267028809,111.81379699707031,180.6441245422955
36.893826232627895,-1.247611883743622,0.8220000267028809,53.580501556396484,14.626527142011572
36.8828300894301,-1.2474602743078054,0.8220000267028809,98.51679992675781,46.87401418311416
36.87548149089401,-1.2378107796281481,0.8220000267028809,143.52850341796875,188.41932880380762
36.88983533718507,-1.247808084189974,0.8220000267028809,63.03409957885742,7.212924988223975
36.89274267107191,-1.2461715941033593,0.8845000267028809,444.5487976074219,175.7736531372698
36.90094741701025,-1.2360851075204649,0.8845000267028809,443.2840881347656,83.38116356946772
36.9046395526825,-1.2369635504279934,0.8845000267028809,100.99710083007812,66.75370310147007
36.878348692871384,-1.2399600663359092,0.9470000267028809,573.2891845703125,49.54957550461247
36.9198985964874,-1.2425864768563888,0.7026000022888184,16.78350067138672,123.5106374770545
36.9041133787582,-1.2413290103593169,0.7026000022888184,39.0620002746582,198.28052761845328
36.89915039928571,-1.2416143928267376,0.7026000022888184,240.67559814453125,78.16868085533797
36.89071823919364,-1.2399912800432835,0.7651000022888184,13.859999656677246,49.55010964368268
36.90569190053112,-1.2406601452013004,0.7651000022888184,97.63790130615234,128.8730360137489
36.90283807585691,-1.2402677443085972,0.7651000022888184,26.512100219726562,79.2962158530665
36.88039987935598,-1.2407091953128881,0.8276000022888184,101.81060028076172,128.87285803536577
36.88344098627443,-1.247638638349943,0.8276000022888184,51.40679931640625,27.043404429257844
36.91990305558845,-1.2403034171170244,0.8276000022888184,52.672698974609375,89.2111724789539
36.89992628286901,-1.239438351512656,0.8276000022888184,123.31279754638672,176.70880788666074
36.897094753700074,-1.2379846845692326,0.8276000022888184,57.31639862060547,138.3945033865696
36.903114540122225,-1.2403212535212385,0.8276000022888184,92.51360321044922,89.21156444832286
36.91830669741132,-1.2440535211029724,0.8901000022888184,217.62600708007812,56.133339468357356
36.89709921280112,-1.2383726263608825,0.8901000022888184,212.60609436035156,166.51571503476046
36.90644548860916,-1.2397995386979852,0.7193999886512756,31.589000701904297,33.33200120464272
36.89023219717882,-1.2481871077795168,0.7193999886512756,53.90639877319336,32.448575154410285
36.914150815229505,-1.2372846057038416,0.7818999886512756,53.35770034790039,138.7428096042746
36.884417529405134,-1.2468360001603227,0.7818999886512756,180.78689575195312,106.36646029175512
36.901148076557654,-1.2366335769500385,0.8443999886512756,213.78289794921875,142.87334373582755
36.91343735906095,-1.2387427317483184,0.8443999886512756,80.14240264892578,30.044766669785037
36.88252687055846,-1.2364953448173817,0.8443999886512756,139.6486053466797,134.99866574028357
36.881447768103534,-1.249449033377642,0.8443999886512756,67.9529037475586,134.05579484783914
36.90474211200672,-1.2371240780659176,0.8443999886512756,71.23249816894531,66.76122878211643
36.8857998507317,-1.2483119626090133,0.8443999886512756,985.0693969726562,52.279220394091695
36.897999951213926,-1.2433891150460092,0.9068999886512756,104.02649688720703,21.836331023029977
36.91801685584284,-1.2453065284989908,0.7138000130653381,60.46760177612305,86.07395073497763
36.91529680420024,-1.241346846763531,0.7138000130653381,40.954898834228516,198.28056742569004
36.89016976976407,-1.2482138623858374,0.7763000130653381,76.81549835205078,42.36392842696802
36.901923960140955,-1.23840829916931,0.7763000130653381,134.32919311523438,130.65973894553412
36.90731055421352,-1.2373604104217502,0.7763000130653381,199.37069702148438,87.85872519307866
36.91528788599813,-1.2401919395906882,0.7763000130653381,62.34389877319336,69.38085940765615
36.907653904994625,-1.2393536285926403,0.7763000130653381,83.35749816894531,95.02650448997446
36.90707868095873,-1.240878641152919,0.8388000130653381,129.51829528808594,171.25998639803976
36.902222719911535,-1.2371062416617036,0.8388000130653381,123.53099822998047,130.2981790541907
36.89730433144958,-1.2456409610779993,0.8388000130653381,90.29440307617188,97.80426659255525
36.89357206386786,-1.2458014887159234,0.8388000130653381,237.45260620117188,176.4412843025514
36.888970271580696,-1.2466576361181847,0.8388000130653381,110.90599822998047,136.11271540938364
36.88965251404187,-1.2462563170233747,0.8388000130653381,137.52540588378906,175.77411597754835
36.90393947381711,-1.2398976389211611,0.8388000130653381,32.30630111694336,39.634728308305505
36.90378786438129,-1.2408563456476518,0.8388000130653381,133.8092041015625,148.7037190440686
36.89812034694236,-1.2368030227900695,0.9013000130653381,171.52699279785156,124.41679781534096
36.9153101815034,-1.2398173751021988,0.7305999994277954,25.6156005859375,29.719404088636182
36.883026289876454,-1.235817561457258,0.7930999994277954,247.6605987548828,156.0519525557004
36.88126494496035,-1.2494133605692146,0.7930999994277954,105.19819641113281,119.9877201573604
36.89107050817687,-1.2488024637248925,0.7930999994277954,77.82019805908203,101.85622442942376
36.9158274372256,-1.2381407531061033,0.7930999994277954,93.48210144042969,158.67250631424733
36.91919405852095,-1.242599854159549,0.7930999994277954,17.27359962463379,43.668856544851295
36.880382042951766,-1.2472685329625068,0.8555999994277954,759.8140869140625,119.16929916723144
36.900126942416414,-1.2390860825294339,0.8555999994277954,67.91400146484375,190.78809496026253
36.88414106513982,-1.234604685970721,0.8555999994277954,138.4449005126953,162.98431481657803
36.89237256568448,-1.2407448681213156,0.9180999994277954,374.2467956542969,138.7883573025376
36.914931157913855,-1.2375476926659952,0.7361999750137329,48.86869812011719,180.99232642317176
36.87994059194747,-1.2397058975758628,0.7361999750137329,46.737300872802734,19.80377477667725
36.88920660393653,-1.2553216694650302,0.7361999750137329,72.35050201416016,101.92931995614536
36.89091443964,-1.2485795086722198,0.7361999750137329,75.44280242919922,82.02547179314367
36.9117562779638,-1.238898800285189,0.7986999750137329,53.316001892089844,177.82413864849363
36.90693153062398,-1.2401785622875279,0.7986999750137329,452.68060302734375,102.5282543774134
36.90157169115774,-1.238078325691355,0.8611999750137329,221.1627960205078,173.87949798799553
36.91844492954397,-1.2389077184872959,0.8611999750137329,81.30809783935547,69.43419596255742
36.89267578455611,-1.2514021196390515,0.8611999750137329,177.54209899902344,133.24659936432124
36.90091174420182,-1.2400046573464438,0.9236999750137329,158.58580017089844,64.17179784818971
36.903854750897096,-1.2412487465403552,0.7250000238418579,60.207401275634766,188.3651678267339
36.883806632560805,-1.2494936243881767,0.7875000238418579,242.9029998779297,191.09453049621052
36.87705109446484,-1.2382923625419204,0.7875000238418579,51.33259963989258,138.84243637133616
36.917499600120635,-1.2467200635329332,0.7875000238418579,50.94770050048828,179.01646154939277
36.91729894057325,-1.2423144716921286,0.7875000238418579,41.70650100708008,165.915835101158
36.91557772756661,-1.2408741820518654,0.8500000238418579,40.138301849365234,148.7037403398961
36.90309670371801,-1.2375387744638882,0.8500000238418579,205.65179443359375,102.10914921631905
36.90290050327166,-1.2369367958216728,0.9125000238418579,153.1750030517578,66.97270481712341
36.884404152101965,-1.2462786125286422,0.9125000238418579,1339.4107,155.94326422193203
36.89089214413473,-1.254831168349151,0.7473999857902527,40.91230010986328,10.486311091131343
36.91198369211753,-1.2366915452637333,0.7473999857902527,32.900901794433594,19.04697020930667
36.907422031739856,-1.239567665443206,0.8098999857902527,108.4646987915039,95.02653399075567
36.91110524921001,-1.2362946852699768,0.8098999857902527,24.613300323486328,23.210199377612753
36.9004925887028,-1.243179537296497,0.9348999857902527,262.0726013183594,153.95984681045954
36.900046678597455,-1.236361571785778,0.7418000102043152,72.37020111083984,113.12723287366286
36.91521654038127,-1.2382076396219046,0.7418000102043152,25.822399139404297,148.75711354929064
36.91964442772735,-1.242582017755335,0.7418000102043152,9.964300155639648,93.56996962677296
36.89662208898841,-1.2450389824357837,0.7418000102043152,65.15650177001953,0.6720623664875223
36.880056528574855,-1.2404015173402,0.8043000102043152,98.79340362548828,99.12669321856514
36.89203813310547,-1.249707661238742,0.8668000102043152,64.40380096435547,193.12786137376233
36.91195247841015,-1.236250094259442,0.8668000102043152,67.43589782714844,47.16065489158235
36.892800639385605,-1.2520576074939078,0.8668000102043152,69.00340270996094,80.82474850243584
36.903016439899055,-1.237137455369078,0.8668000102043152,88.61930084228516,66.95763476832231
36.892234333551826,-1.2469341003834986,0.8668000102043152,143.7050018310547,96.45085788809867
36.9158943237414,-1.2391128371357547,0.7585999965667725,88.84230041503906,49.60352049095782
36.88497045793575,-1.2364641311100073,0.7585999965667725,55.99760055541992,47.992615366480706
36.891779505244365,-1.2554331469913667,0.7585999965667725,192.1656036376953,109.09218701531155
36.91204611953227,-1.239518615331618,0.7585999965667725,122.16960144042969,198.8849493482219
36.92027316097588,-1.2396345519590075,0.8210999965667725,128.39739990234375,9.888135913268643
36.912367174808125,-1.237685924798652,0.8210999965667725,71.17369842529297,30.135045804321603
36.908701793742196,-1.2394338924116026,0.8210999965667725,39.01190185546875,179.43499572864238
36.885425286243205,-1.2371642099753983,0.8835999965667725,188.58309936523438,132.3863839075853
36.89271591646559,-1.2541845986964018,0.8835999965667725,163.45460510253906,80.95691172617798
36.894156206105855,-1.2463544172465504,0.8835999965667725,76.70010375976562,92.03301473656765
36.88621454712967,-1.2355321789898377,0.8835999965667725,349.99139404296875,42.34321367658483
36.889786287073484,-1.254817791045991,0.70169997215271,27.78420066833496,94.89495113361228
36.913366013444104,-1.2405397494728572,0.76419997215271,80.3949966430664,177.68875982016408
36.88231729280896,-1.2484368174385096,0.76419997215271,229.0749969482422,72.11043907858038
36.88467615726623,-1.2469207230803379,0.76419997215271,238.0648956298828,86.53576767526938
36.88521124939264,-1.2344441583327967,0.76419997215271,152.0471954345703,110.91222391169717
36.89288536230561,-1.2513307740221964,0.76419997215271,94.23249816894531,103.30603380539709
36.917945510225984,-1.2414181923803862,0.76419997215271,29.093900680541992,96.05430196595195
36.890811880315766,-1.2484189810342963,0.82669997215271,64.6178970336914,62.19473263753562
36.881117794625574,-1.249707661238742,0.82669997215271,50.6421012878418,127.0217218940316
36.90505424908048,-1.2402097759949025,0.82669997215271,70.73719787597656,79.2961922615918
36.91875260751666,-1.2450211460315703,0.82669997215271,36.94599914550781,6.232250886533068
36.91345073636412,-1.2400537074580316,0.82669997215271,71.14820098876953,135.4993941695385
36.889380508877615,-1.2484234401353493,0.82669997215271,37.69609832763672,62.19457981967547
36.91351316377886,-1.236290226168923,0.82669997215271,39.32109832763672,166.81139280603333
36.88710636734035,-1.2478928071099893,0.82669997215271,145.2095947265625,2.7023363429327434
36.894321192844835,-1.2385509904030203,0.82669997215271,69.24340057373047,37.59640199172776
36.8808279530571,-1.2467958682508418,0.88919997215271,267.41790771484375,109.59458271252964
36.89793306469812,-1.236740595375321,0.88919997215271,182.77569580078125,103.31081650794856
36.89279618028455,-1.2387561090514787,0.88919997215271,203.37010192871094,89.26496156825976
36.888840957650146,-1.248459112943777,0.753000020980835,77.77469635009766,62.19454485299599
36.917624454950136,-1.2377661886176134,0.753000020980835,94.502197265625,198.33395168617056
36.887378372504614,-1.2489406958575489,0.753000020980835,104.0602035522461,121.68669147504424
36.87813465602082,-1.248677608895396,0.753000020980835,121.87169647216797,182.47569488010407
36.89199354209493,-1.2532080555656968,0.753000020980835,33.75450134277344,52.68946725267374
36.91570704149715,-1.2379445526597517,0.815500020980835,64.59549713134766,178.50322386773234
36.90430512010349,-1.2410436278918966,0.815500020980835,117.35160064697266,168.5344395718755
36.91179195077223,-1.2363437353815645,0.815500020980835,133.20779418945312,26.054674504440932
36.88934037696813,-1.2475940473394087,0.7073000073432922,104.27860260009766,27.04368999674625
36.89420525621744,-1.238818536466227,0.7073000073432922,67.10759735107422,23.543296522216536
36.89593984652723,-1.2376770065965448,0.7698000073432922,25.673500061035156,18.78144639168769
36.912991448955616,-1.2397326521821836,0.7698000073432922,133.5345001220703,142.56728716984261
36.90357382753073,-1.2404906993612692,0.7698000073432922,92.58190155029297,109.04227303304506
36.90410446055609,-1.2393759240979074,0.7698000073432922,74.07230377197266,19.857447960490745
36.90301643989905,-1.2363883263920992,0.8323000073432922,40.804901123046875,10.715211984735271
36.89477602115228,-1.2467200635329332,0.8323000073432922,70.65789794921875,14.664460170555374
36.88909958551125,-1.2551611418271063,0.8323000073432922,126.4760971069336,123.03136526174787
36.918574243474524,-1.2442318851451102,0.8948000073432922,88.7925033569336,26.192685941871353
36.91408838781476,-1.2393402512894802,0.7753999829292297,42.4453010559082,29.992151408693754
36.903569368429686,-1.241030250588736,0.7753999829292297,64.2582015991211,168.53444846604785
36.89286752590141,-1.2409945777803086,0.7753999829292297,22.741300582885742,158.6191044827657
36.92024194726851,-1.2426176905637627,0.8378999829292297,55.410301208496094,163.43152794288224
36.8830887172912,-1.2469742322929795,0.8378999829292297,124.03130340576172,96.45088240803841
36.881528031922485,-1.2491636509102217,0.8378999829292297,146.98330688476562,119.98776070292352
36.89925295860995,-1.240058166559085,0.9003999829292297,79.85449981689453,183.7147495475981
36.895213013055525,-1.2392421510663043,0.9003999829292297,169.99000549316406,89.02433393407367
36.904991821665725,-1.2402543670054367,0.7240999937057495,52.5015983581543,79.29618917051238
36.906993958038726,-1.2373604104217502,0.7240999937057495,217.5373992919922,115.99489705357725
36.908666120933766,-1.2388229955672803,0.7240999937057495,19.766199111938477,130.19667808825562
36.91879273942614,-1.2445038903093706,0.7865999937057495,78.82369995117188,3.747963434936704
36.90353369562125,-1.2368431546995504,0.7865999937057495,117.90619659423828,10.677539704954176
36.91802131494389,-1.2444057900861947,0.7865999937057495,13.839300155639648,86.07397966795655
36.892577684332934,-1.251179164586379,0.7865999937057495,46.92060089111328,133.2466083689534
36.9129825307535,-1.2391797236515563,0.8490999937057495,36.37900161743164,100.38544321222096
36.880060987675904,-1.2474558152067516,0.8490999937057495,256.2857971191406,126.20336214041248
36.90608430142382,-1.2379356344576447,0.8490999937057495,217.55490112304688,109.0558938542157
36.908242506333686,-1.239277823874732,0.8490999937057495,39.57709884643555,130.19669753580928
36.88467615726623,-1.2485928859753803,0.8490999937057495,108.26750183105469,82.02540833095424
36.88970156415346,-1.2475539154299276,0.8490999937057495,51.0713005065918,36.95902318275223
36.91729894057325,-1.2416723611404323,0.9115999937057495,139.1884002685547,165.91587405212763
36.89134697244218,-1.2525837814182146,0.718500018119812,29.884899139404297,151.1658404887965
36.88215676517103,-1.2473933877920036,0.781000018119812,49.260101318359375,56.78924407522032
36.907497836457765,-1.2371062416617036,0.781000018119812,118.10800170898438,94.89278272825462
36.89149412277695,-1.2543807991427531,0.781000018119812,74.96730041503906,3.5821191085704416
36.883846764470285,-1.2382968216429742,0.781000018119812,176.6407928466797,111.17495311609865
36.89942686355103,-1.2397058975758628,0.906000018119812,158.21949768066406,197.79405146769338
36.91333479973672,-1.2365622313331834,0.7353000044822693,30.616899490356445,131.64480111062943
36.913687068719945,-1.2406200132918193,0.7353000044822693,228.14190673828125,156.9727490650436
36.90198192845465,-1.2378955025481635,0.7353000044822693,115.35169982910156,178.85619274749678
36.88575971882222,-1.2473755513877895,0.7978000044822693,80.6072998046875,56.78978271063034
36.89917269479098,-1.2410837598013778,0.7978000044822693,202.26089477539062,113.35195625643696
36.90344005449913,-1.241337928561424,0.7978000044822693,96.0958023071289,198.28053893123038
36.890143015157754,-1.2405531267760175,0.7978000044822693,215.3347930908203,118.95767583154253
36.8818624645015,-1.2494802470850161,0.7978000044822693,130.25100708007812,169.2259703617489
36.88940726348393,-1.2548311683491513,0.7978000044822693,192.7198944091797,130.06520755151348
36.90381015988656,-1.2378598297397359,0.7978000044822693,283.55609130859375,66.88985491156667
36.894013514872135,-1.2471615145372243,0.7978000044822693,47.381900787353516,35.7418748990495
36.89944469995524,-1.2397995386979852,0.7978000044822693,195.27520751953125,190.7581477399444
36.892577684332934,-1.2386936816367304,0.7978000044822693,255.4503936767578,89.26497201304102
36.89340261802782,-1.2397371112832367,0.8603000044822693,174.68580627441406,19.804061099632094
36.91454767522326,-1.240058166559085,0.8603000044822693,92.21620178222656,60.784989324703425
36.87935199060841,-1.248298585305853,0.8603000044822693,436.7048034667969,119.169396196798
36.88452454783042,-1.2484011446300822,0.9228000044822693,139.5364990234375,62.194703796550776
36.89381285532474,-1.2411818600245532,0.9228000044822693,490.8525085449219,188.36525232861263
36.92190965106249,-1.2390950007315407,0.7408999800682068,78.60179901123047,49.60458698779318
36.90322601764856,-1.2407002771107813,0.7408999800682068,48.924800872802734,128.8730106572206
36.880016396665376,-1.240526372169697,0.7408999800682068,116.44950103759766,109.04205575863006
36.89122657671374,-1.2530073960182917,0.7408999800682068,62.94810104370117,123.02994019105897
36.8940358103774,-1.2412264510350879,0.7408999800682068,60.897098541259766,190.2113566409217
36.91612619699618,-1.2413513058645842,0.8033999800682068,49.599098205566406,198.28053431081435
36.92093756703285,-1.2378509115376293,0.8033999800682068,58.83599853515625,188.41933750362523
36.90831385195055,-1.239380383198961,0.8033999800682068,73.61849975585938,144.26478487131425
36.8967469438179,-1.2427380862922062,0.8658999800682068,215.76449584960938,169.53770374581734
36.88739174980777,-1.2487266590069837,0.8658999800682068,80.91619873046875,91.94060128694724
36.88217014247419,-1.246675472522399,0.8658999800682068,103.6635971069336,136.11214972984888
36.91773593247648,-1.2405352903718034,0.8658999800682068,104.56199645996094,109.04228651084763
36.88409647412927,-1.2485750495711665,0.9283999800682068,231.69970703125,82.0254789716824
36.884016210310314,-1.239139591742075,0.7297000288963318,147.94219970703125,181.48552639966658
36.92144144545189,-1.2380649483881947,0.7922000288963318,128.12559509277344,158.67343141893508
36.885460959051635,-1.2353404376445392,0.7922000288963318,99.99259948730469,8.212235081971237
36.90540651806371,-1.237039355145902,0.7922000288963318,153.35780334472656,123.05636057529111
36.91604147407617,-1.2387427317483184,0.7922000288963318,34.33359909057617,89.26497568718548
36.891610059404336,-1.239139591742075,0.8547000288963318,198.07870483398438,39.68817250000013
36.88140763619405,-1.249248373830237,0.8547000288963318,92.56890106201172,112.95370852721955
36.90250810237896,-1.236290226168923,0.8547000288963318,189.44749450683594,45.91194923722856
36.89224771085498,-1.24989940258404,0.7465000152587891,18.57040023803711,173.1674575125472
36.914115142421075,-1.2396434701611145,0.7465000152587891,93.87200164794922,51.08308187323356
36.911974773915425,-1.2373737877249105,0.7465000152587891,143.17709350585938,37.19546631542989
36.890241115380924,-1.2538234115110725,0.8090000152587891,70.01309967041016,137.09863543688635
36.89335356791623,-1.2459664754549007,0.8090000152587891,237.5395050048828,183.46582092796044
36.894472802280646,-1.246978691394033,0.8090000152587891,64.89129638671875,14.653087825428704
36.88727135407933,-1.247808084189974,0.8090000152587891,67.239501953125,7.213031300503281
36.89370583689946,-1.2454358424295404,0.8090000152587891,77.17060089111328,197.5528352568892
36.90795266476522,-1.2390994598325942,0.8090000152587891,30.915800094604492,95.02648142761956
36.895275440470265,-1.2380158982766067,0.8090000152587891,82.74099731445312,2.362146443854766
36.87965075037899,-1.2404104355423071,0.8715000152587891,92.06159973144531,99.12662142901806
36.90386366909921,-1.2401651849843673,0.8715000152587891,76.95390319824219,69.38081707078106
36.878865948593585,-1.240446108350735,0.7520999908447266,68.61239624023438,99.12647957188146
36.91795442842809,-1.240370303632826,0.7520999908447266,30.86479949951172,89.21156988373207
36.88575080062011,-1.2363214398762974,0.7520999908447266,26.083099365234375,49.088407102961234
36.88125602675822,-1.2376413337881176,0.7520999908447266,258.0057067871094,149.1645690549439
36.90536638615421,-1.2366023632426641,0.8145999908447266,63.239200592041016,158.20790539360755
36.915484086444486,-1.240620013291819,0.8145999908447266,119.49330139160156,118.9576569890555
36.91176073706486,-1.2364507538068472,0.8145999908447266,135.9846954345703,19.03190457958982
36.90124171767978,-1.2411417281150723,0.8770999908447266,197.48109436035156,55.4235352857745
36.92207463780148,-1.2386713861314633,0.7008000016212463,108.3405990600586,89.2660907092094
36.89097240795369,-1.2386580088283028,0.7008000016212463,94.84819793701172,99.18033639824058
36.888912303267,-1.2478883480089362,0.7633000016212463,22.962900161743164,2.7023698739044746
36.88441307030406,-1.2381853441166377,0.7633000016212463,44.629798889160156,139.34134304562525
36.88632602465601,-1.234671572486522,0.8258000016212463,138.9351043701172,119.68408132764824
36.92050057512961,-1.2378464524365758,0.8258000016212463,60.19459915161133,188.41921026865495
36.89883826221197,-1.2353984059582337,0.8883000016212463,176.04359436035156,4.058282531161999
36.896555202472605,-1.2377082203039191,0.8883000016212463,188.4969024658203,75.07658553992931
36.891445072665356,-1.2469697731919263,0.7063999772071838,34.456298828125,96.45098574682504
36.879200381172595,-1.2476074246425688,0.7688999772071838,213.35870361328125,182.4756709104147
36.897183935721145,-1.2420603029320822,0.7688999772071838,191.9738006591797,190.66426682912834
36.895699055070345,-1.245480433440075,0.8313999772071838,96.30950164794922,35.81384486111143
36.894254306329024,-1.2390281142157389,0.8313999772071838,69.76329803466797,9.482675537180262
36.87966412768215,-1.2403034171170242,0.8313999772071838,117.7522964477539,79.29589637647976
36.90271322102741,-1.2373024421080554,0.8313999772071838,49.18130111694336,102.13175173973696
36.88941618168604,-1.248160353173196,0.8313999772071838,57.3036994934082,32.44849681029157
36.919211894925155,-1.2387917818599063,0.8938999772071838,192.98269653320312,79.34969970488241
36.89879813030249,-1.244659958846241,0.7577000260353088,11.083700180053711,139.9556561493044
36.88874285742697,-1.2488693502406942,0.7577000260353088,108.95069885253906,111.77135709770938
36.8865846525171,-1.2474602743078056,0.7577000260353088,149.78439331054688,46.874466019209486
36.88136750428457,-1.2405709631802315,0.8202000260353088,60.16230010986328,119.21579688466666
36.90543773177108,-1.2412933375508897,0.8202000260353088,102.47139739990234,198.28055885423282
36.90955348204339,-1.2378107796281483,0.8202000260353088,31.63170051574707,123.16264986016485
36.884216869857724,-1.238586663211448,0.8202000260353088,109.2957992553711,153.3868909379521
36.88955887291974,-1.2477322794720653,0.8202000260353088,39.47840118408203,17.12831235730292
36.91720529945112,-1.2464658947728866,0.8202000260353088,57.76969909667969,190.79201515303237
36.88253578876057,-1.2470767916172087,0.8202000260353088,256.4421081542969,86.5354119993972
36.89055771155572,-1.2486508542890749,0.8202000260353088,96.3727035522461,82.02542411110343
36.88485898040942,-1.2347473772044308,0.8827000260353088,203.87770080566406,92.6209622172282
36.87480816663495,-1.2411506463171795,0.7745000123977661,10.315999984741211,178.44907937969154
36.921057962761296,-1.2379445526597517,0.7745000123977661,256.66571044921875,168.58867454603458
36.88119359934349,-1.2499439935945744,0.7745000123977661,113.39689636230469,155.1578327374895
36.89258660253504,-1.246947477686659,0.7745000123977661,89.84130096435547,106.36613017781114
36.891984623892824,-1.2470500370108883,0.8370000123977661,90.51959991455078,86.53552867223917
36.91126131774686,-1.2360003846004493,0.8370000123977661,123.36489868164062,11.956387935444594
36.904131215162415,-1.2369189594174588,0.8370000123977661,108.17749786376953,31.55700568493079
36.883289376838604,-1.2398976389211611,0.8370000123977661,113.22360229492188,181.42534460115772
36.88870718461854,-1.2466710134213452,0.8370000123977661,60.361698150634766,136.11272503406573
36.91846276594819,-1.2424170310163576,0.8370000123977661,30.904800415039062,36.172926815372115
36.89878475299932,-1.2441739168314154,0.8370000123977661,84.78910064697266,104.7761275481698
36.88207204225101,-1.2474647334088587,0.8370000123977661,42.98970031738281,46.87386042200441
36.91445403410114,-1.2389969005083645,0.7175999879837036,27.7814998626709,26.28038740564954
36.90052380241017,-1.2360226801057164,0.7175999879837036,111.52330017089844,73.46578877699793
36.90309670371802,-1.2393447103905337,0.7175999879837036,24.53179931640625,19.857422786204243
36.8891709311281,-1.248329799013227,0.7800999879837036,39.47700119018555,52.27920346033178
36.89268470275822,-1.2521958396265647,0.7800999879837036,92.56559753417969,73.79083848324362
36.91422661994742,-1.239380383198961,0.7800999879837036,75.56659698486328,15.91650367337474
36.92036234299695,-1.241948825405746,0.8425999879837036,29.705699920654297,173.4117912774276
36.88158600023619,-1.2403524672286126,0.9050999879837036,138.26170349121094,93.44296925488409
36.88299507616907,-1.2471080053245829,0.9050999879837036,160.01190185546875,86.53550217658159
36.90570973693533,-1.2412398283382482,0.7343999743461609,55.12179946899414,188.36521155684747
36.88920660393653,-1.2485393767627393,0.7343999743461609,64.79060363769531,72.10993016924455
36.89082079851787,-1.2474468970046448,0.7968999743461609,48.49380111694336,46.87426370321053
36.89255092972661,-1.254657263408067,0.7968999743461609,154.7010040283203,116.12678441950456
36.884832225803095,-1.2468939684740177,0.7968999743461609,67.63009643554688,106.3665046777506
36.90583013266378,-1.2401027575696197,0.7968999743461609,81.58619689941406,59.46550407839979
36.91759324124276,-1.2453957105200597,0.8593999743461609,75.98690032958984,135.97500896262378
36.89380393712263,-1.2398307524053591,0.8593999743461609,73.39669799804688,29.7194516142141
36.91451200241483,-1.2394160560073888,0.8593999743461609,50.826900482177734,1.8333451834060328
36.89962752309843,-1.2402944989149176,0.8593999743461609,210.14669799804688,134.47841265952295
36.88398053750189,-1.2484457356406167,0.7232000231742859,33.00870132446289,62.19477849907567
36.89665776179684,-1.238818536466227,0.7232000231742859,39.316200256347656,166.47806893562347
36.90184369632199,-1.2399020980222146,0.7232000231742859,9.497400283813477,6.146088138215591
36.89349625914994,-1.2469697731919265,0.7232000231742859,75.25969696044922,92.0064526276305
36.892412697593954,-1.2532035964646435,0.7857000231742859,61.202999114990234,17.519154388048264
36.886326024656,-1.2480399574447532,0.8482000231742859,123.42369842529297,22.53308945018144
36.90869733464114,-1.239549829038992,0.8482000231742859,84.2042007446289,186.46904113062465
36.89831208828766,-1.2419711209110134,0.8482000231742859,89.91899871826172,106.28226069559761
36.89502127171022,-1.2479329390194704,0.9107000231742859,83.58489990234375,97.89882752775863
36.88305304448278,-1.2494445742765885,0.9107000231742859,118.37039947509766,171.26392753987957
36.88293710785538,-1.236165371339427,0.9107000231742859,982.81201171875,134.97608746006975
36.90696274433135,-1.2405263721696969,0.9107000231742859,223.3708038330078,132.3302063403249
36.91659886170785,-1.2413156330561568,0.7287999987602234,63.64350128173828,198.2805276816315
36.90059514802703,-1.2360093028025558,0.7287999987602234,63.59120178222656,73.46579064702057
36.87887932589675,-1.2399154753253745,0.7287999987602234,56.399200439453125,39.634304524206684
36.895088158226024,-1.2399110162243212,0.7287999987602234,160.6186981201172,131.19866477909935
36.9072258312935,-1.2395453699379386,0.7912999987602234,86.3021011352539,73.92440969601714
36.884698452771495,-1.236406162796313,0.7912999987602234,47.10540008544922,19.848794363753377
36.90446118864037,-1.2359424162867545,0.7912999987602234,173.36489868164062,137.04171542031665
36.895208553954475,-1.2385153175945927,0.7912999987602234,193.404296875,32.781870710385924
36.89691193055688,-1.2384261355735235,0.7912999987602234,179.3144073486328,159.47035104814302
36.8858087689338,-1.2475539154299276,0.7912999987602234,370.0306091308594,36.95904933931473
36.88915309472389,-1.247437978802538,0.7912999987602234,61.06990051269531,46.874429530620446
36.88720446756353,-1.2476252610467828,0.7912999987602234,20.100500106811523,27.043756750628276
36.89716609931693,-1.2427202498879923,0.8537999987602234,201.7509002685547,141.41289809022808
36.8951193719334,-1.2443032307619655,0.8537999987602234,23.10770034790039,176.50566917411862
36.89295670792247,-1.2546483452059598,0.8537999987602234,94.53959655761719,137.22903675251598
36.903564909328615,-1.2412442874393015,0.8537999987602234,62.57360076904297,188.3651736837777
36.8976566004328,-1.2453823332168994,0.8537999987602234,130.97439575195312,104.8250874152776
36.90481345762359,-1.2356258201119596,0.8537999987602234,115.67780303955078,193.31428915500948
36.90168316868407,-1.2373470331185898,0.9162999987602234,175.5290069580078,193.61611735387513
36.88008328318118,-1.2397326521821836,0.7400000095367432,51.10559844970703,19.803812016355515
36.883543545598656,-1.235295846634005,0.7400000095367432,98.42900085449219,156.00676376967837
36.885853359944335,-1.2360851075204649,0.7400000095367432,161.86709594726562,27.989963333135613
36.89909689007307,-1.2413111739551033,0.8025000095367432,87.93560028076172,99.27639524875696
36.892345811078144,-1.2467824909476817,0.8025000095367432,45.934898376464844,116.28154893373538
36.89136926794744,-1.246827081958216,0.8025000095367432,96.29900360107422,116.28172660118432
36.88530489051476,-1.2379267162555379,0.8025000095367432,67.35880279541016,188.62879155125827
36.88649992959709,-1.2492528329312906,0.8025000095367432,114.25499725341797,151.43280470490066
36.8960959150641,-1.2456677156843199,0.8025000095367432,217.5364990234375,6.386513940576806
36.89647047955259,-1.2447937318778448,0.8025000095367432,44.9182014465332,28.80815839501626
36.89091889874105,-1.2461448394970385,0.8650000095367432,99.28119659423828,195.60469903197702
36.919278781440966,-1.2396969793737558,0.8650000095367432,67.98030090332031,19.803887100874157
36.898985412546736,-1.237057191550116,0.8650000095367432,179.54879760742188,182.5347917643512
36.89018760616829,-1.2551878964334269,0.8650000095367432,35.70289993286133,38.62275985632658
36.88329383593966,-1.2467468181392536,0.8650000095367432,259.84521484375,116.2816418277111
36.89976129613003,-1.2401963986917417,0.9275000095367432,174.22689819335938,134.48590477469557
36.89737121796539,-1.2370036823374746,0.9275000095367432,184.6519012451172,82.1746853191507
36.902512561480016,-1.2410570051950571,0.7455999851226807,75.63629913330078,146.83788472792867
36.917013558105815,-1.241605474624631,0.7455999851226807,83.26139831542969,195.85655851132782
36.919987778508464,-1.2404015173402,0.7455999851226807,48.19340133666992,99.12650034312598
36.89181963715384,-1.2465952087034369,0.7455999851226807,69.78700256347656,136.11237727889372
36.92042031131064,-1.2389077184872959,0.7455999851226807,22.395599365234375,69.43482972384122
36.87208811499235,-1.2381808850155842,0.7455999851226807,101.2759017944336,158.67306627880723
36.91174290066064,-1.23694571402378,0.7455999851226807,14.710000038146973,23.157452314243358
36.89218082433918,-1.254469981163822,0.7455999851226807,106.85359954833984,59.85451885512121
36.88988438729665,-1.2460824120822904,0.7455999851226807,33.66320037841797,195.60481712601145
36.91882841223457,-1.2417749204646615,0.7455999851226807,28.34830093383789,3.747967208701473
36.91728110416903,-1.2418150523741427,0.8080999851226807,61.65010070800781,165.91586848838634
36.907257045000875,-1.2402677443085972,0.8080999851226807,104.23739624023438,130.1968032596247
36.891079426378965,-1.2485349176616856,0.8080999851226807,101.06169891357422,72.11013429676741
36.91338830894937,-1.2372043418848795,0.8080999851226807,57.883201599121094,82.43264453216791
36.88991114190298,-1.2397014384748093,0.8080999851226807,229.70790100097656,19.80406955892897
36.89096794885264,-1.2477233612699583,0.8080999851226807,47.552799224853516,17.12814870788589
36.891057130873705,-1.2465729131981693,0.8705999851226807,138.31129455566406,146.02785747146586
36.90544219087212,-1.2362946852699768,0.8705999851226807,90.47540283203125,186.3366651989141
36.8987490801909,-1.236918959417459,0.8705999851226807,197.35609436035156,172.61944307199795
36.87939212251789,-1.2477634931794395,0.8705999851226807,395.9383850097656,161.373574941229
36.89510153552919,-1.2396702247674352,0.8705999851226807,163.4752960205078,117.13804837451528
36.90607984232277,-1.2375521517670485,0.8705999851226807,77.93260192871094,137.17713751718236
36.89464224812068,-1.2449185867073411,0.9330999851226807,254.2427978515625,169.44705199255017
36.8918820645686,-1.2493553922555196,0.7623999714851379,23.721200942993164,161.3485381227521
36.907422031739856,-1.239380383198961,0.7623999714851379,73.84190368652344,73.92438790234709
36.893603277575224,-1.2537966569047518,0.7623999714851379,362.9895935058594,123.16159129554832
36.888114124178436,-1.2493197194470917,0.7623999714851379,16.90999984741211,161.34815119241733
36.894120533297425,-1.2402632852075435,0.7623999714851379,125.72219848632812,87.25869551582065
36.8887963666396,-1.2485259994595785,0.7623999714851379,35.58829879760742,72.10990821206538
36.892247710854974,-1.2503363944872778,0.8248999714851379,73.00450134277344,173.16742828643356
36.891351431543235,-1.2536673429742018,0.8248999714851379,127.68669891357422,66.75793396189283
36.890370429311474,-1.2467022271287196,0.8248999714851379,61.13399887084961,126.19722649572395
36.892118396924424,-1.2475227017225534,0.8248999714851379,251.02650451660156,36.95869564808722
36.90392609651394,-1.235478669777196,0.8248999714851379,22.561800003051758,129.96621815161453
36.919532950201,-1.239625633756901,0.8248999714851379,58.937801361083984,9.888414591367196
36.918873003245096,-1.2377929432239343,0.8873999714851379,116.37979888916016,188.4185324369343
36.883534627396536,-1.2382120987229583,0.7512000203132629,153.58050537109375,75.99332107204515
36.89730433144958,-1.236749513577428,0.7512000203132629,46.68560028076172,54.04594021782624
36.9041133787582,-1.2405174539675898,0.7512000203132629,52.392398834228516,109.0422643450288
36.91280862581242,-1.2369323367206193,0.7512000203132629,30.52989959716797,61.29657034132694
36.918779362122976,-1.2440668984061327,0.8137000203132629,70.69129943847656,3.747964064362272
36.889567791121856,-1.2488336774322664,0.8137000203132629,146.96139526367188,111.77141107089928
36.87891499870518,-1.24779024778576,0.8137000203132629,94.79199981689453,189.50971736868533
36.91268377098292,-1.2385643677061808,0.8137000203132629,44.53390121459961,72.2867805412583
36.89152979558537,-1.249208241920756,0.8137000203132629,107.38719940185547,151.43311210518647
36.88679423026662,-1.2481514349710887,0.8137000203132629,222.097900390625,32.44843367708348
36.90677100298605,-1.2407225726160485,0.8137000203132629,155.3708038330078,136.51460562460545
36.90070662555337,-1.2396434701611143,0.8762000203132629,109.2123031616211,106.37972072480723
36.91755310933329,-1.2447669772715237,0.7567999958992004,44.82360076904297,135.97504096230566
36.891052671772655,-1.2537476067931639,0.8192999958992004,32.681400299072266,80.82611717897423
36.8861922516244,-1.2475449972278205,0.8192999958992004,76.49130249023438,36.95908028156148
36.90401527853501,-1.2400670847611917,0.8192999958992004,64.07949829101562,59.46545234389476
36.895105994630235,-1.2440000118903312,0.8192999958992004,92.45549774169922,197.61341534209478
36.91802131494389,-1.241779379565715,0.8192999958992004,62.60279846191406,86.0740634535643
36.89438362025958,-1.2407404090202625,0.8817999958992004,212.281494140625,140.66507777867466
36.882580379771106,-1.249172569112328,0.8817999958992004,62.64039993286133,141.51792569801663
36.88677639386239,-1.2490967643944197,0.8817999958992004,105.9791030883789,131.60206740649755
36.892020296701254,-1.2558210887830161,0.8817999958992004,180.3271942138672,158.330252213027
36.893063726347755,-1.2476430974509967,0.8817999958992004,92.82469940185547,27.043124927152473
36.89663992539263,-1.2455473199558769,0.7110999822616577,10.941300392150879,41.543406348327835
36.904898180543604,-1.2365845268384508,0.7110999822616577,172.9990997314453,115.98090666082706
36.89133805424007,-1.2392644465715716,0.7735999822616577,104.43560028076172,29.772807973388943
36.890655811778906,-1.246978691394033,0.7735999822616577,77.81770324707031,96.451103693802
36.89230122006762,-1.255700693054573,0.7735999822616577,137.41749572753906,172.3984938651401
36.87913349465679,-1.2483565536195478,0.7735999822616577,247.82699584960938,133.23746504395152
36.91607268778354,-1.2411238917108585,0.7735999822616577,127.11620330810547,178.44980907471214
36.89728203594432,-1.2455740745621977,0.7735999822616577,92.4343032836914,90.76835677296705
36.89106604907582,-1.2492840466386645,0.7735999822616577,101.752197265625,161.34840494406825
36.90083593948391,-1.239879802516947,0.8360999822616577,196.29220581054688,78.23985874698256
36.91355329568835,-1.2397192748790231,0.8360999822616577,78.02660369873047,100.34033531579351
36.90060406622914,-1.2368565320027107,0.7055000066757202,41.81079864501953,162.70404979852668
36.89012071965249,-1.2484368174385096,0.7055000066757202,47.2135009765625,62.194645397073394
36.883325049647034,-1.2471303008298502,0.7680000066757202,143.2176971435547,76.62020500491008
36.88370853233763,-1.2386490906261962,0.7680000066757202,84.94190216064453,118.19020523578459
36.91535923161499,-1.2413156330561568,0.7680000066757202,62.91600036621094,198.28056742569004
36.914574429829585,-1.240597717786552,0.7680000066757202,109.10009765625,118.98647698647657
36.87974885060217,-1.2474558152067514,0.8305000066757202,517.0928955078125,154.33951510330843
36.91889529875037,-1.2397014384748093,0.8305000066757202,75.48989868164062,13.72820341819482
36.88216122427208,-1.248369930922708,0.8305000066757202,102.00659942626953,52.27975216389584
36.89358990027207,-1.2519996391802128,0.8305000066757202,20.889299392700195,17.51813363684597
36.899623063997375,-1.2404371901486282,0.8305000066757202,35.81449890136719,127.44250935624255
36.884216869857724,-1.2472105646488123,0.8305000066757202,305.47650146484375,66.7049832036053
36.89771010964545,-1.2422609624794871,0.8930000066757202,203.2718963623047,141.43171865482054
36.89392433285107,-1.247228401053026,0.8930000066757202,102.57009887695312,42.773998498292926
36.90163411857248,-1.2365176403226492,0.8930000066757202,123.2531967163086,123.04264388200214
36.918070365055485,-1.241618851927791,0.71670001745224,79.9343032836914,76.09384292774351
36.90671749377341,-1.239861966112733,0.71670001745224,29.86440086364746,59.85639102262608
36.890276788189354,-1.2490566324849388,0.77920001745224,47.52750015258789,131.60220888377495
36.90757364117567,-1.2391752645505025,0.77920001745224,30.982999801635742,73.92436896981128
36.89387974184054,-1.2403613854307194,0.77920001745224,119.33540344238281,89.44637762725642
36.90548232278161,-1.240628931493926,0.77920001745224,141.3489990234375,118.95765813003773
36.882192437979455,-1.2488693502406942,0.77920001745224,87.92880249023438,111.77193240140689
36.882696316398494,-1.2488648911396403,0.84170001745224,97.32769775390625,111.77181708066729
36.88965251404187,-1.2389210957904564,0.84170001745224,187.3144073486328,42.62167125248292
36.91764229135436,-1.2417124930499137,0.84170001745224,84.92639923095703,125.99497019648051
36.917744850678574,-1.244949800414715,0.90420001745224,143.8441925048828,116.01460401682182
36.90308778551591,-1.2383815445629893,0.90420001745224,238.42250061035156,119.01104658254573
36.90362733674337,-1.2365265585247558,0.90420001745224,89.44400024414062,31.519351164026748
36.8917572097391,-1.2411551054182328,0.90420001745224,58.84980010986328,178.44980202464333
36.91279524850926,-1.2386401724240892,0.7222999930381775,19.417200088500977,72.27925765706755
36.91415973343161,-1.236914500316406,0.7222999930381775,36.240699768066406,166.86405046955184
36.88975061426504,-1.254719690822815,0.7222999930381775,18.5492000579834,108.96299952415963
36.88908174910703,-1.2382031805208513,0.7222999930381775,31.81089973449707,63.67502949949708
36.88989776459981,-1.2491859464154886,0.7847999930381775,69.62259674072266,141.51753410304119
36.89086093042736,-1.2467066862297729,0.7847999930381775,40.01390075683594,126.19715700348782
36.904135674263465,-1.2363303580784042,0.7847999930381775,108.30909729003906,80.76914529363384
36.883766500651326,-1.24870882260277,0.7847999930381775,35.234798431396484,91.94089621277244
36.897580795714894,-1.237859829739736,0.7847999930381775,202.00289916992188,166.5533789980623
36.91451200241483,-1.2409499867697742,0.7847999930381775,56.52220153808594,159.11852320867834
36.89797319660761,-1.2416857384435929,0.7847999930381775,213.627197265625,162.5507260483746
36.9178295735986,-1.2453065284989908,0.7847999930381775,43.97060012817383,106.03437585537674
36.91723205405744,-1.2454625970358615,0.7847999930381775,139.9149932861328,175.8958519432992
36.90208002867782,-1.2372533919964677,0.8472999930381775,188.9788055419922,158.4344587674002
36.8880695331679,-1.2471971873456518,0.8472999930381775,205.4427032470703,66.70520757755003
36.90589256007853,-1.240878641152919,0.8472999930381775,101.64720153808594,148.70377305604904
36.90104997633448,-1.2391931009547164,0.7390999794006348,120.89990234375,113.43057101655567
36.9069582852303,-1.2397014384748093,0.7390999794006348,64.34249877929688,66.89039786108339
36.89123103581479,-1.2488961048470146,0.8015999794006348,110.61840057373047,111.77161505131532
36.88343206807232,-1.248628558783808,0.8015999794006348,79.97209930419922,82.02559211445381
36.90422931538559,-1.240147348580154,0.8015999794006348,198.89779663085938,69.38081396858864
36.914003664894736,-1.2371107007627573,0.8015999794006348,37.77690124511719,138.72777006849768
36.885327186020035,-1.2350773506823858,0.8640999794006348,136.95620727539062,30.124779320541755
36.888720561921694,-1.2549783186839152,0.8640999794006348,48.36669921875,165.23555787368352
36.888564493384834,-1.2492974239418246,0.7279000282287598,57.164100646972656,161.3481659456621
36.88286576223853,-1.2487534136133047,0.7904000282287598,174.12460327148438,101.85641795229388
36.918944348861956,-1.2447179271599358,0.7904000282287598,73.54450225830078,13.728177630946174
36.88220135618156,-1.2368743684069246,0.7904000282287598,75.93379974365234,142.05906924143673
36.904483484145636,-1.2405174539675898,0.7904000282287598,54.119300842285156,109.04226527755476
36.894156206105855,-1.2466977680276659,0.7904000282287598,107.23770141601562,63.88934205748554
36.8949945171039,-1.2469876095961399,0.8529000282287598,66.38159942626953,27.539668855126024
36.91371828242732,-1.2398129160011455,0.8529000282287598,48.1885986328125,93.29499583613392
36.90312791742538,-1.2408072955360638,0.8529000282287598,60.11690139770508,138.78837719446042
36.9190736627925,-1.2413334694603706,0.8529000282287598,60.3911018371582,33.68864974491869
36.88149681821512,-1.2499529117966814,0.8529000282287598,114.27490234375,176.25994014242247
36.90240554305472,-1.2376012018786362,0.9154000282287598,180.60560607910156,151.37400710404881
36.912888889631375,-1.2366603315563591,0.7335000038146973,46.78329849243164,89.42532471644508
36.87880352117883,-1.2407850000307967,0.7335000038146973,35.521400451660156,138.7879157063497
36.89000924212614,-1.2476921475625844,0.8585000038146973,67.90509796142578,17.12827052519066
36.89261335714136,-1.2519193753612512,0.7502999901771545,85.52860260009766,101.92687128260967
36.908483297790575,-1.2394428106137094,0.8127999901771545,33.034698486328125,165.36691299162067
36.91225123818074,-1.2392599874705181,0.8127999901771545,53.345298767089844,163.71837575153063
36.894878580476515,-1.2453555786105786,0.8752999901771545,84.87740325927734,113.17107681707733
36.89816939705396,-1.237297983007002,0.8752999901771545,66.3406982421875,166.6061385422646
36.88355246380076,-1.2474290606004312,0.744700014591217,59.4276008605957,46.874146281110136
36.8951193719334,-1.2531723827572694,0.744700014591217,36.965301513671875,193.9970613744851
36.87919592207154,-1.239630092857954,0.744700014591217,29.378000259399414,9.888276809520866
36.893973382962656,-1.2476297201478361,0.807200014591217,63.99610137939453,7.5944049681452706
36.91532801790761,-1.2401116757717263,0.807200014591217,93.58070373535156,59.46549154373261
36.8859336237633,-1.2489852868680835,0.807200014591217,160.06629943847656,121.68674445619621
36.89053987515151,-1.2474335197014845,0.807200014591217,47.769500732421875,46.874298957031556
36.91778498258806,-1.2393759240979076,0.869700014591217,44.472999572753906,19.8574257946197
36.917744850678574,-1.2385688268072341,0.869700014591217,112.0792007446289,109.09568725257108
36.887284731382486,-1.2481113030616082,0.869700014591217,100.14240264892578,22.533058610630082
36.91450754331378,-1.2393536285926405,0.869700014591217,49.27450180053711,5.196966142172395
36.897282035944315,-1.238328035350348,0.869700014591217,292.46649169921875,180.59138337257764
36.90098754891973,-1.2415742609172566,0.869700014591217,105.8136978149414,69.50655945070797
36.91177857346908,-1.237458510644926,0.932200014591217,190.5644989013672,58.30144043388968
36.88883649854908,-1.2490387960807248,0.7045999765396118,30.76129913330078,131.60208856053598
36.891498581878004,-1.2468716729687503,0.7670999765396118,181.8126983642578,106.36633415142697
36.87883473488622,-1.2377438931123466,0.7670999765396118,30.963699340820312,198.3343923671933
36.89098578525685,-1.2490477142828318,0.7670999765396118,65.44239807128906,131.60230153999092
36.87879014387567,-1.2397237339800766,0.7670999765396118,88.76090240478516,19.803565500899964
36.91920743582412,-1.2438216478481936,0.7670999765396118,32.45249938964844,43.66883602127316
36.91299590805666,-1.2360405165099302,0.7670999765396118,128.447998046875,145.67530857456782
36.913223322210385,-1.2367450544763747,0.8295999765396118,72.24120330810547,110.54635202324127
36.893750427909985,-1.240459485653895,0.8295999765396118,39.85309982299805,99.1269891378097
36.88303520807857,-1.2402722034096503,0.8295999765396118,169.62210083007812,188.43309548508887
36.91747284551432,-1.2414226514814395,0.8295999765396118,106.81060028076172,145.95543680380146
36.918462765948185,-1.2450256051326238,0.8295999765396118,33.806400299072266,36.17289158599706
36.89740689077382,-1.237097323459597,0.8920999765396118,191.5106964111328,89.204987446756
36.89846369772347,-1.2358844479730595,0.8920999765396118,48.0702018737793,53.63511409783146
36.920264242773776,-1.2427202498879923,0.7559000253677368,102.13729858398438,163.43151697515762
36.912732821094515,-1.236740595375321,0.7559000253677368,18.28660011291504,68.31934929507395
36.91880165762825,-1.2397594067885043,0.7559000253677368,165.38380432128906,3.7479700976850503
36.90655250703443,-1.2404193537444141,0.8184000253677368,131.46359252929688,102.24866914015152
36.8738360826053,-1.2410748415992707,0.8184000253677368,40.61790084838867,168.5337468119543
36.9219676193762,-1.2389969005083645,0.8184000253677368,67.10800170898438,59.519976650707825
36.88277658021746,-1.248267371598479,0.8809000253677368,82.36920166015625,42.36425546709774
36.891948951084395,-1.2467869500487347,0.7615000009536743,117.43190002441406,116.28161827886468
36.908487756891624,-1.239630092857954,0.7615000009536743,9.291099548339844,179.4350047428941
36.88326262223229,-1.2395721245442597,0.8240000009536743,82.41390228271484,153.30411853746875
36.89819615166028,-1.2352646329266308,0.8240000009536743,77.19840240478516,15.772400635775773
36.895480559118724,-1.2392867420768385,0.8240000009536743,67.59600067138672,110.13781474118865
36.89069148458733,-1.2469118048782313,0.8240000009536743,43.50740051269531,106.3664551447453
36.88244660673951,-1.2478125432910272,0.8240000009536743,32.12950134277344,7.212486924858733
36.88093051238133,-1.2504835448220417,0.8240000009536743,55.4656982421875,176.25988155870388
36.89222095624866,-1.2555936746292904,0.8240000009536743,154.2747039794922,151.2963915628435
36.89626090180308,-1.2372935239059486,0.8865000009536743,73.76640319824219,18.811559261282603
36.884127687836646,-1.2475628336320346,0.8865000009536743,222.88909912109375,36.95886788074182
36.90731501331457,-1.2370571915501158,0.7157999873161316,83.29859924316406,115.99492025380749
36.89973008242266,-1.2369590913269404,0.7157999873161316,89.46070098876953,172.61940835129835
36.92227529734888,-1.2379802254681789,0.7782999873161316,139.73089599609375,168.58904216452947
36.89338032252255,-1.246439140166566,0.7782999873161316,89.93930053710938,148.28621953967246
36.89451739329119,-1.2387962409609596,0.8407999873161316,111.63939666748047,2.4298200474186196
36.913366013444104,-1.239251069268411,0.8407999873161316,28.646400451660156,79.26444362494509
36.89276496657718,-1.2397237339800766,0.8407999873161316,261.98040771484375,19.804021142681155
36.90779213712729,-1.238849750173601,0.8407999873161316,57.62350082397461,59.85625747353012
36.88946077269657,-1.2383993809672034,0.9032999873161316,96.58489990234375,77.76571378341387
36.88355246380076,-1.247148137234064,0.7102000117301941,167.6707000732422,76.6202359985416
36.90044353859121,-1.240058166559085,0.7727000117301941,351.1318054199219,92.29669776456667
36.91106065819947,-1.2359424162867545,0.7727000117301941,37.363399505615234,4.911009226182675
36.91447632960641,-1.237427296937552,0.8352000117301941,95.85769653320312,152.83350247168346
36.89017868796618,-1.249417819670268,0.8352000117301941,53.076698303222656,171.26365257528812
36.91205949683545,-1.2373782468259642,0.8352000117301941,122.65840148925781,30.157631674205753
36.91996994210425,-1.2391485099441821,0.8352000117301941,84.16459655761719,39.688574253998105
36.89713488560955,-1.238457349280898,0.8977000117301941,160.13710021972656,173.54601796234942
36.88650884779919,-1.2472952875688277,0.8977000117301941,114.15519714355469,56.789825448529285
36.89450847508907,-1.239995739144337,0.8977000117301941,162.09910583496094,88.96420763507615
36.87981573711798,-1.2406913589086745,0.7269999980926514,107.81189727783203,128.87274429900475
36.89571689147456,-1.2380917029945153,0.7269999980926514,79.97889709472656,39.85731351752907
36.92044706591697,-1.2386446315251427,0.7269999980926514,30.085500717163086,99.18091682137135
36.897335545156956,-1.2458237842211906,0.7894999980926514,14.372400283813477,118.90822227786357
36.894575361604886,-1.2457212248969614,0.7894999980926514,103.345703125,106.12379992737146
36.9155019228487,-1.2379713072660723,0.7894999980926514,73.17459869384766,178.5032155001745
36.904710898299356,-1.237017059640635,0.7894999980926514,46.487998962402344,73.79153611904428
36.8830976354933,-1.248338717215334,0.7894999980926514,120.1677017211914,62.19493008214308
36.89853504334034,-1.2355678517982647,0.8519999980926514,52.25630187988281,23.889022096137914
36.901232799477675,-1.2427960546059007,0.8519999980926514,59.2046012878418,182.06972043570036
36.89511491283234,-1.244927504909448,0.8519999980926514,37.24020004272461,127.2542612132003
36.89336694521939,-1.2401830213885816,0.9144999980926514,221.04449462890625,69.38086735336486
36.901099026446076,-1.2408608047487053,0.9144999980926514,179.4197998046875,20.25151961826597
36.895404754400815,-1.239108378034701,0.9144999980926514,187.25819396972656,89.0393726636319
36.91772255517331,-1.244842781989432,0.7325999736785889,54.20920181274414,116.01460791614224
36.91864112999033,-1.2422208305700064,0.7325999736785889,32.81850051879883,16.212481330830666
36.89035705200832,-1.2475583745309808,0.7950999736785889,21.1382999420166,36.95895750963222
36.89042839762517,-1.2487221999059304,0.7950999736785889,57.67129898071289,91.94077641438531
36.90620469715226,-1.240878641152919,0.7950999736785889,96.17749786376953,148.70379342472114
36.87981573711798,-1.240967823173988,0.7950999736785889,65.99299621582031,158.6188320292208
36.8948027757586,-1.24711692352669,0.8575999736785889,66.68609619140625,20.511331980025282
36.91972023244526,-1.2430368460627865,0.8575999736785889,40.428001403808594,103.55017486844854
36.90434971111403,-1.2351442371981878,0.8575999736785889,211.0034942626953,186.23879652144194
36.88472074827676,-1.2353404376445392,0.8575999736785889,417.2680969238281,57.48453293313938
36.90733730881985,-1.2371463735711847,0.8575999736785889,94.7571029663086,108.96087149872542
36.90110348554712,-1.2368565320027107,0.9200999736785889,152.46249389648438,162.70406417511327
36.91765566865751,-1.2426934952816715,0.7214000225067139,12.519599914550781,125.99492370859971
36.889670350446096,-1.2545547040838374,0.7214000225067139,70.0447998046875,130.06504499352886
36.9132411586146,-1.2363927854931525,0.7214000225067139,145.6165008544922,131.62974918623632
36.8835970548113,-1.236018221004663,0.7214000225067139,25.886199951171875,92.72648227558268
36.907890237350465,-1.239166346348396,0.7839000225067139,49.920501708984375,95.026488400193
36.89305034904461,-1.238778404556746,0.7839000225067139,182.57359313964844,79.34958056880484
36.903025358101154,-1.241065923397164,0.7839000225067139,43.55910110473633,168.53446925821925
36.87999856026117,-1.247099087122476,0.7839000225067139,184.85240173339844,168.40752913905067
36.91221110627126,-1.2364864266152749,0.7839000225067139,54.86140060424805,47.1832530205657
36.89092335784211,-1.2549961550881288,0.8464000225067139,117.22250366210938,3.581675978492441
36.88616549701808,-1.2486240996827545,0.8464000225067139,96.80879974365234,82.02527952910188
36.89430335644062,-1.2409678231739878,0.8464000225067139,124.02310180664062,168.34023102159082
36.89968995051317,-1.2366424951521455,0.8464000225067139,170.71339416503906,142.873323338674
36.883525709194444,-1.239148509944182,0.8464000225067139,170.71420288085938,146.29637847375196
36.89112401738951,-1.2399957391443368,0.8464000225067139,126.5978012084961,49.5500951100646
36.906686280066026,-1.24090539575924,0.7437999844551086,263.5057067871094,152.77930080064698
36.895623250352436,-1.2383993809672034,0.7437999844551086,126.03959655761719,53.910402604181535
36.89205151040863,-1.255887975298818,0.7437999844551086,54.9364013671875,165.36430715703912
36.884493334123036,-1.2479195617163101,0.7437999844551086,61.8489990234375,2.7025238359045023
36.87740782254911,-1.2381898032176912,0.7437999844551086,107.5542984008789,138.84240358416204
36.920674480070694,-1.2188373046457361,0.7437999844551086,70.62650299072266,182.84591748413135
36.89981034624162,-1.2395944200495268,0.8062999844551086,145.28399658203125,176.70132154648994
36.880538111488626,-1.2397192748790231,0.8062999844551086,110.93560028076172,19.8039109995387
36.89358990027206,-1.2399065571232675,0.8062999844551086,163.32040405273438,39.63479939367727
36.884569138840945,-1.234105266652735,0.8687999844551086,205.93789672851562,165.21094514776857
36.89122657671374,-1.2479730709289514,0.8687999844551086,80.78990173339844,12.61798150665504
36.90414459246557,-1.240557585877071,0.8687999844551086,127.66819763183594,109.04226407382745
36.895146126539714,-1.2401205939738331,0.8687999844551086,137.2248992919922,152.29710554976253
36.87186515993967,-1.2383993809672034,0.7382000088691711,80.11900329589844,128.9269449284269
36.90306549001064,-1.2404371901486282,0.7382000088691711,70.89620208740234,99.12692697919991
36.911716146054324,-1.2366826270616265,0.7382000088691711,46.42290115356445,2.0665407816637344
36.889269031351276,-1.25490697306706,0.8007000088691711,23.834400177001953,130.06526028737076
36.908947044300135,-1.2387338135462116,0.8007000088691711,87.44309997558594,144.2647642708243
36.89362557308049,-1.2397148157779696,0.8007000088691711,153.789306640625,19.80407445112213
36.8850997718663,-1.2474201423983242,0.8007000088691711,86.52649688720703,46.87436429612573
36.89456198430172,-1.246769113644521,0.8007000088691711,66.09940338134766,28.728713337663123
36.89243945220028,-1.250479085720988,0.8007000088691711,36.40800094604492,153.20703048274464
36.88543866354637,-1.235139778097134,0.8007000088691711,112.32170104980469,26.32482449215307
36.8938931191437,-1.2402276123991158,0.8632000088691711,171.4311981201172,79.5602764835869
36.91847614325135,-1.2381095393987294,0.8632000088691711,47.183101654052734,158.67245700829116
36.89280509848666,-1.23893893219467,0.9257000088691711,242.03480529785156,69.43423682729538
36.89799103301181,-1.242292176186861,0.9257000088691711,171.59249877929688,106.26722380238867
36.89821398806449,-1.235371651351913,0.7549999952316284,101.4032974243164,4.058316549139025
36.8911061809853,-1.2550585825028766,0.7549999952316284,64.50340270996094,24.683778147959508
36.914075010511596,-1.2369947641353678,0.7549999952316284,33.5974006652832,152.7959101564255
36.8864597976876,-1.2465327812886884,0.7549999952316284,56.225399017333984,146.02809426870897
36.90406878774766,-1.240459485653895,0.7549999952316284,170.77560424804688,99.12690180493192
36.89650615236103,-1.2383057398450807,0.7549999952316284,166.23629760742188,117.25841140076405
36.91891313515458,-1.2383458717545617,0.8174999952316284,125.47200012207031,128.92639735551722
36.91831561561342,-1.2450969507494787,0.8174999952316284,143.19430541992188,56.133316831330994
36.89546718181557,-1.2436611202102694,0.8174999952316284,83.97470092773438,197.6285315784002
36.89134251334113,-1.2540642029679585,0.8799999952316284,159.1508026123047,31.587972625148932
36.91781619629543,-1.2445083494104239,0.9424999952316284,463.6527099609375,116.01461961450188
36.914306883766365,-1.2367361362742677,0.7605999708175659,81.19599914550781,195.00033177327967
36.89161005940434,-1.2408652638497584,0.7605999708175659,268.2908935546875,148.7037143368594
36.88720446756352,-1.2485170812574715,0.7605999708175659,104.70709991455078,72.10987642488756
36.91425337455374,-1.239630092857954,0.7605999708175659,92.14459991455078,37.00743555076147
36.89542259080504,-1.2441605395282551,0.8230999708175659,201.28399658203125,155.41304501841432
36.88883649854908,-1.2462741534275885,0.8230999708175659,99.20089721679688,175.77417299715384
36.904652929985666,-1.240356926329666,0.8230999708175659,169.7799072265625,89.21154269024943
36.8791334946568,-1.2400670847611917,0.8230999708175659,60.34080123901367,59.465073763098545
36.902258392719965,-1.2372088009859332,0.8855999708175659,233.23550415039062,137.32847981579445
36.901326440599796,-1.2413022557529967,0.8855999708175659,208.2303009033203,76.52749188602233
36.89441483396695,-1.2470544961119416,0.7494000196456909,68.92289733886719,14.64929560287803
36.89386190543632,-1.245618665572732,0.7494000196456909,106.7219009399414,169.41674264767832
36.892319056471834,-1.2470143642024605,0.7494000196456909,74.24459838867188,96.45082253855553
36.91424445635163,-1.2379133389523775,0.7494000196456909,15.609199523925781,96.56846534956408
36.88034191104228,-1.2475227017225534,0.8119000196456909,782.05322265625,98.06721775129472
36.88284792583431,-1.2479061844131494,0.8119000196456909,37.13949966430664,2.7028021969362586
36.915604482172924,-1.2405887995844451,0.8744000196456909,58.99589920043945,118.95765263714397
36.88678977116555,-1.246479272076047,0.8744000196456909,2198.1578,136.11273492239772
36.893304517804644,-1.238715977141998,0.8744000196456909,125.34020233154297,89.26493743573081
36.88575525972116,-1.2366068223437179,0.8744000196456909,343.3811950683594,77.20961235475929
36.88312439009963,-1.2458728343327783,0.9369000196456909,4793.0927,165.85840760999434
36.895270981369215,-1.237917798053431,0.7037000060081482,21.479000091552734,9.392454043322877
36.89373705060683,-1.253787738702645,0.7662000060081482,90.0811996459961,137.22972106726277
36.889068371803866,-1.2407582454244759,0.7662000060081482,116.35910034179688,150.91593587818892
36.89212285602548,-1.2500510120198571,0.7662000060081482,135.80599975585938,183.14764056334016
36.90421593808242,-1.2412219919340344,0.8287000060081482,140.05819702148438,188.36516472456006
36.88140317709299,-1.2495961837124059,0.8287000060081482,103.17070007324219,141.08980626225096
36.88452008872935,-1.2388096182641202,0.8287000060081482,95.4114990234375,195.59129908241286
36.88267847999428,-1.2474513561056984,0.8912000060081482,145.93080139160156,46.873996147672344
36.89163681401065,-1.2475583745309808,0.8912000060081482,104.27100372314453,36.95877640602976
36.90215583339573,-1.2382834443398134,0.8912000060081482,111.84300231933594,138.84735036724055
36.89126670862322,-1.2398218342032523,0.8912000060081482,150.9282989501953,29.719370149160675
36.89437470205747,-1.2463098262360162,0.7092999815940857,40.11389923095703,77.9725528261479
36.920023451316894,-1.242055843831029,0.7717999815940857,46.222198486328125,133.49088696254353
36.895739186979824,-1.2458282433222436,0.7717999815940857,22.23270034790039,7.670189486997389
36.882205815282624,-1.248735577209091,0.7717999815940857,217.51669311523438,101.85656900541552
36.91345073636411,-1.2397906204958782,0.8342999815940857,86.37629699707031,114.40846855517286
36.889813041679794,-1.253769902298431,0.8342999815940857,52.53110122680664,179.30290731721664
36.88895243517648,-1.2464971084802607,0.8342999815940857,150.96409606933594,146.0280785747616
36.88954103651554,-1.2461136257896646,0.8342999815940857,50.48899841308594,195.60484991472282
36.91963550952524,-1.2437636795344986,0.8342999815940857,137.58299255371094,93.56992879351309
36.89634116562205,-1.2429476640417179,0.8342999815940857,199.15390014648438,190.6265888238528
36.88216568337314,-1.2482673715984787,0.8342999815940857,119.2239990234375,42.36438882330387
36.90085377588812,-1.2410971371045378,0.8967999815940857,103.01419830322266,20.259002323338454
36.8977145687465,-1.236807481891123,0.8967999815940857,217.6678009033203,96.26543754723774
36.89855733884561,-1.2351041052887066,0.8967999815940857,84.84010314941406,25.687787995175157
36.88990668280192,-1.2406779816055142,0.714900016784668,118.46179962158203,128.87305719693384
36.92116498118657,-1.2182531624077346,0.714900016784668,13.198399543762207,105.47113239827895
36.882785498419565,-1.2471213826277432,0.714900016784668,46.304100036621094,86.53546712117803
36.9160860650867,-1.24037476273388,0.714900016784668,49.57320022583008,89.21154830098035
36.89465562542383,-1.239527533533725,0.777400016784668,100.01740264892578,60.85048248360714
36.8787500119662,-1.2398262933043058,0.777400016784668,22.26490020751953,29.718927967559907
36.89384406903211,-1.2389523094978303,0.839900016784668,84.10590362548828,44.66428372296935
36.879236053981025,-1.2408117546371173,0.839900016784668,140.814697265625,138.78798947246116
36.89591755102197,-1.2450479006378912,0.839900016784668,48.609500885009766,56.92914553552558
36.91905136728723,-1.2442006714377365,0.839900016784668,76.02559661865234,23.708396983567408
36.91847168415028,-1.2440356846987586,0.839900016784668,69.57620239257812,36.172904957160696
36.89719285392326,-1.2378642888407896,0.839900016784668,199.24000549316406,131.3717330612026
36.91189451009646,-1.2365979041416109,0.839900016784668,54.32350158691406,19.039437751411104
36.899114726477286,-1.2401027575696197,0.902400016784668,178.87159729003906,197.77906162372176
36.917597700343826,-1.2460690347791301,0.7829999923706055,70.05220031738281,140.2211065247054
36.89841910671294,-1.2352913875329514,0.7829999923706055,74.5967025756836,5.8570581488589095
36.88794021923735,-1.2492528329312906,0.7829999923706055,125.65270233154297,151.43278421829575
36.907653904994625,-1.2404238128454677,0.7829999923706055,122.84639739990234,172.401044437018
36.882905894148,-1.2467334408360935,0.8454999923706055,193.0290069580078,116.2815744247685
36.89654182516944,-1.242987795951199,0.8454999923706055,189.89610290527344,169.53016524872598
36.89152087738326,-1.2493643104576262,0.8454999923706055,54.09669876098633,161.34847554738295
36.91164034133642,-1.2361029439246787,0.8454999923706055,128.61180114746094,33.07744322568811
36.888881089559625,-1.248155894072143,0.8454999923706055,51.43109893798828,32.448459812726085
36.885982673874885,-1.248146975870036,0.8454999923706055,244.27389526367188,32.44847414126744
36.88422132895877,-1.2480622529500205,0.8454999923706055,117.23490142822266,22.53328628061953
36.90075567566495,-1.2407939182329033,0.8454999923706055,99.8677978515625,14.913014712661877
36.904153510667676,-1.2370170596406351,0.8454999923706055,118.45249938964844,31.564534445508635
36.88705731722877,-1.2492885057397178,0.8454999923706055,161.99020385742188,161.34814852194157
36.920986617144436,-1.2403881400370398,0.9079999923706055,127.92449951171875,89.21077867029048
36.90376556887602,-1.235295846634005,0.9079999923706055,240.76429748535156,129.95114886465814
36.88530043141371,-1.237837534234469,0.7317000031471252,73.60659790039062,181.5984905737183
36.885741882418,-1.2360226801057161,0.7317000031471252,106.83200073242188,35.03534488756001
36.91819076078392,-1.2390281142157389,0.7942000031471252,145.86610412597656,59.51885179179432
36.91840033853343,-1.2442140487408968,0.7942000031471252,25.542800903320312,46.153119111130565
36.892796180284556,-1.2551700600292128,0.7942000031471252,174.9622039794922,172.39883534800148
36.903631795844426,-1.2372444737943606,0.7942000031471252,203.44960021972656,38.79122452834984
36.901830319018835,-1.2390682461252198,0.7942000031471252,211.90249633789062,64.46476042463028
36.87874109376409,-1.2408652638497584,0.7942000031471252,47.5093994140625,148.7032782830886
36.89761200942228,-1.2425062130374267,0.8567000031471252,181.889892578125,127.35613821952393
36.904782243916216,-1.236236716956282,0.8567000031471252,100.87930297851562,137.06430185705275
36.87950805914527,-1.2410837598013778,0.8567000031471252,117.27539825439453,168.53412552464155
36.89552069102821,-1.2439866345871708,0.8567000031471252,137.63980102539062,169.48487389803236
36.89209610141916,-1.2480488756468602,0.9192000031471252,300.4931945800781,32.44886458025817
36.91285321682295,-1.2400135755485506,0.7372999787330627,45.56079864501953,170.69603467046463
36.89384406903211,-1.2457747341096028,0.7372999787330627,117.59490203857422,162.37703167959606
36.902673089117926,-1.2384439719777378,0.7997999787330627,32.419498443603516,119.01102169059212
36.88777523249837,-1.2399243935274817,0.7997999787330627,157.61050415039062,182.49853705362517
36.89167694592014,-1.2548846775617926,0.7997999787330627,59.03799819946289,59.85418314755829
36.89329114050148,-1.2463187444381232,0.7997999787330627,89.59100341796875,162.35806011474466
36.889719400557674,-1.2552057328376407,0.7997999787330627,91.2417984008789,73.79301633679405
36.90660601624707,-1.2400581665590853,0.7997999787330627,59.25550079345703,69.0278513837377
36.89949820916788,-1.2362144214510147,0.7997999787330627,125.78009796142578,93.29651666610401
36.88027056542542,-1.2408563456476518,0.8622999787330627,252.7274932861328,148.70354392260367
36.898227365367646,-1.241596556422524,0.8622999787330627,180.32090759277344,148.4901868056989
36.90081364397864,-1.239188641853663,0.8622999787330627,194.99620056152344,134.52706016704076
36.88904161719755,-1.2477857886847068,0.8622999787330627,72.75759887695312,7.2129881005369105
36.887186631159324,-1.2470366597077278,0.7261000275611877,137.82809448242188,96.4512994245859
36.8955786593419,-1.2402053168938485,0.7261000275611877,100.94599914550781,194.50901939468991
36.91289780783348,-1.2386713861314633,0.7261000275611877,73.82980346679688,65.24142845195875
36.887842119014174,-1.249399983266054,0.7261000275611877,36.922000885009766,171.26350985372244
36.89504356721549,-1.244481594804103,0.7261000275611877,29.46380043029785,169.46597193970157
36.88890338506489,-1.2548133319449373,0.7261000275611877,10.4128999710083,165.23545792905477
36.913990287591574,-1.2396568474642748,0.7886000275611877,90.75409698486328,58.120905392146604
36.900251797245915,-1.236624658747932,0.7886000275611877,215.66920471191406,142.87332000910928
36.89593092832512,-1.2455294835516633,0.7886000275611877,100.79019927978516,14.7136654700154
36.89590863281986,-1.2379222571544843,0.7886000275611877,145.73309326171875,32.83453232003231
36.91775822798174,-1.2427157907869386,0.7886000275611877,24.849300384521484,116.014701426929
36.883672859529206,-1.2391485099441821,0.7886000275611877,116.1948013305664,153.33420758271353
36.9193233724515,-1.2442051305387898,0.7886000275611877,78.15760040283203,53.64904673893514
36.899529422875254,-1.2435541017849867,0.9136000275611877,142.35110473632812,111.78196248696125
36.89773686425177,-1.2415475063109358,0.9136000275611877,174.3480987548828,190.6868391551376
36.884444284011444,-1.2381095393987296,0.742900013923645,84.38970184326172,132.311039698268
36.89208718321705,-1.2502204578598881,0.742900013923645,55.46590042114258,193.1278222631404
36.90684234860291,-1.2364017036952593,0.805400013923645,213.77459716796875,193.3694386307759
36.90506316728257,-1.2363258989773507,0.805400013923645,68.71759796142578,158.18533179320744
36.91467698915381,-1.2399511481338024,0.805400013923645,65.62899780273438,49.55017363428435
36.88104644900872,-1.2398887207190543,0.805400013923645,83.283203125,39.63474333089281
36.90179910531146,-1.2396523883632216,0.805400013923645,211.8072967529297,21.99376822702463
36.91703585361108,-1.2420781393362959,0.805400013923645,37.03889846801758,195.85652567346415
36.92036680209801,-1.2427068725848318,0.805400013923645,33.115699768066406,173.41174473979055
36.890869848629464,-1.2550407460986628,0.867900013923645,109.2333984375,10.615669523336557
36.88383338716712,-1.2485170812574715,0.867900013923645,379.89581298828125,72.11016946685943
36.90756026387251,-1.23893893219467,0.867900013923645,83.25640106201172,52.82222439019296
36.88231283370791,-1.2472819102656674,0.867900013923645,150.19590759277344,66.70464710855138
36.91943930907889,-1.2388542092746548,0.867900013923645,94.839599609375,79.34981076564073
36.90666844366182,-1.2394428106137092,0.867900013923645,36.85279846191406,24.686138063892685
36.88591132825804,-1.2381853441166377,0.930400013923645,241.5178985595703,189.68690003122248
36.90697166253346,-1.2393937605021215,0.7484999895095825,41.252201080322266,38.754198356875584
36.887806446205744,-1.2483654718216548,0.7484999895095825,90.6897964477539,52.279149045994345
36.894833989465965,-1.2394338924116026,0.7484999895095825,96.53500366210938,74.93364728050183
36.89029016549251,-1.2485170812574715,0.7484999895095825,82.81710052490234,72.11002853532906
36.91611281969302,-1.2377349749102398,0.8109999895095825,37.270599365234375,198.33396344209413
36.88748093182885,-1.2496363156218868,0.8109999895095825,57.72760009765625,191.0942351362852
36.88989330549875,-1.255161141827106,0.8109999895095825,76.26129913330078,59.72491446909671
36.91271944379135,-1.2383726263608825,0.8109999895095825,17.62459945678711,58.226167441282975
36.89052649784835,-1.247081250718262,0.8109999895095825,47.6797981262207,86.5357518951449
36.89477602115228,-1.239206478257877,0.8109999895095825,144.452392578125,53.83520402151654
36.90667736186393,-1.237587824575476,0.8734999895095825,62.06039810180664,123.02892258344622
36.884475497718824,-1.2485126221564185,0.8734999895095825,100.46179962158203,72.11007875980346
36.88195610562362,-1.2405798813823383,0.9359999895095825,725.272705078125,132.2308444164593
36.89208718321705,-1.2543451263343253,0.7541000247001648,63.357398986816406,45.78646945635036
36.90297184888851,-1.2411417281150723,0.7541000247001648,68.52790069580078,178.44983650465576
36.91701801720687,-1.2427960546059007,0.7541000247001648,103.63590240478516,195.85647310874052
36.91234042020181,-1.2385643677061808,0.8166000247001648,41.167301177978516,100.43810163814058
36.91221110627126,-1.238626795120929,0.8166000247001648,145.75379943847656,121.54406876261545
36.89451739329118,-1.2456142064716786,0.8166000247001648,114.34639739990234,120.1918459153636
36.90048812960175,-1.2401830213885814,0.8166000247001648,204.14529418945312,85.2607966019587
36.90020274713432,-1.240187480489635,0.8166000247001648,124.98040008544922,92.2892127761526
36.894606575312245,-1.2460957893854505,0.8166000247001648,87.52040100097656,77.98013216995304
36.89161005940433,-1.2490521733838853,0.8166000247001648,23.76740074157715,131.6024003846117
36.89383515083001,-1.2537832796015913,0.8166000247001648,234.65150451660156,144.26378631474014
36.91268377098292,-1.2389969005083645,0.8166000247001648,59.800899505615234,107.43831340317496
36.918632211788214,-1.243901911667155,0.8791000247001648,111.45929718017578,16.212471535089357
36.8846404844578,-1.235688247526708,0.8791000247001648,204.42840576171875,36.40116399504532
36.90339100438754,-1.2371909645817192,0.8791000247001648,41.06119918823242,45.836591752640174
36.906788839390266,-1.2381853441166377,0.8791000247001648,58.0265998840332,66.75652958091827
36.90493831245308,-1.2380694074892482,0.9416000247001648,171.50059509277344,3.50350731614528
36.88340085436494,-1.2487801682196251,0.7597000002861023,30.761999130249023,101.85631887881546
36.89010288324827,-1.248236157891105,0.7597000002861023,55.09170150756836,42.363918706613326
36.87995842835168,-1.2404327310475745,0.8222000002861023,57.6697998046875,99.12667476681591
36.88063175261076,-1.2469876095961399,0.8222000002861023,266.5732116699219,128.4441973925826
36.89434794745115,-1.2477724113815463,0.8222000002861023,115.72309875488281,34.6059216950965
36.88943847719131,-1.247330960377255,0.8222000002861023,54.83829879760742,56.78977275699168
36.890383806614636,-1.248637476985915,0.8222000002861023,72.07579803466797,82.0254023009817
36.892278924562355,-1.2474112241962176,0.8222000002861023,205.7071075439453,46.874024233043656
36.88370407323657,-1.2467200635329332,0.8847000002861023,146.22650146484375,126.19708164930589
36.90525936772893,-1.2365042630194885,0.8847000002861023,70.35700225830078,158.2003815746278
36.879459009033695,-1.2413602240666914,0.8847000002861023,115.47660064697266,198.28021336497082
36.89643926584522,-1.2374718879480866,0.7027999758720398,22.1471004486084,46.94783796019718
36.89788401458654,-1.2425820177553353,0.7652999758720398,32.06010055541992,92.19164690220651
36.888662593608004,-1.2492171601228625,0.7652999758720398,52.513099670410156,151.43280646958976
36.8983655975003,-1.236927877619566,0.8277999758720398,212.93170166015625,159.59846118327505
36.90133089970085,-1.2386669270304096,0.8277999758720398,106.7323989868164,128.11294674166655
36.89118198570321,-1.2488604320385872,0.8277999758720398,97.08869934082031,111.77160126913913
36.89142277716009,-1.2491324372028472,0.8277999758720398,115.9447021484375,141.51773387457834
36.918123874268126,-1.2448472410904858,0.8277999758720398,82.12840270996094,76.09375096701751
36.88571066871062,-1.235857693366739,0.8277999758720398,246.5417022705078,20.974742808261944
36.883093176392244,-1.2474781107120188,0.8277999758720398,84.4885025024414,36.95870300098309
36.90206219227361,-1.2371419144701314,0.8902999758720398,163.466796875,144.37385817706846
36.915354772513936,-1.2403613854307194,0.8902999758720398,159.94020080566406,89.21157908135011
36.905326254244734,-1.2377572704155066,0.8902999758720398,147.16830444335938,66.81388852103326
36.892207578945495,-1.251950589068625,0.8902999758720398,81.6792984008789,130.06313731373083
36.91412851972423,-1.2398976389211611,0.7084000110626221,93.614501953125,65.13618982185511
36.920380179401164,-1.2397192748790231,0.7084000110626221,116.6178970336914,19.80346504901353
36.9190558263883,-1.2435763972902536,0.7084000110626221,55.60350036621094,23.708402557649297
36.89241715669501,-1.2538234115110725,0.7709000110626221,187.0325927734375,31.71877129439343
36.88239755662791,-1.2360271392067699,0.7709000110626221,296.5434875488281,191.25618338198788
36.897099212801116,-1.2457346022001217,0.7709000110626221,73.17220306396484,90.77590461708964
36.9155108410508,-1.237806320527095,0.7709000110626221,71.42790222167969,188.41857777448033
36.89277834388034,-1.2511836236874327,0.8334000110626221,231.2633056640625,113.28622765331255
36.89235027017921,-1.2474647334088587,0.8334000110626221,104.91649627685547,46.87398820657151
36.90740419533564,-1.2390860825294339,0.8334000110626221,46.079498291015625,52.822241872230386
36.88218351977734,-1.2484903266511511,0.8334000110626221,70.79750061035156,72.11047887278389
36.88626359724125,-1.236308062573137,0.8959000110626221,102.1510009765625,13.899205912792928
36.88671842554871,-1.2343326808064605,0.8959000110626221,334.2025146484375,168.92636452310143
36.8940937786911,-1.239946689032749,0.8959000110626221,191.6842041015625,56.161476848516514
36.90072446195758,-1.2358621524677924,0.8959000110626221,240.6815948486328,53.635068696816326
36.918810575830356,-1.2428540229195955,0.7764999866485596,45.5723991394043,3.747965700868751
36.90471535740042,-1.239879802516947,0.7764999866485596,28.874099731445312,39.63473191954311
36.90179464621041,-1.240049248356978,0.7764999866485596,182.81080627441406,13.185719824706222
36.905691900531124,-1.2408429683444917,0.7764999866485596,63.83420181274414,148.70376115806855
36.885206790291576,-1.233967034520078,0.8389999866485596,89.4572982788086,156.7119619919894
36.91822643359235,-1.2413200921572103,0.8389999866485596,47.316898345947266,66.11362327774543
36.89785725998021,-1.2418462660815168,0.9014999866485596,167.36289978027344,155.5110581278196
36.87902647623151,-1.2485839677732733,0.7307999730110168,91.05770111083984,119.16940750923082
36.91506939004652,-1.240267744308597,0.7307999730110168,35.61149978637695,79.29623365000741
36.89202921490336,-1.2460110664654351,0.7932999730110168,196.46409606933594,195.60452349106197
36.88039542025492,-1.2396657656663816,0.8557999730110168,143.24110412597656,19.803870397592448
36.878999721625185,-1.2481648122742495,0.8557999730110168,71.91899871826172,154.3395601390412
36.88370853233763,-1.2348588547307673,0.8557999730110168,176.4720001220703,177.08261012475825
36.89840127030873,-1.2423100125910749,0.8557999730110168,40.198699951171875,71.10648564793392
36.880765525642346,-1.2501268167377655,0.8557999730110168,189.3603057861328,134.05571081311223
36.91452092061694,-1.237596742777583,0.7196000218391418,52.66600036621094,138.7728800892121
36.88381555076291,-1.2389210957904564,0.7196000218391418,63.25210189819336,146.31895134526877
36.89882488490881,-1.2419800391131202,0.7196000218391418,134.66419982910156,71.12151303720171
36.89280955758771,-1.2409633640729343,0.7821000218391418,55.052398681640625,158.61910032873075
36.88002977396854,-1.2400581665590849,0.7821000218391418,26.22209930419922,59.46524315012522
36.902334197437874,-1.2374050014322846,0.7821000218391418,220.29200744628906,144.35124285840408
36.89255092972661,-1.2387962409609596,0.8446000218391418,245.79969787597656,79.34960964716065
36.90031422466067,-1.239518615331618,0.8446000218391418,122.47329711914062,141.5442652777796
36.8961538833778,-1.2379400935586982,0.8446000218391418,168.91250610351562,60.97833419780155
36.90322155854751,-1.2402632852075435,0.8446000218391418,68.73249816894531,79.29619795689432
36.8925910616361,-1.2463276626402298,0.8446000218391418,130.33230590820312,165.85830919752007
36.89610929236726,-1.2449275049094481,0.9071000218391418,144.797607421875,49.90078902921988
36.87868758455145,-1.2410079550834692,0.7251999974250793,68.01380157470703,158.61862712447342
36.895003435306016,-1.2468850502719104,0.7876999974250793,39.3130989074707,20.503753022955067
36.901660873178805,-1.238247771531386,0.7876999974250793,168.0843963623047,147.96505764815112
36.885206790291576,-1.248798004623839,0.7876999974250793,21.627099990844727,101.8560766400521
36.917499600120635,-1.2384528901798442,0.7876999974250793,63.63570022583008,119.01105973501369
36.89147182727167,-1.2551477645239457,0.8501999974250793,297.3293151855469,59.85399041615473
36.902673089117926,-1.2374451333417658,0.8501999974250793,57.88019943237305,123.2301931914581
36.90118374936608,-1.2400715438622454,0.8501999974250793,216.1741943359375,36.03941506776966
36.88722230396774,-1.2478036250889206,0.8501999974250793,53.49599838256836,7.2130301893258215
36.89973454152371,-1.2413156330561568,0.9126999974250793,218.39630126953125,50.05132190500828
36.89714380381166,-1.242528508542694,0.9126999974250793,195.60400390625,162.51686205134703
36.90323493585067,-1.236517640322649,0.7364000082015991,163.7279052734375,3.66983762911311
36.913776250741016,-1.2372355555922536,0.7364000082015991,89.70179748535156,117.62179985648343
36.88968818685031,-1.2461225439917716,0.7989000082015991,380.70379638671875,185.68947910603512
36.89903446265832,-1.2364418356047406,0.7989000082015991,184.14990234375,123.04261880465843
36.8911061809853,-1.247469192509912,0.7989000082015991,75.95829772949219,46.874211959324114
36.903542613823355,-1.237587824575476,0.7989000082015991,238.16909790039062,66.91997214710312
36.906160106141726,-1.2406423087970864,0.7989000082015991,186.49440002441406,118.95770572201546
36.90822466992948,-1.2388720456788684,0.7989000082015991,41.96860122680664,102.0605113363277
36.89490533508284,-1.2468047864529483,0.7989000082015991,117.69969940185547,6.435710012016025
36.91353100018307,-1.2395409108368853,0.7989000082015991,106.0864028930664,86.27971781264296
36.89641697033995,-1.2380560301860875,0.8614000082015991,217.6446990966797,89.1221368139843
36.88604510128963,-1.235888907074113,0.8614000082015991,267.1383056640625,0.14632229166236532
36.91224231997863,-1.2380292755797673,0.8614000082015991,130.9322052001953,72.33193286041586
36.889732777860836,-1.2485126221564187,0.8614000082015991,48.07279968261719,72.10997325956696
36.91796780573126,-1.2442185078419499,0.8614000082015991,241.27650451660156,96.05420203808654
36.892747130172964,-1.2388452910725476,0.8614000082015991,114.27529907226562,79.3495992023794
36.893750427909985,-1.2521244940097098,0.7419999837875366,39.448001861572266,3.58399135977727
36.88041771576019,-1.2479909073331652,0.7419999837875366,59.25339889526367,62.897070726627945
36.89554298653347,-1.2394740243210836,0.8044999837875366,202.8936004638672,124.19842919920245
36.89171261872856,-1.2397727840916644,0.8044999837875366,234.85650634765625,29.719363804317357
36.8818624645015,-1.2497344158450627,0.8044999837875366,177.46519470214844,190.32804015394143
36.883811091661855,-1.239380383198961,0.8044999837875366,87.39900207519531,181.47047665949685
36.89870003007931,-1.2365220994237025,0.8669999837875366,70.94229888916016,123.04263229512293
36.88953657741449,-1.2552949148587096,0.7476000189781189,55.29650115966797,80.82712010265739
36.91373165973048,-1.2400804620643522,0.7476000189781189,101.91850280761719,114.38592357035463
36.89078512570945,-1.2480711711521273,0.7476000189781189,47.39459991455078,22.53327929352498
36.896127128771475,-1.2452619374884564,0.7476000189781189,250.37730407714844,21.757137597181018
36.89386190543632,-1.2407939182329035,0.8101000189781189,167.27090454101562,138.93945195448177
36.87921375847575,-1.2484903266511511,0.8101000189781189,98.41079711914062,112.13537063064535
36.894044728579516,-1.2540106937553173,0.8101000189781189,54.3843994140625,172.39988778869395
36.88030177913279,-1.249248373830237,0.8726000189781189,272.4414978027344,35.579299266252754
36.88819884709846,-1.238827454668334,0.8726000189781189,376.3702087402344,55.91540794856646
36.90877313935905,-1.2392822829757857,0.8726000189781189,33.04090118408203,172.40094713804925
36.90944646361812,-1.236406162796313,0.8726000189781189,192.63589477539062,10.617954932696126
36.89472251193964,-1.2385197766956462,0.8726000189781189,276.4706115722656,9.445095769493594
36.913218863109336,-1.23892555489151,0.8726000189781189,75.6187973022461,58.18103796471062
36.88921106303758,-1.2411907782266605,0.7531999945640564,238.84080505371094,194.7083169187347
36.8933089769057,-1.2529360504014366,0.7531999945640564,29.945100784301758,31.71952851645358
36.88166626405515,-1.2497254976429555,0.8156999945640564,263.985107421875,176.25996543897637
36.917771605284905,-1.2456008291685183,0.8156999945640564,66.03620147705078,116.01457280791699
36.91498020802544,-1.24106146429611,0.8156999945640564,110.55889892578125,168.53450304491773
36.88668275274028,-1.2489763686659767,0.8156999945640564,119.94090270996094,121.68670713410042
36.90457712526776,-1.2402053168938487,0.8781999945640564,121.47100067138672,79.29617875859206
36.892448370402384,-1.2485839677732733,0.8781999945640564,241.75869750976562,82.02573486143987
36.884158901544026,-1.234898986640248,0.8781999945640564,133.9385986328125,141.89340340059613
36.89243945220027,-1.2501580304451398,0.7699999809265137,32.305999755859375,153.2070511728081
36.88240201572897,-1.236267930663656,0.7699999809265137,244.6782989501953,170.16525754644738
36.884386315697746,-1.2346448178802016,0.7699999809265137,90.78199768066406,141.87832572489035
36.89045069313044,-1.2486196405817007,0.8324999809265137,63.18629837036133,82.02541303681649
36.8794099589221,-1.2479953664342187,0.8324999809265137,123.20169830322266,140.27147965288694
36.907680659600956,-1.239019196013632,0.8324999809265137,98.55220031738281,66.89031261952455
36.90016261522484,-1.2391931009547164,0.8324999809265137,123.72949981689453,183.75219316450963
36.917825114497546,-1.2386312542219826,0.8324999809265137,221.6049041748047,99.18032085119928
36.90282023945269,-1.24051745396759,0.8949999809265137,63.505699157714844,109.04230344574017
36.917049230914245,-1.240490699361269,0.8949999809265137,142.69760131835938,109.04226754866382
36.89694760336532,-1.2368743684069246,0.8949999809265137,268.8340148925781,39.955194144169845
36.88989776459981,-1.2486419360869683,0.7588000297546387,54.27560043334961,82.0253536992082
36.91238055211128,-1.2395052380284577,0.8213000297546387,55.25680160522461,177.7714637904297
36.908331688354764,-1.240018034649604,0.8213000297546387,30.888999938964844,193.50310936191747
36.88914417652179,-1.239447269714763,0.8213000297546387,126.85700225830078,34.74931305082832
36.8959621420325,-1.2447179271599358,0.8838000297546387,133.55929565429688,71.00475021237546
36.90313683562749,-1.2362099623499612,0.8838000297546387,230.47909545898438,10.38323306111866
36.89791968739496,-1.2375699881712618,0.8838000297546387,176.83990478515625,166.58352302498088
36.8807030982276,-1.2399957391443368,0.7019000053405762,50.475799560546875,49.550019232353364
36.882616052579536,-1.2483387172153342,0.7019000053405762,9.220499992370605,52.27965521705022
36.89157884569696,-1.2526997180456039,0.7644000053405762,75.95120239257812,115.99567063362332
36.88506855815893,-1.234560094960186,0.7644000053405762,166.21099853515625,92.35748411649764
36.89089660323578,-1.2493063421439314,0.8269000053405762,44.93119812011719,161.34837907214975
36.903725436966546,-1.239897638921161,0.8269000053405762,137.00120544433594,39.63473120428619
36.88493924422838,-1.2383324944514014,0.8894000053405762,131.02940368652344,195.62895496699232
36.88350341368917,-1.2484903266511511,0.8894000053405762,130.32859802246094,72.1102134186065
36.88079228024868,-1.238328035350348,0.8894000053405762,691.2581787109375,128.92650409554034
36.889737236961885,-1.2474468970046448,0.713100016117096,21.483200073242188,46.874386440273305
36.91621091991619,-1.2401562667822608,0.775600016117096,37.79949951171875,69.3808189339068
36.891819637153844,-1.253560324548919,0.775600016117096,90.1948013305664,38.621626550596375
36.90384583269499,-1.2400001982453903,0.838100016117096,43.49660110473633,49.55009207321827
36.894160665206904,-1.2389300139925634,0.838100016117096,204.9326934814453,23.550810814107702
36.91395907388421,-1.2411506463171795,0.838100016117096,112.47879791259766,192.6067607073824
36.889607923031335,-1.2555312472145423,0.838100016117096,68.3147964477539,52.691079284540464
36.88052473418547,-1.2401874804896347,0.838100016117096,93.42060089111328,69.38070295551749
36.89691638965793,-1.2426934952816715,0.900600016117096,202.0175018310547,162.50932881656476
36.89268470275822,-1.254929268572327,0.7186999917030334,63.29990005493164,137.2288216754601
36.891074967277916,-1.249538215398711,0.7186999917030334,33.5890998840332,181.1791318561923
36.88395824199662,-1.2389032593862428,0.7811999917030334,92.97599792480469,160.39461264170743
36.921044585458134,-1.2402008577927952,0.7811999917030334,108.3989028930664,79.29538551669053
36.883539086497606,-1.2388051591630667,0.7811999917030334,76.5385971069336,118.17515543625281
36.88527367680739,-1.234680490688629,0.7811999917030334,122.43440246582031,79.5368606870433
36.90557596390373,-1.2404015173402003,0.7811999917030334,56.92369842529297,99.12694292134204
36.90455037066143,-1.236985845933261,0.8436999917030334,166.63670349121094,59.715869846567834
36.89694760336531,-1.2447669772715237,0.8436999917030334,191.2895050048828,6.352526342945661
36.884943703329434,-1.234586849566507,0.8436999917030334,68.65380096435547,101.75162189433219
36.914895485105426,-1.2394383515126557,0.8436999917030334,63.00299835205078,9.942015558034493
36.89314844926778,-1.2538457070163394,0.9061999917030334,147.54010009765625,87.99127108734505
36.885050721754716,-1.235398405958234,0.9061999917030334,427.1200866699219,22.302861698209284
36.91951957289785,-1.2438528615555677,0.7979999780654907,68.4884033203125,83.58970772494352
36.892207578945495,-1.2491458145060075,0.7979999780654907,131.156494140625,141.51786173323055
36.91899339897354,-1.239170805449449,0.7979999780654907,71.20269775390625,39.68817442831475
36.880667425419176,-1.2411328099129655,0.7979999780654907,171.69720458984375,178.44973237218525
36.900626361734396,-1.239861966112733,0.7979999780654907,208.9405975341797,92.30417988663042
36.918462765948185,-1.2416589838372722,0.8604999780654907,68.07689666748047,36.172936520660215
36.901009844425,-1.2416143928267374,0.8604999780654907,97.81340026855469,76.53871637933301
36.901130240153435,-1.2367673499816418,0.9229999780654907,169.7812957763672,152.78870201058504
36.90445672953931,-1.239639011060061,0.7243000268936157,14.256500244140625,9.888640289688038
36.88225040629315,-1.248146975870036,0.7868000268936157,123.1449966430664,32.449005425586726
36.9171874630469,-1.2461849714065194,0.7868000268936157,37.144100189208984,181.35471427582786
36.88728027228144,-1.2489317776554423,0.7868000268936157,96.3009033203125,121.68669224772009
36.884439824910395,-1.247241778356186,0.7868000268936157,34.03630065917969,66.70500742747669
36.918658966394545,-1.244209589639843,0.8493000268936157,39.52429962158203,16.21246935715135
36.91856532527242,-1.239670224767435,0.8493000268936157,81.92539978027344,9.888710111348413
36.891226576713734,-1.2403167944201847,0.8493000268936157,43.04869842529297,89.21154324385775
36.88199177843206,-1.2496318565208335,0.9118000268936157,126.96279907226562,190.32807024427544
36.891703700526456,-1.2525614859129472,0.7299000024795532,48.60559844970703,123.02959076712298
36.89689855325372,-1.2439465026776897,0.7924000024795532,13.830699920654297,64.00658043670352
36.91207733323965,-1.238559908605127,0.7924000024795532,37.94449996948242,121.55159496001802
36.88390473278399,-1.2362545533604954,0.7924000024795532,40.493099212646484,57.55235960608575
36.90062190263334,-1.2405352903718034,0.7924000024795532,221.6840057373047,43.05287499944973
36.919002317175654,-1.2438305660503002,0.7924000024795532,38.14659881591797,23.708400168984703
36.89350517735204,-1.2389032593862428,0.8549000024795532,62.05400085449219,69.43419418050553
36.88252241145741,-1.2485572131669527,0.8549000024795532,71.71209716796875,72.11040063830913
36.89540921350188,-1.2399199344264284,0.8549000024795532,246.4062042236328,152.31213992765612
36.882798875722735,-1.2476787702594239,0.8549000024795532,86.86470031738281,17.127924382778975
36.906659525459716,-1.2371419144701317,0.8549000024795532,270.9595031738281,158.1991664075307
36.89639913393573,-1.2457346022001217,0.8549000024795532,53.98979949951172,34.518826994921504
36.87879460297673,-1.2398976389211611,0.7466999888420105,103.89620208740234,39.63429044341327
36.88953657741449,-1.2540329892605844,0.7466999888420105,82.04000091552734,179.30307937484517
36.88135412698141,-1.2376234973839035,0.7466999888420105,242.76870727539062,142.12674190008815
36.90472873470358,-1.2410748415992707,0.8091999888420105,167.0399932861328,168.53444494039323
36.894588738908034,-1.2472819102656674,0.8091999888420105,91.07559967041016,13.48678877346476
36.91431580196848,-1.2374674288470326,0.8091999888420105,61.831199645996094,138.75784627820568
36.8956366276556,-1.2384841038872183,0.8091999888420105,122.97810363769531,60.94070929526997
36.917218676754274,-1.2448606183936461,0.8091999888420105,75.5363998413086,175.89589334150136
36.91737474529114,-1.2418819388899442,0.8716999888420105,127.03970336914062,155.93563763144903
36.8994001089447,-1.240909854860293,0.9341999888420105,183.68569946289062,113.35945699634412
36.87264104352297,-1.2405040766644295,0.9341999888420105,1494.281005859375,118.9570404513668
36.90053272061229,-1.2359424162867545,0.741100013256073,90.20339965820312,63.550426694740665
36.88953657741449,-1.2383547899566687,0.741100013256073,18.246700286865234,84.80353933115495
36.90847883868952,-1.2392956602789458,0.741100013256073,43.073299407958984,151.29882126496426
36.90840303397161,-1.2394517288158162,0.741100013256073,48.09579849243164,158.33287198081214
36.92065664366649,-1.2378018614260413,0.803600013256073,67.51010131835938,188.41924258174774
36.89443267037117,-1.244998850526303,0.803600013256073,237.22760009765625,176.47539632527867
36.880315156435955,-1.2482450760932116,0.803600013256073,210.49549865722656,55.8630649725164
36.88933145876602,-1.249350933154466,0.803600013256073,68.98729705810547,161.34821382611983
36.90023841994275,-1.2363348171794577,0.803600013256073,76.4480972290039,103.21187147901958
36.89191773737703,-1.2514868425590668,0.866100013256073,105.93090057373047,193.36935287688502
36.883842305369235,-1.2348811502360344,0.866100013256073,156.03860473632812,170.04476925493603
36.88273644830798,-1.248013202838432,0.866100013256073,112.368896484375,22.53354684901371
36.92185614184986,-1.2379936027713399,0.7578999996185303,161.7039031982422,168.58893510324188
36.88045338856861,-1.247415683297271,0.8203999996185303,107.93840026855469,98.06719219701439
36.89403135127635,-1.239268905672625,0.8203999996185303,213.90859985351562,9.505214810431275
36.8848411440052,-1.2363883263920992,0.8203999996185303,59.33330154418945,33.92447358402697
36.917744850678574,-1.246037821071756,0.8203999996185303,29.594100952148438,118.53835109113528
36.91756202753538,-1.24289861393013,0.8203999996185303,92.59719848632812,135.9751368653424
36.89081633941682,-1.2405040766644295,0.8828999996185303,339.1679992675781,109.04228474647314
36.88641520667707,-1.2488738093417475,0.8828999996185303,111.56809997558594,111.77135518596289
36.90284253495796,-1.241230910136141,0.7009999752044678,31.047100067138672,188.36520409649134
36.89219866074339,-1.2503899036999193,0.7634999752044678,153.07260131835938,173.16742244013636
36.89333573151202,-1.2530073960182917,0.7634999752044678,43.70289993286133,38.753515480506564
36.89188652366965,-1.253288319384659,0.7634999752044678,40.74689865112305,52.68953830984411
36.894303356440616,-1.2468137046550551,0.8259999752044678,138.04469299316406,42.78917357690423
36.89410715599426,-1.2450746552442118,0.8259999752044678,205.6645050048828,190.53586827044558
36.89389757824476,-1.247099087122476,0.8259999752044678,182.3990020751953,56.842040780990814
36.89104375357055,-1.2401651849843676,0.8259999752044678,49.5989990234375,69.38082234191121
36.90400636033291,-1.235576770000372,0.8884999752044678,98.69210052490234,129.97375172436864
36.891574386595906,-1.2475985064404618,0.8884999752044678,114.2313003540039,27.04341313920169
36.904657389086715,-1.2358799888720065,0.8884999752044678,63.52840042114258,158.14769482701428
36.918632211788214,-1.2377483522133998,0.7523000240325928,19.422100067138672,198.33389230036636
36.883539086497606,-1.2386847634346236,0.8148000240325928,125.67240142822266,111.14484969333098
36.90490709874571,-1.241039168790843,0.8148000240325928,183.5388946533203,168.5344494413746
36.9155688093645,-1.2400046573464438,0.8148000240325928,65.36180114746094,49.55011498518388
36.88926011314917,-1.2550853371091977,0.8148000240325928,52.78969955444336,115.99726462084824
36.89371029600051,-1.2403658445317727,0.8148000240325928,181.27330017089844,89.21161909062461
36.89984601905006,-1.2404327310475745,0.8148000240325928,205.90260314941406,113.37819629823731
36.89226554725919,-1.2522047578286715,0.8148000240325928,128.36439514160156,108.96116805495197
36.893157367469875,-1.2399645254369627,0.8148000240325928,50.07059860229492,49.5501310216194
36.89441483396695,-1.2394338924116026,0.8773000240325928,239.28790283203125,39.744524488073665
36.8929834625288,-1.2388542092746548,0.8773000240325928,64.6729965209961,79.34959055803331
36.913250076816716,-1.2370036823374746,0.7746999859809875,50.78300094604492,89.45542848055332
36.891855309962274,-1.2551076326144648,0.7746999859809875,31.829099655151367,87.99027891148303
36.879129035555735,-1.2402320715001696,0.7746999859809875,95.79010009765625,79.29579877902489
36.91967118233368,-1.2381808850155842,0.8371999859809875,49.840599060058594,148.75741949341756
36.89000478302509,-1.2549114321681134,0.8371999859809875,49.929298400878906,73.79285095995971
36.91358005029467,-1.2398931798201074,0.8371999859809875,95.4623031616211,114.40095284441352
36.90429174280033,-1.2361386167331063,0.8371999859809875,177.81649780273438,101.87512381026833
36.90289158506955,-1.2384974811903788,0.8996999859809875,241.44439697265625,109.09567529606004
36.88209433775628,-1.247620801945729,0.8996999859809875,151.7126007080078,27.04313389767999
36.89490979418388,-1.2391752645505025,0.8996999859809875,84.83360290527344,60.880546640089094
36.89332235420886,-1.2404817811591626,0.8996999859809875,157.82260131835938,99.12695491847752
36.89210056052021,-1.2531946782625365,0.8996999859809875,98.3125991821289,45.65540516240583
36.908260342737904,-1.2367539726784815,0.76910001039505,105.25740051269531,66.75660370133659
36.90246797046947,-1.240958904971881,0.76910001039505,63.780799865722656,139.8019889181094
36.89450847508907,-1.2471436781330105,0.83160001039505,64.61090087890625,0.5812533016532987
36.89370583689946,-1.2533106148899258,0.83160001039505,189.06350708007812,95.02572577479457
36.88530489051477,-1.2379936027713399,0.83160001039505,131.38980102539062,195.65909253510551
36.9182219744913,-1.2384707265840582,0.83160001039505,28.826200485229492,119.0110259597039
36.901906123736744,-1.239139591742075,0.89410001039505,127.54209899902344,53.94874275613229
36.905143431101536,-1.2413290103593169,0.7233999967575073,133.6593017578125,198.28054655496038
36.8865668161129,-1.2341632349664298,0.7233999967575073,32.45709991455078,183.11777789701742
36.893603277575224,-1.2517454704201667,0.7233999967575073,48.16590118408203,23.464509674163878
36.89185085086122,-1.2520843621002284,0.7233999967575073,83.09290313720703,144.13141808458627
36.91152886381008,-1.2370304369437952,0.7233999967575073,16.295299530029297,44.26342947429491
36.878660829945126,-1.2481246803647685,0.7858999967575073,57.436798095703125,182.47569588725264
36.89495438519442,-1.2383414126535084,0.7858999967575073,105.4343032836914,2.3922307544346983
36.8908564713263,-1.239398219603175,0.7858999967575073,484.8644104003906,9.94206870818206
36.885501090961114,-1.2342212032801243,0.7858999967575073,37.80839920043945,124.91279923747186
36.886036183087526,-1.2487623318154113,0.7858999967575073,56.509498596191406,101.85601180493931
36.891217658511636,-1.2461047075875578,0.8483999967575073,69.79630279541016,195.60464593410887
36.88971494145661,-1.2396791429695422,0.8483999967575073,107.90350341796875,19.804083778083868
36.88045338856861,-1.24672898173504,0.9108999967575073,147.2135009765625,156.14919665188012
36.918837330436666,-1.2449319640105012,0.7289999723434448,35.338600158691406,3.747962805511135
36.889438477191305,-1.249399983266054,0.7289999723434448,30.89940071105957,171.26358429005043
36.895699055070345,-1.2392599874705181,0.7289999723434448,100.73870086669922,124.21346980311142
36.904122296960296,-1.2411105144076982,0.7289999723434448,132.9257049560547,178.44980238233882
36.90834506565792,-1.2392733647736787,0.7289999723434448,37.01020050048828,137.2307385412685
36.918034692247055,-1.2448204864841652,0.7914999723434448,30.111799240112305,86.07396520445491
36.918275483703944,-1.2397326521821836,0.7914999723434448,50.25680160522461,19.804053346692264
36.88216122427208,-1.2479864482321115,0.7914999723434448,117.4833984375,12.61829885687022
36.89196678748862,-1.253279401182552,0.7914999723434448,37.96379852294922,45.655476698825076
36.91531464060445,-1.2396033382516336,0.7914999723434448,28.222299575805664,9.888679164413753
36.911435222687956,-1.235728379436189,0.7914999723434448,115.83889770507812,47.12297705766792
36.895364622491336,-1.245119246254746,0.8539999723434448,37.19269943237305,92.08603309792589
36.91737474529114,-1.2412398283382482,0.8539999723434448,38.47949981689453,155.93567422601615
36.8977903734644,-1.2455562381579834,0.8539999723434448,120.19300079345703,125.9290428376412
36.898637602664564,-1.2362233396531213,0.8539999723434448,75.02980041503906,93.29655110569976
36.89365232768682,-1.2386401724240892,0.9164999723434448,134.07569885253906,79.83086682517065
36.90497844436256,-1.241088218902431,0.7178000211715698,157.86160278320312,168.53445219622594
36.918275483703944,-1.2447357635641496,0.7803000211715698,26.270000457763672,56.13332437859996
36.91745055000904,-1.239126214438915,0.7803000211715698,81.23819732666016,49.60352317376956
36.91656318889941,-1.240878641152919,0.7803000211715698,81.61799621582031,148.70371466018216
36.8907226982947,-1.246367794549711,0.7803000211715698,36.972801208496094,165.8586341645037
36.883601513912346,-1.2491101416975798,0.7803000211715698,104.7688980102539,141.51774220165854
36.91300928535982,-1.23985750701168,0.7803000211715698,118.24250030517578,156.6279018728971
36.879294022294715,-1.2486151814806477,0.7803000211715698,35.90829849243164,98.06730673419044
36.88394932379452,-1.2478660525036687,0.8428000211715698,146.67140197753906,2.7025985384541262
36.89512383103445,-1.238270067036653,0.8428000211715698,84.60790252685547,4.653118058850939
36.882223651686836,-1.2492929648407713,0.9053000211715698,152.29429626464844,161.3487495199859
36.907034089948205,-1.23946956522003,0.7346000075340271,41.397300720214844,52.82228542069401
36.892430533998166,-1.2518614070475562,0.7346000075340271,55.39670181274414,123.02899404371692
36.89127116772427,-1.2544432265575014,0.7346000075340271,110.31320190429688,10.48606026311574
36.89334910881517,-1.2530787416351468,0.7971000075340271,61.45500183105469,45.78750245075322
36.89166356861698,-1.2529851005130248,0.7971000075340271,35.9817008972168,87.85963459339106
36.9048402122299,-1.2381050802976756,0.7971000075340271,72.21690368652344,3.5343224021012505
36.8912399540169,-1.247469192509912,0.7971000075340271,71.80850219726562,46.87419817712322
36.89132913603797,-1.2402722034096503,0.8596000075340271,79.68679809570312,79.29617916032896
36.91739704079641,-1.2458460797264574,0.8596000075340271,44.5531005859375,156.0003124650524
36.89572580967667,-1.2389656868009906,0.8596000075340271,109.18209838867188,110.16037817129086
36.88598713297594,-1.235086268884493,0.8596000075340271,215.6667022705078,56.381196548559885
36.913985828490524,-1.2406423087970864,0.8596000075340271,284.50390625,147.85557703746537
36.89183747355807,-1.2542693216164167,0.7401999831199646,113.18569946289062,17.650302086407176
36.88983979628612,-1.2551076326144648,0.7401999831199646,157.18820190429688,66.75896552397981
36.89344720903836,-1.239005818710472,0.8026999831199646,195.13690185546875,59.5188383039212
36.9117562779638,-1.237115159863811,0.8026999831199646,35.58509826660156,37.21806003484011
36.878598402530386,-1.2412353692371945,0.8026999831199646,27.023500442504883,188.36470152904144
36.901277390488204,-1.235710543031975,0.8026999831199646,240.9871063232422,43.71972690065243
36.902053274071505,-1.237039355145902,0.8026999831199646,58.21870040893555,137.3435578912606
36.90403757404029,-1.2409812004771483,0.8026999831199646,120.6520004272461,158.6190777903193
36.91918068121779,-1.238546531301967,0.8026999831199646,20.3085994720459,109.09578677485054
36.886486552293924,-1.247139219031957,0.8026999831199646,114.2051010131836,76.62055191757428
36.9205496252412,-1.242327848995289,0.8651999831199646,47.06869888305664,193.3722152561185
36.902548234288446,-1.2373782468259642,0.8651999831199646,135.6309051513672,130.2755665709726
36.880261647223314,-1.2401027575696197,0.8651999831199646,117.4197006225586,59.46528106226202
36.891596682101174,-1.2406155541907657,0.8651999831199646,229.985595703125,118.95762718726813
36.89286752590141,-1.2462518579223212,0.8651999831199646,90.69490051269531,175.7736137258805
36.892800639385605,-1.2534399288204758,0.8651999831199646,59.864498138427734,31.719065498494558
36.899279713216266,-1.2413736013698518,0.9276999831199646,166.1009063720703,78.1799366777141
36.909062980927516,-1.2387338135462116,0.7513999938964844,58.84700012207031,151.29880859310376
36.90355599112652,-1.240869722950812,0.7513999938964844,109.13169860839844,148.70372328498016
36.88909066730914,-1.2490031232722976,0.7513999938964844,39.75090026855469,121.6867411062197
36.89516396294393,-1.2384528901798442,0.7513999938964844,120.981201171875,18.713734258208003
36.890241115380924,-1.2475227017225536,0.7513999938964844,62.865501403808594,36.958967906940686
36.89090998053894,-1.239607797352687,0.8138999938964844,312.073486328125,9.888656179392864
36.91813725157128,-1.2451103280526392,0.8138999938964844,44.5546989440918,76.09374329346507
36.8887963666396,-1.2495070016913365,0.8138999938964844,113.38040161132812,181.17890577158911
36.90346680910544,-1.2405040766644295,0.8138999938964844,50.37860107421875,109.0422756578244
36.883494495487064,-1.2395319926347783,0.8138999938964844,209.85360717773438,174.41760161192067
36.89412053329742,-1.2398530479106267,0.8138999938964844,186.4373016357422,53.824723827440614
36.89909689007307,-1.2400269528517112,0.8763999938964844,190.59710693359375,197.78281015969472
36.883623809417614,-1.2381318349039965,0.8763999938964844,122.79859924316406,68.97054160030808
36.882749825611135,-1.2364864266152749,0.9388999938964844,872.0352172851562,120.92299887942966
36.896608711685246,-1.2387471908493721,0.7458000183105469,70.01799774169922,159.44776480627354
36.903355331579114,-1.2404996175633762,0.7458000183105469,68.56770324707031,109.04227861885037
36.90614672883857,-1.2403123353191312,0.7458000183105469,110.35379791259766,89.21161810183068
36.90893812609802,-1.2390281142157389,0.8083000183105469,55.617000579833984,165.36689822921346
36.89769673234229,-1.2367227589711076,0.8083000183105469,164.22579956054688,82.19729667086872
36.90393501471606,-1.240869722950812,0.8083000183105469,143.3572998046875,148.70371614806936
36.88436847929355,-1.2492127010218095,0.8708000183105469,130.51629638671875,151.43299790764215
36.88196948292678,-1.2493063421439314,0.9333000183105469,295.73480224609375,161.34881174990485
36.88935821337235,-1.2461894305075734,0.7001000046730042,18.539899826049805,185.68950115893637
36.87731864052804,-1.2382031805208513,0.7001000046730042,23.796300888061523,148.7577745962728
36.90203097856624,-1.2383547899566687,0.7626000046730042,12.881600379943848,129.41469510908794
36.918618834485066,-1.2450077687284098,0.7626000046730042,43.47560119628906,16.21246445310585
36.89160560030328,-1.2539839391489964,0.7626000046730042,16.731399536132812,17.51978940758165
36.89187760546754,-1.2533864196078346,0.7626000046730042,17.177099227905273,45.65554751150864
36.880181383404356,-1.2410971371045378,0.8251000046730042,394.29620361328125,178.44961258374678
36.89714380381166,-1.2368699093058713,0.8251000046730042,122.38159942626953,47.00056623157422
36.89832546559082,-1.2418908570920515,0.8251000046730042,164.9340057373047,120.35031646412638
36.90587026457325,-1.240379221834933,0.8251000046730042,114.0239028930664,89.21159161604503
36.89512383103445,-1.2471615145372243,0.8251000046730042,38.667598724365234,48.64362701627973
36.88438631569775,-1.2357551340425097,0.8251000046730042,111.11810302734375,57.51468526245253
36.89942686355103,-1.2404728629570554,0.8876000046730042,220.7908935546875,141.506821457402
36.90196855115149,-1.2390147369125786,0.8876000046730042,116.80909729003906,63.18586503737812
36.89844140221821,-1.2437859750397657,0.8876000046730042,108.6697998046875,41.46801938299116
36.91326791322092,-1.2405442085739105,0.7056999802589417,26.973899841308594,184.72658289084296
36.8898219598819,-1.2408920184560794,0.7056999802589417,10.795900344848633,148.7037892826952
36.89815156064974,-1.2421539440542047,0.7681999802589417,190.6324005126953,113.30689154917698
36.89263119354558,-1.2513307740221962,0.7681999802589417,100.92749786376953,123.26641384712306
36.883253704030174,-1.2401072166706728,0.7681999802589417,54.11349868774414,195.48595767083785
36.890071669540895,-1.2535915382562934,0.7681999802589417,62.50419998168945,172.2687331571131
36.890852012225245,-1.255290455757656,0.7681999802589417,135.4980926513672,24.68365663222704
36.894267683632194,-1.2464435992676193,0.8306999802589417,180.52059936523438,77.96497060162409
36.89398676026582,-1.2472462374572402,0.8306999802589417,91.19400024414062,35.738079805740576
36.91870801650612,-1.2414538651888138,0.8306999802589417,76.97160339355469,6.23225925573218
36.902592825298974,-1.236508722120542,0.8931999802589417,84.06210327148438,52.93471192545318
36.91603255587406,-1.2402543670054367,0.8931999802589417,65.41339874267578,79.29618577927744
36.88926457225023,-1.2489139412512285,0.7570000290870667,105.45770263671875,111.77139003345339
36.90444335223615,-1.2409187730623998,0.8195000290870667,65.63800048828125,148.70371552952696
36.89830762918661,-1.236018221004663,0.8195000290870667,104.65550231933594,73.4658509328628
36.89087430773051,-1.2478259205941877,0.8195000290870667,59.1343994140625,7.212798189339735
36.913691527820994,-1.2395721245442597,0.8195000290870667,57.410301208496094,72.2040681589481
36.8968807168495,-1.238328035350348,0.8820000290870667,197.6136016845703,145.4022143130577
36.89254647062557,-1.2392555283694646,0.8820000290870667,206.3271942138672,29.772797680298005
36.89804900132551,-1.2364998039184354,0.8820000290870667,77.49929809570312,96.2955969380155
36.907065303655585,-1.237297983007002,0.7113000154495239,37.89939880371094,115.99490392578444
36.8924082384929,-1.2534533061236364,0.7113000154495239,27.56060028076172,3.5828137220949765
36.91800793764074,-1.238158589510317,0.7738000154495239,67.69650268554688,158.67248568296375
36.89779483256546,-1.2460957893854507,0.7738000154495239,27.69969940185547,175.17663127605468
36.882785498419565,-1.2485438358637924,0.8363000154495239,47.29029846191406,72.11034551657775
36.88654452060763,-1.2485438358637924,0.8363000154495239,93.65750122070312,72.1098936806555
36.89396446476056,-1.2410480869929499,0.8363000154495239,41.45759963989258,169.33605057353577
36.88584444174223,-1.2478526752005084,0.8363000154495239,161.82769775390625,2.70239039092485
36.893982301164776,-1.2393402512894802,0.8363000154495239,66.86119842529297,2.474903582363554
36.89387082363843,-1.2467289817350402,0.8363000154495239,237.38360595703125,84.98571640782168
36.901455754530346,-1.239518615331618,0.8363000154495239,117.91780090332031,50.12615787000774
36.90436754751824,-1.2365845268384505,0.8988000154495239,103.20649719238281,80.79173450665664
36.88699934891507,-1.234626981475988,0.7168999910354614,38.92470169067383,183.01712725747456
36.89101253986317,-1.2478036250889204,0.7793999910354614,104.21520233154297,7.212785422618935
36.90427390639612,-1.2399065571232675,0.7793999910354614,54.509300231933594,39.63472655100685
36.89156992749486,-1.2519728845738924,0.7793999910354614,195.80140686035156,179.3016661528729
36.921717909717195,-1.2382923625419204,0.8418999910354614,81.23259735107422,138.84279264999077
36.8832804586365,-1.2354207014635012,0.8418999910354614,98.06300354003906,170.0899738002594
36.87701988075746,-1.2378419933355223,0.8418999910354614,120.6709976196289,188.41925519073212
36.918908676053526,-1.2165854586137461,0.9043999910354614,131.51519775390625,154.70897774464973
36.90148696823772,-1.2383012807440275,0.9043999910354614,270.7287902832031,160.7893778947514
36.89915931748782,-1.2369234185185125,0.7281000018119812,135.67730712890625,172.6194222634186
36.89602011034619,-1.2375566108681018,0.7281000018119812,28.85700035095215,18.788973537648655
36.91377179163995,-1.2375298562617811,0.7281000018119812,56.34619903564453,89.5005626761571
36.90179464621041,-1.2389300139925632,0.7906000018119812,154.2064971923828,80.7236497722954
36.91333925883777,-1.2366647906574126,0.7906000018119812,62.17570114135742,124.61449304756246
36.89398676026582,-1.2477055248657447,0.7906000018119812,113.28009796142578,0.5584862421991069
36.8920069193981,-1.2512326737990203,0.8531000018119812,97.4312973022461,193.12775051735485
36.89225662905709,-1.2502249169609416,0.8531000018119812,159.65289306640625,173.1674341321338
36.87858056612617,-1.2408831002539724,0.8531000018119812,221.0428924560547,148.7032511302637
36.9008849895955,-1.2365845268384508,0.8531000018119812,222.5408935546875,132.9579709530255
36.894459424977484,-1.247928479918417,0.8531000018119812,262.893310546875,55.709879712548975
36.88275874381324,-1.249230537426023,0.9156000018119812,175.54029846191406,151.43327075707452
36.9024367567621,-1.2377840250218275,0.9156000018119812,191.15170288085938,165.427074063399
36.896037946750404,-1.2383547899566687,0.7336999773979187,86.17019653320312,82.06172499946334
36.91252324334499,-1.2365622313331834,0.7336999773979187,29.46190071105957,68.30429171452573
36.88000747846327,-1.2406200132918193,0.7961999773979187,95.5022964477539,118.95741830783359
36.92028653827904,-1.2424972948353195,0.7961999773979187,44.115299224853516,163.4315334265454
36.91601026036879,-1.240526372169697,0.7961999773979187,70.88619995117188,109.04227337194192
36.88570620960957,-1.2489050230491217,0.7961999773979187,100.00360107421875,111.7714006317016
36.90130860419558,-1.2397727840916646,0.8586999773979187,170.2958984375,43.0827883887318
36.89800886941603,-1.246158216800199,0.8586999773979187,61.13169860839844,196.27681298981548
36.905058708181535,-1.239786161394825,0.8586999773979187,58.29869842529297,29.719379790596374
36.907100976464015,-1.2407225726160485,0.8586999773979187,86.09149932861328,154.35489149500827
36.886852198580314,-1.2473220421751483,0.8586999773979187,100.51419830322266,56.78983869383582
36.899828182645834,-1.2409767413760948,0.9211999773979187,162.9416046142578,71.16277916730184
36.899953037475335,-1.2407716227276362,0.9211999773979187,164.68980407714844,71.17027277688486
36.901906123736744,-1.2397995386979852,0.9211999773979187,88.5531997680664,6.14235479055647
36.90403311493924,-1.2412532056414087,0.7225000262260437,86.23600006103516,188.36516560320936
36.89269808006137,-1.252619454226642,0.7225000262260437,94.57769775390625,38.62089553331228
36.9029540124843,-1.2405531267760175,0.7850000262260437,38.60430145263672,109.04229846736428
36.907181240282966,-1.2389567685988836,0.7850000262260437,140.44239807128906,24.686075942300057
36.91963105042418,-1.2436611202102694,0.7850000262260437,51.78839874267578,93.56993193631045
36.893210876682524,-1.2398976389211611,0.7850000262260437,100.4446029663086,39.63477403554252
36.897607550321226,-1.2460333619707022,0.7850000262260437,124.4834976196289,154.07644958211233
36.883249244929125,-1.2394115969063355,0.8475000262260437,99.93699645996094,146.27381203778754
36.90886678048117,-1.238747190849372,0.8475000262260437,55.532901763916016,137.23072018810637
36.89755404110858,-1.2376680883944382,0.9100000262260437,191.4346923828125,145.46247387252873
36.89424538812692,-1.2451326235579063,0.9100000262260437,379.0624084472656,176.4678209158806
36.87829518365874,-1.2485126221564185,0.739300012588501,116.94159698486328,189.50972952826413
36.875985369313064,-1.2378732070428964,0.739300012588501,144.4445037841797,178.50395164390167
36.914039337703166,-1.2366514133542525,0.739300012588501,93.58439636230469,180.91715000093146
36.89565446405981,-1.2401518076812073,0.739300012588501,62.084800720214844,194.51653763701825
36.91238055211128,-1.2364596720089545,0.739300012588501,85.37190246582031,61.258925813960964
36.89061567986941,-1.2469251821813916,0.739300012588501,18.596799850463867,106.36646689603546
36.881746527874114,-1.2377528113144534,0.801800012588501,136.17579650878906,106.94512052496134
36.913985828490524,-1.2404951584623227,0.801800012588501,260.90960693359375,130.93218261517038
36.918070365055485,-1.2382031805208513,0.801800012588501,110.98719787597656,148.75712338122077
36.88118468114138,-1.2502650488704226,0.801800012588501,156.33169555664062,176.25990760504806
36.90445672953931,-1.235835397861472,0.801800012588501,153.10240173339844,144.0720219661774
36.889643595839765,-1.2390236551146856,0.864300012588501,290.39471435546875,35.59135988307835
36.91712057653109,-1.2427514635953663,0.7448999881744385,36.675498962402344,185.8762511618135
36.878790143875676,-1.2481246803647685,0.7448999881744385,112.92320251464844,182.47569352849632
36.89179288254753,-1.2515314335696013,0.7448999881744385,113.06659698486328,193.3694281052761
36.891257790421115,-1.2555089517092752,0.7448999881744385,18.05150032043457,73.9218507928149
36.88002085576644,-1.2489273185543888,0.8073999881744385,89.72709655761719,13.658915636813564
36.91765566865751,-1.2465952087034367,0.8073999881744385,82.506103515625,157.03966530346244
36.91715624933953,-1.2453600377116323,0.8073999881744385,162.2946014404297,185.8760700824786
36.89319749937936,-1.2462340215181076,0.8698999881744385,108.02369689941406,175.77355207019517
36.8911150991874,-1.2554688197997939,0.8698999881744385,127.99040222167969,52.81975048552721
36.90422039718348,-1.2373827059270177,0.8698999881744385,80.99569702148438,3.4433107011336586
36.891351431543235,-1.2464658947728866,0.8698999881744385,174.0625,155.94317928105025
36.88453792513357,-1.247701065764691,0.8698999881744385,107.38719940185547,17.12820274383546
36.89333127241096,-1.238559908605127,0.8698999881744385,125.18450164794922,109.09565630482034
36.900372192974366,-1.2392822829757857,0.9323999881744385,161.4250030517578,162.65196931218475
36.87899526252414,-1.2404996175633762,0.7505000233650208,91.10179901123047,109.04185652896906
36.87928956319367,-1.2406958180097276,0.7505000233650208,48.01350021362305,128.87264266682334
36.89154317288853,-1.2488827275438545,0.7505000233650208,98.41480255126953,111.77165842875455
36.91151994560797,-1.2365220994237025,0.8130000233650208,68.822998046875,9.11944766756546
36.902824698553744,-1.2403524672286126,0.8130000233650208,74.67250061035156,89.21157837480338
36.915488545545536,-1.241329010359317,0.8130000233650208,37.825801849365234,198.28055771325697
36.88396270109767,-1.2379445526597515,0.8130000233650208,38.2244987487793,83.06126268172477
36.87302006711252,-1.2398262933043058,0.8755000233650208,182.34840393066406,29.71872615104456
36.88357475930603,-1.2476520156531032,0.8755000233650208,213.060302734375,27.04341975678571
36.90140670441876,-1.236580067737397,0.8755000233650208,228.1427001953125,132.95799524198853
36.894080401387946,-1.2401785622875279,0.8755000233650208,178.10479736328125,74.24689250903636
36.88972831875978,-1.2496318565208335,0.7560999989509583,50.56660079956055,191.09433428896745
36.89210947872232,-1.2499395344935211,0.8185999989509583,165.73919677734375,183.1476467451103
36.91711611743005,-1.242528508542694,0.8810999989509583,56.10929870605469,185.87626987281095
36.908666120933766,-1.2373069012091087,0.8810999989509583,344.0400085449219,17.651953225125972
36.8920738059139,-1.241039168790843,0.8810999989509583,62.086700439453125,168.5344417956463
36.89446834317959,-1.2451549190631737,0.8810999989509583,135.26229858398438,155.37143161254897
36.90139332711559,-1.238818536466227,0.8810999989509583,207.23629760742188,120.47767461776239
36.88659802982026,-1.2471436781330103,0.8810999989509583,117.72059631347656,76.62055573664097
36.895034649013375,-1.239447269714763,0.8810999989509583,277.24530029296875,103.0774319954957
36.891668027718026,-1.2488113819269993,0.9435999989509583,407.7178039550781,111.77168903947297
36.89215406973286,-1.239710356676916,0.7616999745368958,157.08290100097656,19.80400383228718
36.88262497078164,-1.247081250718262,0.7616999745368958,54.669700622558594,86.53543071179278
36.920866221416,-1.2394829425231901,0.7616999745368958,212.54220581054688,9.942783861220649
36.89021436077461,-1.2555847564271834,0.7616999745368958,59.008201599121094,3.452782464023626
36.91912717200515,-1.2413780604709048,0.7616999745368958,127.84739685058594,33.68864861552084
36.87929848139577,-1.2475940473394085,0.7616999745368958,41.39970016479492,175.44163446875234
36.912719443791346,-1.2364730493121145,0.7616999745368958,58.55270004272461,89.41026854564727
36.89456198430172,-1.2468493774634828,0.8241999745368958,202.54299926757812,21.69279633596815
36.896127128771475,-1.2431394053870162,0.8241999745368958,101.03990173339844,190.61904459942843
36.89420971531849,-1.2405531267760175,0.8241999745368958,128.0937042236328,118.50281772313411
36.91738366349325,-1.2455874518653578,0.8241999745368958,34.029300689697266,155.93542292265943
36.8830218307754,-1.2467512772403073,0.8241999745368958,149.69509887695312,116.2815917832071
36.902949553383245,-1.2408920184560794,0.8241999745368958,56.07569885253906,148.70374871931796
36.902013142162026,-1.2391128371357547,0.8241999745368958,83.3905029296875,50.859245575262776
36.898044542224454,-1.2425686404521752,0.8866999745368958,156.03399658203125,85.15950069708374
36.90171438239144,-1.2372310964912003,0.8866999745368958,132.26319885253906,179.5555186298848
36.91974252795052,-1.2385822041103944,0.8866999745368958,76.48200225830078,109.09600587035479
36.882397556627915,-1.236147534935213,0.704800009727478,80.16449737548828,184.2258747766061
36.89132467693692,-1.2480622529500203,0.767300009727478,219.202392578125,22.53335894024061
36.890459611332545,-1.2476787702594239,0.767300009727478,119.16320037841797,17.12822023098331
36.90160290486511,-1.23985750701168,0.829800009727478,156.28140258789062,14.950401806164733
36.884323888283,-1.2386758452325168,0.829800009727478,102.71700286865234,167.4550272122654
36.91225123818074,-1.238707058939891,0.829800009727478,48.3025016784668,121.53654328000678
36.885853359944335,-1.2485037039543114,0.829800009727478,142.86439514160156,72.1099337106405
36.89973900062477,-1.2407939182329035,0.829800009727478,91.4478988647461,85.23458490417863
36.91487764870122,-1.2374674288470326,0.829800009727478,50.013999938964844,180.98481200066811
36.902035437667294,-1.2386134178177686,0.892300009727478,189.793701171875,99.81424995380969
36.88992006010508,-1.2389567685988838,0.892300009727478,144.98699951171875,59.51882984460578
36.9010276808292,-1.236339276280511,0.892300009727478,342.677490234375,113.12725344394883
36.90238324754946,-1.236308062573137,0.7103999853134155,66.27989959716797,52.9497900811052
36.88331167234387,-1.2357328385372426,0.7103999853134155,123.94979858398438,134.93091159878608
36.88901932169228,-1.254719690822815,0.7103999853134155,13.531800270080566,165.23540686867415
36.90841641127478,-1.2388229955672803,0.7728999853134155,25.99410057067871,109.09454940159253
36.89215406973286,-1.255879057096711,0.7728999853134155,65.5363998413086,172.39836234239309
36.89075391200208,-1.2551165508165718,0.7728999853134155,191.52630615234375,10.615609363415805
36.913366013444104,-1.2363794081899924,0.8353999853134155,47.59560012817383,145.70541721616704
36.89053987515151,-1.249337555851306,0.8353999853134155,30.02440071105957,161.3483313901095
36.88895243517648,-1.2486553133901286,0.8353999853134155,119.69120025634766,82.02527656198903
36.880355288345434,-1.2405442085739107,0.8353999853134155,173.72439575195312,109.04213292779605
36.901870450928314,-1.2373024421080554,0.8353999853134155,151.4158935546875,172.51013790228052
36.90623145175859,-1.237949011760805,0.8353999853134155,283.8883972167969,116.10123592236074
36.90398406482764,-1.236165371339427,0.8978999853134155,94.50420379638672,87.79191951876658
36.901500345540875,-1.2396122564537404,0.8978999853134155,96.64920043945312,43.09025957292977
36.88218351977734,-1.2476386383499427,0.8978999853134155,147.8126983642578,27.043154302534155
36.8951862584492,-1.2471124644256364,0.7271999716758728,40.77360153198242,48.639838365877466
36.89835222019715,-1.2427113316858853,0.7896999716758728,51.18080139160156,49.99500671312103
36.886428583980226,-1.248668690693289,0.7896999716758728,104.2396011352539,91.94062840315402
36.88344544537548,-1.2489629913628164,0.8521999716758728,36.884300231933594,121.68704568009495
36.891057130873705,-1.2477233612699583,0.8521999716758728,40.048301696777344,17.128135602663484
36.87823721534506,-1.2486553133901288,0.8521999716758728,67.83660125732422,182.47569685276378
36.91722759495638,-1.2426578224732439,0.9146999716758728,209.66110229492188,175.89603511810367
36.89521301305552,-1.239157428146289,0.9146999716758728,170.41920471191406,81.99402600844398
36.891057130873705,-1.248249535194265,0.7160000205039978,68.24019622802734,42.364044247237956
36.88335180425335,-1.2489629913628164,0.7160000205039978,70.91940307617188,121.68706134614915
36.89390649644685,-1.2471615145372243,0.7160000205039978,113.34549713134766,49.806121857169
36.90442551583194,-1.2406423087970864,0.7160000205039978,33.01789855957031,118.9576278267842
36.89185976906333,-1.255638265639825,0.7160000205039978,105.8279037475586,130.19422458611254
36.911582373022725,-1.2362813079668162,0.7785000205039978,69.94419860839844,19.016836091657634
36.90806414229155,-1.239126214438915,0.7785000205039978,91.83589935302734,102.06052218793613
36.891948951084395,-1.239946689032749,0.8410000205039978,97.63240051269531,49.55009013187962
36.880716475530775,-1.2510141778474013,0.8410000205039978,202.61619567871094,197.36194131527694
36.91523883588654,-1.239157428146289,0.8410000205039978,53.34230041503906,39.68812762516079
36.8911061809853,-1.2466353406129174,0.8410000205039978,130.00250244140625,136.1124943061374
36.89111955828846,-1.2401696440854213,0.9035000205039978,99.65280151367188,69.38082010762508
36.89620739259044,-1.2389478503967772,0.9035000205039978,215.75289916992188,138.31921939745615
36.893295599602546,-1.2388765047799217,0.9035000205039978,164.61590576171875,69.43420685955437
36.87796521018079,-1.2406556861002465,0.9660000205039978,2826.9923,138.78775387948832
36.90777430072308,-1.2396211746558474,0.7215999960899353,34.17940139770508,123.16268709389162
36.89665776179684,-1.2451905918716013,0.7840999960899353,75.63410186767578,13.399760512292556
36.89169478232436,-1.253448847022583,0.7840999960899353,48.49489974975586,52.68967825329355
36.89249742051397,-1.2462072669117867,0.7840999960899353,53.73619842529297,185.68905432318888
36.91286213502506,-1.23853761309986,0.7840999960899353,47.452301025390625,58.211121422258955
36.90129968599347,-1.2368253182953368,0.7840999960899353,23.94409942626953,162.70407682222915
36.886241301735986,-1.235318142139272,0.8465999960899353,145.75289916992188,63.43412091532401
36.89965427770475,-1.2411238917108585,0.9090999960899353,171.9490966796875,71.15528268989479
36.878861489492536,-1.2409767413760948,0.7383999824523926,35.88169860839844,158.61865494980626
36.9110383626942,-1.2359691708930751,0.7383999824523926,37.54460144042969,2.1268317909063534
36.88424362446404,-1.247799165987867,0.7383999824523926,39.75410079956055,7.212803630489107
36.9010276808292,-1.2392733647736787,0.8008999824523926,38.44309997558594,106.39467156873037
36.89358544117101,-1.2506663679652328,0.8008999824523926,22.338600158691406,23.4645191867238
36.91989413738634,-1.2379267162555379,0.8008999824523926,53.59590148925781,178.5036123884818
36.90127293138716,-1.2390727052262736,0.8008999824523926,202.58529663085938,106.40214269346907
36.919095958297774,-1.2428852366269696,0.8633999824523926,48.3213005065918,33.6886305363909
36.9193902589673,-1.2425864768563888,0.8633999824523926,63.750301361083984,63.62930177776383
36.89526206316711,-1.2381273758029432,0.8633999824523926,73.88600158691406,4.668161162503341
36.89871786648352,-1.2412353692371945,0.8633999824523926,92.10769653320312,134.44090905549723
36.90368530505707,-1.2410703824982174,0.8633999824523926,138.88890075683594,168.53444617747803
36.88460035254832,-1.2351219416929204,0.8633999824523926,99.98090362548828,85.61328278205754
36.920464902321186,-1.2377572704155066,0.8633999824523926,48.81209945678711,198.33453988447664
36.894753725647014,-1.2479864482321117,0.9258999824523926,222.37069702148438,83.83837182481817
36.916121737895125,-1.237917798053431,0.7328000068664551,53.79069900512695,178.50323890261714
36.91139063167743,-1.2363080625731369,0.7328000068664551,18.70989990234375,2.096680572307661
36.89254647062556,-1.246269694326535,0.7328000068664551,99.70670318603516,175.77369119470217
36.8998593963532,-1.2366291178489848,0.7953000068664551,202.07110595703125,142.87331990110079
36.880662966318134,-1.250768927289462,0.7953000068664551,31.575700759887695,176.2598620047178
36.90382799629079,-1.2407047362118346,0.7953000068664551,28.86709976196289,128.87299228363537
36.89998425118271,-1.24025882610649,0.7953000068664551,161.826904296875,113.38568700085257
36.90582121446167,-1.2401651849843673,0.7953000068664551,43.007301330566406,69.38086658178011
36.889046076298605,-1.2394294333105491,0.7953000068664551,109.43389892578125,41.78713696319587
36.91767796416278,-1.2429655004459317,0.8578000068664551,89.01509857177734,125.99491102425601
36.919836169072646,-1.241948825405746,0.8578000068664551,55.21950149536133,113.53044151743366
36.9197915780621,-1.2436611202102694,0.8065000176429749,159.23170471191406,113.53036912831233
36.892131774227586,-1.249787925057704,0.8065000176429749,55.640098571777344,183.14765910685983
36.88177328248043,-1.2494668697818558,0.8065000176429749,88.12090301513672,155.1579086837766
36.88336964065758,-1.238559908605127,0.8065000176429749,30.472999572753906,83.00857742770692
36.88335180425335,-1.2486865270975027,0.8065000176429749,62.07619857788086,91.94097115810158
36.89541813170398,-1.2392020191568236,0.8065000176429749,168.07350158691406,96.06968011214391
36.88971048235556,-1.254099875776386,0.8690000176429749,91.47730255126953,158.20097570434388
36.898807048504594,-1.2364998039184352,0.8690000176429749,126.74510192871094,123.04262746320569
36.89475818474807,-1.240267744308597,0.8690000176429749,241.718994140625,138.1989137513952
36.889474149999735,-1.2551031735134113,0.7495999932289124,52.842899322509766,101.9291646924347
36.88316452200911,-1.246978691394033,0.8120999932289124,85.79830169677734,96.45089908952325
36.901402245317705,-1.2405620449781245,0.8120999932289124,193.8778076171875,27.27246141145058
36.91745055000906,-1.2409633640729343,0.8120999932289124,49.27840042114258,145.95546126259276
36.92001007401373,-1.242858482020649,0.8120999932289124,43.02370071411133,133.49084665513323
36.91736136798799,-1.2455606972590372,0.8120999932289124,34.713199615478516,155.93542292265943
36.912367174808125,-1.2391217553378613,0.8120999932289124,56.3671989440918,142.61993544429853
36.883833387167115,-1.2468315410592692,0.8745999932289124,41.03390121459961,116.28173277762079
36.91364247770941,-1.2382834443398134,0.9370999932289124,180.41250610351562,19.182432230088736
36.896452643148386,-1.2431527826901765,0.7038999795913696,21.981300354003906,162.49048316099757
36.8935676047668,-1.246256317023375,0.7663999795913696,145.73150634765625,148.29381130097966
36.91945268638205,-1.2392243146620905,0.8288999795913696,99.22309875488281,29.772998799078024
36.898508288734014,-1.235665952021441,0.8288999795913696,89.5165023803711,33.80438414185834
36.88935821337235,-1.2385643677061808,0.8288999795913696,40.988399505615234,56.66726627382143
36.89081633941682,-1.2489005639480681,0.8288999795913696,71.35900115966797,111.77154952527744
36.87951251824634,-1.2409722822750413,0.8288999795913696,230.10609436035156,158.61876292950788
36.89857517524982,-1.2370750279543297,0.8288999795913696,214.70309448242188,180.6969007026211
36.898428024915056,-1.237418378735445,0.8288999795913696,78.08149719238281,194.74995775663558
36.88715541745194,-1.2469207230803379,0.8913999795913696,151.62989807128906,106.36666117716503
36.885255840403175,-1.2355678517982647,0.8913999795913696,295.4211120605469,1.1968748332769252
36.88616103791703,-1.2363437353815645,0.8913999795913696,100.85489654541016,20.93704567509715
36.8916323549096,-1.253288319384659,0.7552000284194946,53.97869873046875,73.7917216964815
36.89221203804656,-1.2463811718528712,0.7552000284194946,189.61160278320312,165.85840011004103
36.903930555615005,-1.239630092857954,0.7552000284194946,64.3230972290039,9.888640908230448
36.91387881006524,-1.2411328099129655,0.7552000284194946,87.43440246582031,196.57989555347473
36.91617970620883,-1.2412532056414087,0.7552000284194946,49.83810043334961,188.36517168817497
36.88081011665289,-1.2503230171841175,0.8177000284194946,49.187801361083984,155.15779652697105
36.889643595839765,-1.2495783473081918,0.8177000284194946,40.3109016418457,191.0943262610466
36.911551159315344,-1.235746215840403,0.8177000284194946,26.810400009155273,54.16081735559463
36.912871053227164,-1.2383637081587755,0.8177000284194946,44.984500885009766,44.150507380927294
36.91856532527242,-1.2451103280526392,0.8177000284194946,82.07319641113281,26.192677138903818
36.885108690068414,-1.2348410183265532,0.8802000284194946,77.193603515625,65.93326995664748
36.91403041950107,-1.2407850000307965,0.7608000040054321,109.80899810791016,156.573409354955
36.893768264314204,-1.247339878579362,0.7608000040054321,71.03949737548828,42.76640663585667
36.88657127521394,-1.2477055248657445,0.7608000040054321,29.206199645996094,17.128376218824837
36.897950901102334,-1.2376680883944382,0.7608000040054321,183.4340057373047,173.61382378046082
36.88472520737781,-1.2346537360823087,0.7608000040054321,188.77259826660156,113.72695228842571
36.914503084212726,-1.2370259778427417,0.8233000040054321,82.58219909667969,187.9850583090426
36.91759324124276,-1.2466487179160777,0.8233000040054321,63.184898376464844,165.15437961121992
36.90539314076054,-1.2369724686301007,0.8233000040054321,100.68280029296875,137.12450090080432
36.90064865723967,-1.2365176403226492,0.8858000040054321,246.17430114746094,132.95796333238306
36.89839681120769,-1.241556424513043,0.8858000040054321,179.6761932373047,134.42588752812426
36.89387082363843,-1.239037032417846,0.8858000040054321,162.83279418945312,37.63397228576171
36.90061298443125,-1.239380383198961,0.8858000040054321,133.139404296875,134.51958381747914
36.89569459596929,-1.238586663211448,0.8858000040054321,137.52110290527344,67.97101599241795
36.90022058353854,-1.2437592204334456,0.7150999903678894,8.931500434875488,182.11095628783485
36.884533466032515,-1.2474424379035913,0.7150999903678894,36.58470153808594,46.87429254419538
36.913250076816716,-1.2365666904342367,0.7150999903678894,19.87339973449707,124.60696768501343
36.89271591646559,-1.2465238630865816,0.7775999903678894,79.04750061035156,146.02756369653127
36.917548650232234,-1.2377617295165604,0.7775999903678894,63.90370178222656,198.33395506750483
36.883079799089096,-1.247326501276202,0.7775999903678894,149.51190185546875,56.789429506890635
36.89190436007386,-1.25466172250912,0.7775999903678894,64.54340362548828,52.82032436085681
36.880110037787496,-1.246546158591849,0.7775999903678894,18.439300537109375,196.7664432308062
36.88921106303758,-1.2487890864217321,0.7775999903678894,66.72750091552734,101.85602030192561
36.8970724581948,-1.238087243893462,0.7775999903678894,68.0593032836914,145.42480628941757
36.89635454292521,-1.2385331539988065,0.7775999903678894,211.82449340820312,117.23582938938749
36.891636814010646,-1.239567665443206,0.8400999903678894,209.45689392089844,0.026723351404406258
36.901366572509275,-1.2364775084131678,0.7095000147819519,188.9517059326172,123.04262821902441
36.891833014457,-1.2516027791864563,0.8345000147819519,99.8324966430664,186.33543719667227
36.91207733323965,-1.2391039189336472,0.8345000147819519,64.82240295410156,163.73342453190574
36.90204881497045,-1.238078325691355,0.8345000147819519,241.53660583496094,159.06948634424376
36.89291657601299,-1.2547464454291357,0.8345000147819519,160.24560546875,137.22896433598632
36.880390961153864,-1.2411417281150723,0.8970000147819519,101.59860229492188,178.4496709649343
36.89813818334658,-1.2376190382828502,0.8970000147819519,185.9470977783203,187.68950016075425
36.889732777860836,-1.2472506965582932,0.7318999767303467,28.23150062561035,66.70511292778735
36.91640266126149,-1.2377528113144534,0.7318999767303467,53.535301208496094,198.33396842828063
36.90453253425722,-1.2397237339800766,0.7318999767303467,29.642799377441406,19.80400382088204
36.890704861890484,-1.2473443376804156,0.7318999767303467,28.876100540161133,56.7896390413146
36.9008760713934,-1.2415162926035617,0.7943999767303467,13.941699981689453,55.4385026714338
36.90127293138716,-1.2362634715626024,0.7943999767303467,229.4799041748047,103.21189942146167
36.89163681401065,-1.2545502449827841,0.7943999767303467,484.26239013671875,24.68409461972552
36.919515113796805,-1.2408340501423842,0.7943999767303467,111.42749786376953,73.60957375535438
36.89293887151826,-1.2514823834580135,0.7943999767303467,115.4219970703125,93.32583747691258
36.92170453241404,-1.2379133389523778,0.7943999767303467,64.2760009765625,178.50424183865357
36.91915392661147,-1.239509697129511,0.8568999767303467,137.7238006591797,0.02676275577594646
36.89304588994354,-1.2402365306012226,0.8568999767303467,119.6697998046875,79.29621336902338
36.89175275063805,-1.2473621740846295,0.9193999767303467,81.06320190429688,56.78947162419093
36.9042560699919,-1.2405486676749637,0.7207000255584717,23.45709991455078,109.04226413883563
36.88757903205202,-1.2484189810342963,0.7207000255584717,63.089298248291016,62.1945106520438
36.89018760616829,-1.2478928071099893,0.7207000255584717,16.02680015563965,2.702475156806549
36.89249742051397,-1.2470009868993004,0.7832000255584717,43.51570129394531,96.45078583508017
36.90083148038286,-1.239268905672625,0.7832000255584717,147.4949951171875,127.49116001309463
36.89002261942932,-1.255348424071351,0.7832000255584717,129.9243927001953,38.622871281857975
36.91287997142927,-1.2372355555922538,0.7832000255584717,89.20709991455078,40.213176322587465
36.88900594438912,-1.247696606663638,0.8457000255584717,39.692501068115234,17.128351385803867
36.91631793834147,-1.2407939182329035,0.8457000255584717,113.55220031738281,138.78835505226274
36.91426675185689,-1.2397237339800764,0.7263000011444092,170.39649963378906,44.03774618954904
36.88452008872935,-1.2482673715984787,0.7263000011444092,34.443599700927734,42.36397710609071
36.8847653392873,-1.2348856093370877,0.7263000011444092,25.715200424194336,92.62850400610583
36.904710898299356,-1.2401696440854213,0.7888000011444092,59.17210006713867,69.38081940215163
36.90389042370552,-1.2359736299941284,0.7888000011444092,246.06689453125,80.74654965162274
36.89162343670749,-1.2392421510663045,0.7888000011444092,173.49249267578125,29.77281064147044
36.90533517244684,-1.2400670847611917,0.7888000011444092,24.928300857543945,59.46547853625309
36.90719015848507,-1.2392644465715719,0.7888000011444092,36.84149932861328,45.788224070681885
36.88927349045233,-1.2493018830428784,0.7888000011444092,115.53479766845703,161.34820715213124
36.89813818334658,-1.242787136403794,0.8513000011444092,115.72560119628906,57.0233930767918
36.89256876613083,-1.240557585877071,0.9138000011444092,335.06719970703125,118.95763959533157
36.88581768713591,-1.2346581951833617,0.9138000011444092,141.97940063476562,82.6557536327897
36.8951282901355,-1.2477055248657445,0.9138000011444092,79.26719665527344,90.85912079941058
36.89185085086122,-1.239625633756901,0.9138000011444092,268.97491455078125,9.888638999432168
36.87940549982106,-1.2410748415992707,0.7430999875068665,86.6404037475586,168.53410909029265
36.89605578315462,-1.239518615331618,0.7430999875068665,81.17130279541016,173.45570024593164
36.8775148409744,-1.238381544562989,0.7430999875068665,43.9818000793457,128.92703222669124
36.89326438589516,-1.2392689056726247,0.7430999875068665,95.78240203857422,29.772763103006348
36.91219326986704,-1.2392867420768388,0.8055999875068665,34.365299224853516,170.7562049759153
36.885581354780086,-1.247437978802538,0.8055999875068665,36.97679901123047,46.87440539292614
36.883989455704004,-1.234867772932874,0.8680999875068665,98.65049743652344,155.9690868032565
36.8850418035526,-1.2337128657600316,0.737500011920929,21.406700134277344,189.9086051907531
36.88907283090492,-1.2553439649702978,0.737500011920929,105.1134033203125,108.96336860058311
36.88942955898919,-1.247611883743622,0.737500011920929,44.06560134887695,27.043682984280775
36.91732123607849,-1.2420112528204945,0.800000011920929,156.201904296875,165.91585179716242
36.892448370402384,-1.2545190312754098,0.800000011920929,111.89510345458984,87.99068675162151
36.891815178052795,-1.254541326780677,0.800000011920929,37.61470031738281,38.75227543379325
36.890727157395744,-1.2461671350023056,0.800000011920929,77.70210266113281,185.68936043071955
36.894669002727,-1.247536079025714,0.800000011920929,33.584999084472656,41.6266642497077
36.917383663493254,-1.2430234687596267,0.800000011920929,124.93569946289062,155.9355696220202
36.917499600120635,-1.2445618586230653,0.862500011920929,32.61240005493164,145.95526534566693
36.889612382132384,-1.2550987144123578,0.862500011920929,108.14309692382812,87.86106379793812
36.886187792523344,-1.248111303061608,0.862500011920929,190.91050720214844,32.44845760684002
36.88699488981402,-1.2469118048782313,0.862500011920929,84.97200012207031,106.36665938900909
36.8917572097391,-1.2475672927330879,0.925000011920929,141.49249267578125,27.043381851480035
36.891485204574835,-1.2492572920323437,0.7542999982833862,85.15249633789062,151.43311210518647
36.90318142663803,-1.2409901186792553,0.7542999982833862,55.25410079956055,158.61909838744765
36.89815156064974,-1.2375031016554607,0.7542999982833862,86.87200164794922,180.66673861220806
36.90509438098995,-1.2412799602477291,0.7542999982833862,66.0416030883789,188.36518050501664
36.89400459667003,-1.2407136544139414,0.7542999982833862,104.53880310058594,131.55668606140037
36.890071669540895,-1.2476430974509964,0.8167999982833862,39.56019973754883,27.04362441932361
36.884457661314606,-1.2351219416929204,0.8792999982833862,114.68609619140625,99.68896715262188
36.891409399856926,-1.2481603531731962,0.7598999738693237,74.02890014648438,32.44873672155653
36.88706623543088,-1.248918400352282,0.8223999738693237,108.74400329589844,111.77133319139499
36.917887541912286,-1.2417258703530738,0.8223999738693237,101.7886962890625,96.0542923048945
36.8967380256158,-1.2439687981829568,0.8848999738693237,92.24870300292969,78.07085977875558
36.917272185966915,-1.2409633640729345,0.8848999738693237,49.37820053100586,158.6190841231563
36.89062459807153,-1.2527264726519247,0.8848999738693237,126.72879791259766,193.37034019054363
36.90076013476601,-1.2360717302173045,0.8848999738693237,231.00880432128906,83.38115748372128
36.89729987234853,-1.2373202785122692,0.8848999738693237,149.25729370117188,96.22775437398502
36.91332588153461,-1.236125239429946,0.7487000226974487,20.523300170898438,166.7963413242819
36.90739081803249,-1.2408340501423842,0.7487000226974487,123.4800033569336,180.1749009202921
36.91728110416903,-1.2463098262360162,0.7487000226974487,75.7197036743164,174.5057040486406
36.90534854975001,-1.2403613854307194,0.8112000226974487,131.41319274902344,89.21156607387977
36.90780551443045,-1.2394651061189768,0.8112000226974487,41.20090103149414,109.09459157795494
36.87692623963533,-1.2381719668134774,0.8112000226974487,209.95559692382812,148.7578060385546
36.88250903415425,-1.2469341003834986,0.8737000226974487,124.94670104980469,96.45077521084285
36.89203367400441,-1.2477634931794397,0.8737000226974487,283.0210876464844,7.21260582000615
36.893745968808936,-1.2401205939738331,0.8737000226974487,204.05130004882812,69.38090157269706
36.895480559118724,-1.2456320428758922,0.8737000226974487,138.27049255371094,42.838413014386596
36.91719192214796,-1.2412398283382482,0.8737000226974487,60.34429931640625,175.89612949932788
36.89472251193964,-1.2449408822126082,0.7085999846458435,57.83489990234375,155.38278935827114
36.91630456103832,-1.2383726263608825,0.7085999846458435,18.740800857543945,128.92643105401694
36.91792321472072,-1.2399823618411763,0.7710999846458435,14.258099555969238,49.550119851891886
36.87199893297128,-1.238078325691355,0.8335999846458435,221.59950256347656,158.67304366999664
36.879735473299,-1.2380917029945153,0.8335999846458435,206.84669494628906,158.6727839513747
36.918128333369175,-1.2456052882695716,0.8335999846458435,77.9697036743164,76.09372793998608
36.89817831525606,-1.242359062702663,0.8335999846458435,95.47820281982422,92.20292925875762
36.88944293629236,-1.2386847634346236,0.8960999846458435,108.64399719238281,49.644469366360475
36.897799291666516,-1.2417392476562343,0.8960999846458435,163.00650024414062,169.582874375615
36.892319056471834,-1.2505905632473242,0.8960999846458435,69.84249877929688,163.1872180281626
36.90394393291817,-1.2352824693308444,0.8960999846458435,119.00869750976562,144.02682835078969
36.88575525972116,-1.2471838100424915,0.703000009059906,15.298999786376953,76.62050917970006
36.897536204704366,-1.237458510644926,0.703000009059906,87.64129638671875,131.40187048779367
36.91436039297901,-1.2409366094666137,0.703000009059906,221.4208984375,161.92583608215728
36.91567136868873,-1.2398262933043058,0.765500009059906,33.06700134277344,29.71938600862668
36.90317250843592,-1.2412353692371947,0.765500009059906,143.28790283203125,188.36519017002936
36.88480547119678,-1.2378196978302551,0.765500009059906,59.94969940185547,139.37147119127485
36.917495141019586,-1.242760381797473,0.828000009059906,26.458599090576172,145.95536337444346
36.883191276615435,-1.2467200635329332,0.828000009059906,181.2812042236328,136.11235184307827
36.9158274372256,-1.2379579299629122,0.828000009059906,117.47709655761719,178.5032308903408
36.89370137779839,-1.2390504097210062,0.890500009059906,167.8675994873047,44.67930731370497
36.889576709323954,-1.2553439649702978,0.7197999954223633,41.31010055541992,73.79312296175382
36.90072446195758,-1.236736136274268,0.7197999954223633,181.35369873046875,152.78868983911065
36.9131163037851,-1.236218880552068,0.7822999954223633,85.34490203857422,138.65252948240519
36.88921998123969,-1.2460868711833437,0.7822999954223633,176.92930603027344,195.60487728770514
36.880190301606454,-1.2399868209422296,0.7822999954223633,26.183900833129883,49.54991856804855
36.884105392331385,-1.2478392978973483,0.8447999954223633,137.22689819335938,7.212778052660745
36.883806632560805,-1.239518615331618,0.8447999954223633,91.53559875488281,195.53108682960732
36.90094741701025,-1.2410480869929499,0.8447999954223633,31.20989990234375,27.291160427121557
36.91897556256933,-1.2441471622250948,0.8447999954223633,49.587100982666016,23.708397779921732
36.918716934708236,-1.244365658176714,0.8447999954223633,74.42620086669922,16.212468267584782
36.90769403690411,-1.2398753434158936,0.9072999954223633,191.8448028564453,137.23079248807542
36.891168608400044,-1.2486954452996097,0.7253999710083008,33.8026008605957,91.94087448635497
36.87850476140826,-1.2484234401353491,0.7253999710083008,29.887300491333008,175.44166648920137
36.89086538952841,-1.247968611827898,0.7253999710083008,46.70119857788086,12.617928408836379
36.89097240795369,-1.247339878579362,0.7878999710083008,70.9708023071289,56.789601756582826
36.88086362586553,-1.2404148946433606,0.7878999710083008,82.86799621582031,99.12689622827172
36.88980412347769,-1.2492171601228625,0.7878999710083008,35.400699615478516,151.43288883114317
36.891333595139024,-1.2531367099488417,0.7878999710083008,107.97370147705078,101.92789513221669
36.88039987935597,-1.2408652638497584,0.7878999710083008,162.36959838867188,148.70358317963283
36.892296760966566,-1.2510766052621498,0.8503999710083008,95.00910186767578,163.18719046986294
36.89785725998021,-1.2457925705138166,0.8503999710083008,64.51119995117188,154.0689059943825
36.9150426354402,-1.2408652638497584,0.8503999710083008,89.75260162353516,148.70377149461945
36.89756295931068,-1.2369412549227266,0.8503999710083008,117.24330139160156,89.22006048501393
36.90418472437505,-1.239888720719054,0.7142000198364258,60.570701599121094,39.63472648596157
36.92194532387092,-1.2380025209734464,0.7142000198364258,44.40639877319336,168.5889623729214
36.883503413689176,-1.236214421451015,0.7767000198364258,25.81450080871582,85.70370851096544
36.912536620648154,-1.2392466101673578,0.7767000198364258,29.68630027770996,142.60488950442104
36.907653904994625,-1.2395364517358318,0.7767000198364258,51.76559829711914,109.09460046423123
36.891445072665356,-1.2409901186792553,0.8392000198364258,145.39280700683594,158.61907836527126
36.89616280157991,-1.2430190096585731,0.8392000198364258,43.625999450683594,190.62281707139493
36.89564108675665,-1.2390994598325942,0.8392000198364258,194.6746063232422,103.11502819201586
36.91921635402622,-1.2398753434158936,0.9017000198364258,75.38839721679688,39.634649399738386
36.89039272481674,-1.2490744688891526,0.9017000198364258,98.6321029663086,131.60221928110815
36.89087876683157,-1.248057793848967,0.7935000061988831,35.76850128173828,22.5332917217689
36.916514138787825,-1.2410079550834692,0.7935000061988831,93.6415023803711,158.61907789947682
36.89397784206371,-1.239639011060061,0.8560000061988831,130.19070434570312,18.616030141976534
36.914146356128455,-1.2406244723928725,0.8560000061988831,103.45850372314453,130.0345610469162
36.895012353508115,-1.2387382726472649,0.8560000061988831,104.96630096435547,32.766830973311436
36.89016976976407,-1.2489719095649232,0.8560000061988831,43.354801177978516,121.68683541048274
36.901705464189334,-1.2393848423000149,0.9185000061988831,146.82470703125,50.13362570630585
36.89742918627909,-1.2419889573152272,0.9185000061988831,172.0467071533203,176.60373807340395
36.87986478722956,-1.2397906204958782,0.7365999817848206,69.7886962890625,29.719119127841964
36.8968049121316,-1.2451237053557993,0.7365999817848206,78.42510223388672,20.428121785950896
36.91351316377886,-1.23668708616268,0.7365999817848206,94.59459686279297,138.69015871359142
36.91219326986704,-1.2360583529141442,0.7990999817848206,30.420900344848633,82.33477792164526
36.8911061809853,-1.2486062632785406,0.7990999817848206,45.60540008544922,82.02549766508687
36.918373583927114,-1.238448431078791,0.7990999817848206,38.148399353027344,119.01101415359565
36.90332411787173,-1.236165371339427,0.8615999817848206,160.52110290527344,31.489214687619423
36.89608253776093,-1.2391172962368078,0.8615999817848206,117.91829681396484,145.34200048966238
36.8850418035526,-1.2349346594486754,0.8615999817848206,62.95869827270508,64.4846706581781
36.88691016689401,-1.2471303008298502,0.8615999817848206,138.70089721679688,86.53593084867241
36.887302567786705,-1.2487266590069837,0.8615999817848206,110.44490051269531,91.94060205964783
36.88411876963455,-1.2486642315922356,0.9240999817848206,253.39939880371094,91.9408553074162
36.89702340808322,-1.2448650774946994,0.9240999817848206,203.51719665527344,13.384664008080344
36.892800639385605,-1.2553618013745111,0.8047000169754028,36.03860092163086,179.43282390837405
36.9034043816907,-1.2401785622875279,0.8672000169754028,67.73570251464844,69.38082851364868
36.91984508727476,-1.2403435490265056,0.8672000169754028,39.9994010925293,89.21120748183546
36.89872232558457,-1.2404416492496813,0.8672000169754028,87.37169647216797,197.76406030505947
36.88050689778125,-1.24989940258404,0.8672000169754028,158.76229858398438,98.88555689797586
36.88326708133334,-1.239121755337861,0.7477999925613403,81.69519805908203,118.1525861011388
36.90825588363685,-1.2366647906574126,0.7477999925613403,90.3573989868164,73.79065007995973
36.91329466782725,-1.2398708843148405,0.7477999925613403,88.28669738769531,135.51442628577857
36.91724989046165,-1.2457970296148697,0.8102999925613403,50.695499420166016,175.95337104342278
36.91928324054203,-1.2379668481650188,0.8102999925613403,117.32550048828125,178.5033603074375
36.90084485768602,-1.238577745009341,0.8102999925613403,120.36219787597656,176.74619660004925
36.88066296631813,-1.2401562667822608,0.8102999925613403,114.51409912109375,69.3807442299223
36.91456551162748,-1.2412487465403552,0.8102999925613403,189.80960083007812,188.7859462647293
36.913522081980965,-1.24090539575924,0.8102999925613403,51.555301666259766,192.5860293978596
36.89357206386785,-1.247188269143545,0.8102999925613403,44.24039840698242,70.90249049420514
36.88549217275901,-1.2474246014993773,0.8727999925613403,75.72810363769531,46.87439785053961
36.8870840718351,-1.2477857886847064,0.7590000033378601,119.05619812011719,7.2130269515402645
36.88031961553701,-1.2481737304763565,0.7590000033378601,246.14280700683594,62.897092401167605
36.89449955688696,-1.2407627045255294,0.7590000033378601,45.312599182128906,158.39721226537532
36.90059514802703,-1.2385643677061808,0.8215000033378601,48.76100158691406,197.84268926258775
36.91916284481358,-1.2441070303156139,0.8215000033378601,28.253999710083008,43.668831620802564
36.89672464831263,-1.2457435204022285,0.8215000033378601,47.74470138549805,62.647363887932634
36.90465292998566,-1.2366068223437179,0.8215000033378601,90.21759796142578,108.9430727064153
36.894923171487044,-1.244486053905157,0.8840000033378601,100.21420288085938,176.49810527860836
36.87900418072624,-1.2483654718216546,0.8840000033378601,115.12349700927734,140.27149910784755
36.88383784626818,-1.247808084189974,0.8840000033378601,106.12580108642578,7.212737147255056
36.89217190613707,-1.2410213323866295,0.8840000033378601,79.1176986694336,168.53444325989796
36.900938498808145,-1.2400760029632987,0.8840000033378601,148.639892578125,57.135897870438974
36.890963489751584,-1.2491458145060075,0.7020999789237976,13.452400207519531,141.51766496369748
36.915889864640356,-1.2409856595782018,0.7645999789237976,66.29039764404297,158.61909188755183
36.91737028619009,-1.2456454201790526,0.7645999789237976,77.00749969482422,155.93541767801844
36.91745500911011,-1.244780354574684,0.7645999789237976,51.67359924316406,145.95525553442334
36.91961767312103,-1.2387248953441046,0.7645999789237976,56.00299835205078,89.26524549082409
36.88495262153154,-1.2353092239371648,0.8270999789237976,211.5988006591797,43.40130773356664
36.8786251571367,-1.2404416492496813,0.8270999789237976,66.560302734375,99.12643833826318
36.91890421695248,-1.2436700384123764,0.8270999789237976,123.1874008178711,13.72818316557793
36.886709507346595,-1.2484858675500976,0.8895999789237976,110.89399719238281,72.10988705800224
36.89661317078631,-1.2377974023249878,0.8895999789237976,154.55369567871094,89.14472386616964
36.8915075000801,-1.2472729920635606,0.7534000277519226,56.66889953613281,66.70488128714857
36.88118022204033,-1.2496675293292607,0.7534000277519226,38.7400016784668,134.05575792630177
36.88356138200287,-1.2488292183312133,0.7534000277519226,78.38130187988281,101.8563035512876
36.88936713157445,-1.2465461585918487,0.7534000277519226,138.99639892578125,136.11268542425893
36.88201407393732,-1.2469028866761245,0.8159000277519226,86.52449798583984,106.3660190303916
36.916023637671955,-1.2412398283382482,0.8159000277519226,85.25759887695312,188.36517402268095
36.91345519546517,-1.2392599874705181,0.8159000277519226,71.76080322265625,72.22661749681282
36.91219326986704,-1.2388319137693875,0.8159000277519226,77.71920013427734,135.60467907793193
36.89247958410976,-1.2519193753612512,0.8159000277519226,148.73289489746094,108.96093815264965
36.89911026737623,-1.2367227589711076,0.8784000277519226,190.54100036621094,152.78870141674204
36.884199033453505,-1.2470589552129951,0.8784000277519226,364.47198486328125,86.53568407637624
36.89881596670671,-1.2407894591318498,0.8784000277519226,47.8297004699707,162.58828451830792
36.90355153202546,-1.2373916241291243,0.8784000277519226,79.59329986572266,45.821528827535055
36.87948130453896,-1.2400135755485504,0.7077000141143799,22.908300399780273,49.549774988979095
36.89306818544882,-1.2526640452371764,0.7077000141143799,32.483001708984375,10.484632294916393
36.91444511589903,-1.2382879034408667,0.7077000141143799,16.517900466918945,82.52287568493891
36.905807837158505,-1.2413245512582636,0.7702000141143799,121.63179779052734,198.28057996038783
36.88444874311249,-1.2389210957904562,0.7702000141143799,87.46920013427734,195.5837700488395
36.90221826081049,-1.2370036823374746,0.7702000141143799,166.743896484375,123.26787829809972
36.89650169325996,-1.2427113316858853,0.8327000141143799,135.02830505371094,197.6700419089896
36.91478846668015,-1.2386535497272497,0.8327000141143799,22.030099868774414,82.5529298384774
36.915229917684435,-1.239090541630487,0.8327000141143799,19.097700119018555,49.603490027744094
36.918351288421846,-1.2439152889703156,0.8327000141143799,81.6146011352539,56.13334135387987
36.920687857373856,-1.239647929262168,0.8327000141143799,93.74440002441406,9.887972666864776
36.89492317148705,-1.2445841541283327,0.8952000141143799,124.6791000366211,176.49432225201136
36.889532118313426,-1.2477813295836533,0.7132999897003174,24.332799911499023,7.212949072035964
36.9134328999599,-1.236236716956282,0.7132999897003174,43.20439910888672,166.80386742235726
36.916251051825675,-1.2383012807440272,0.7757999897003174,50.5968017578125,138.84179171208464
36.896871798647396,-1.2452218055789754,0.7757999897003174,122.3281021118164,27.464032755481178
36.90694936702819,-1.2396523883632216,0.7757999897003174,46.97520065307617,59.85634797552028
36.91914946751042,-1.2167281498474563,0.7757999897003174,162.67379760742188,147.67494017976142
36.88942509988814,-1.2389344730936167,0.8382999897003174,82.23179626464844,35.583847118274896
36.88269185729744,-1.2480132028384319,0.8382999897003174,125.9124984741211,12.618183536081185
36.9139501556821,-1.2395409108368853,0.8382999897003174,59.1692008972168,51.090595466142545
36.909415249910744,-1.2382566897334926,0.8382999897003174,503.05218505859375,144.26477100089645
36.89893636243514,-1.2409455276687207,0.9007999897003174,196.58309936523438,141.48432075062945
36.88026610632437,-1.2504211174072934,0.9007999897003174,190.73080444335938,112.95359528736606
36.892243251753925,-1.2497522522492763,0.9007999897003174,86.30549621582031,173.16746335765055
36.881875841804664,-1.2403480081275589,0.9007999897003174,204.2825927734375,112.00411261238496
36.90675316658184,-1.2368030227900697,0.7189000248908997,163.23309326171875,172.26728257004297
36.9178384918007,-1.2389032593862428,0.7189000248908997,96.92769622802734,69.43423375349502
36.89979696893846,-1.2434114105512766,0.7189000248908997,9.789899826049805,118.80660083771895
36.8902723290883,-1.2478883480089362,0.7189000248908997,36.43320083618164,2.7024852156133994
36.87939658161895,-1.2409678231739878,0.7189000248908997,22.933900833129883,158.618746495159
36.893393699825715,-1.251419956043265,0.7189000248908997,57.293399810791016,43.42489221291307
36.89353193195837,-1.2470411188087813,0.7814000248908997,240.23170471191406,84.97053276321081
36.89588633731458,-1.2457212248969614,0.7814000248908997,140.24949645996094,0.6418387289143938
36.879343072406314,-1.2403524672286126,0.7814000248908997,90.91519927978516,89.2111924882631
36.91538598622131,-1.2377483522133998,0.7814000248908997,37.26110076904297,198.33393535151183
36.91347303186938,-1.2383815445629893,0.7814000248908997,34.773399353027344,1.9235329138639758
36.880096660484334,-1.2400358710538182,0.7814000248908997,89.92289733886719,59.46526193807898
36.894285520036405,-1.247759034078386,0.7814000248908997,68.2562026977539,27.57000391098301
36.89701448988111,-1.2459932300612215,0.7814000248908997,51.3473014831543,104.85150072215477
36.89820061076133,-1.237177587278559,0.7814000248908997,166.7718048095703,159.57583851622454
36.90475994841094,-1.2404817811591626,0.8439000248908997,137.5384063720703,109.04226950735334
36.917646750455404,-1.245096950749479,0.8439000248908997,45.69260025024414,125.99480944712309
36.88592024646014,-1.2468315410592692,0.8439000248908997,161.03109741210938,116.28196853398812
36.88204528764469,-1.2377215976070792,0.9064000248908997,206.00270080566406,85.83163547708973
36.90007343320377,-1.242278798883701,0.9064000248908997,143.55050659179688,55.46847184712737
36.921133767479205,-1.219020127788927,0.9064000248908997,255.4492950439453,175.8119836204122
36.917905378316505,-1.2460289028696492,0.7245000004768372,35.974700927734375,99.08763883249921
36.89101699896423,-1.2481291394658223,0.7245000004768372,80.85240173339844,32.44866781065096
36.914177569835815,-1.2382968216429742,0.7245000004768372,17.58679962158203,61.409396676847294
36.90438984302351,-1.237150832672238,0.7870000004768372,131.86459350585938,31.579589822256313
36.91134604066689,-1.236646954253199,0.7870000004768372,59.838600158691406,30.21789209946763
36.893527472857315,-1.247125841728797,0.7870000004768372,73.6260986328125,76.61983333209831
36.91337939074726,-1.2368609911037642,0.7870000004768372,101.44029998779297,110.55387690219685
36.920723530182286,-1.239759406788504,0.7870000004768372,93.38159942626953,29.718697590947862
36.88208096045312,-1.2368520729016574,0.7870000004768372,52.55830001831055,149.09690065787728
36.87891053960412,-1.2479151026152568,0.8495000004768372,90.00070190429688,182.47568664633403
36.91722759495638,-1.2453734150147926,0.8495000004768372,45.82820129394531,175.89585785840939
36.90223163811364,-1.2376413337881176,0.8495000004768372,96.40660095214844,172.4799837203259
36.91917176301568,-1.243750302231338,0.8495000004768372,59.0713996887207,43.66883748769831
36.881728691469895,-1.240339089925452,0.9120000004768372,98.66349792480469,101.19206841855865
36.89786171908127,-1.2419265299004787,0.9120000004768372,178.3946075439453,148.47514999342164
36.91443173859587,-1.2375699881712618,0.7300999760627747,13.602299690246582,138.76536354162542
36.92062542995912,-1.2381942623187445,0.7925999760627747,38.39680099487305,148.75779342976557
36.895752564282986,-1.2379757663671258,0.7925999760627747,111.59159851074219,32.82700708716015
36.88457805704305,-1.2468761320698036,0.7925999760627747,541.139404296875,96.45110869375436
36.88004761037275,-1.2480488756468602,0.7925999760627747,123.0552978515625,83.9991949004921
36.8938931191437,-1.2475182426215001,0.7925999760627747,61.442901611328125,21.662446098417618
36.91910487649989,-1.241699115746753,0.7925999760627747,46.16859817504883,33.688645227327285
36.893750427909985,-1.2383637081587755,0.8550999760627747,57.799400329589844,93.88397745121226
36.89479385755649,-1.2460155255664889,0.8550999760627747,130.343505859375,63.919663327141336
36.91296915345034,-1.239670224767435,0.8550999760627747,125.41419982910156,135.53697982757797
36.89775915975704,-1.2423546036016098,0.9175999760627747,182.76319885253906,127.3636638255771
36.91279524850926,-1.2364908857163286,0.7357000112533569,36.39289855957031,96.44810363371793
36.885947001066455,-1.247669852057317,0.7357000112533569,37.435001373291016,27.043705653280174
36.89273821197086,-1.2538992162289813,0.7982000112533569,190.3000030517578,59.85494560222554
36.88263388898375,-1.2476653929562638,0.7982000112533569,84.15560150146484,17.127887973418453
36.89173045513279,-1.2536539656710415,0.7982000112533569,130.8336944580078,38.62169567029036
36.88379325525764,-1.2470767916172087,0.7982000112533569,87.14759826660156,86.53564317097054
36.89258214343399,-1.2545234903764635,0.7982000112533569,169.81930541992188,102.05880644257975
36.89202921490337,-1.239380383198961,0.7982000112533569,99.61990356445312,19.857445942836623
36.89494992609337,-1.2379534708618585,0.8607000112533569,57.736698150634766,37.54377352513497
36.89591755102196,-1.2394740243210836,0.7412999868392944,47.36709976196289,159.3875662877044
36.917218676754274,-1.2463633354486574,0.7412999868392944,18.328699111938477,187.1744568770397
36.89556082293769,-1.2397058975758628,0.7412999868392944,34.464599609375,152.32717716840853
36.91565353228451,-1.2378464524365758,0.7412999868392944,34.21310043334961,188.41858614201965
36.90373881426971,-1.2407939182329033,0.8037999868392944,97.43910217285156,138.7883564672972
36.904389843023516,-1.2357417567393496,0.8037999868392944,90.78959655761719,144.06449148361514
36.889719400557674,-1.246555076793955,0.8037999868392944,191.65809631347656,146.02801850881474
36.892662407252956,-1.2525748632161076,0.8037999868392944,87.46410369873047,45.65488413683088
36.881318454172984,-1.2381853441166377,0.8037999868392944,495.81640625,99.9523880756643
36.88082349395605,-1.250479085720988,0.8037999868392944,85.3375015258789,169.22584838196764
36.879762227905324,-1.2480934666573944,0.8037999868392944,198.2960968017578,98.06727710715398
36.901607363966164,-1.2386134178177686,0.8662999868392944,143.28439331054688,116.50753950949223
36.90531287694157,-1.239050409721006,0.8662999868392944,153.68870544433594,38.64074771014095
36.891908819174915,-1.2467200635329332,0.8662999868392944,104.75890350341797,126.19699795271238
36.889139717420726,-1.2491190598996869,0.7580999732017517,110.56430053710938,141.51747394144644
36.90720799488929,-1.239170805449449,0.7580999732017517,83.66649627685547,38.754174687958454
36.90893812609802,-1.2389478503967772,0.7580999732017517,67.05889892578125,158.3328535701702
36.89071823919365,-1.2460467392738628,0.7580999732017517,99.88140106201172,195.60472354996327
36.88100631709924,-1.2382120987229586,0.7580999732017517,81.65730285644531,128.09617546338268
36.89013409695564,-1.2479641527268448,0.8205999732017517,57.394798278808594,12.617828740154955
36.88511314916946,-1.234225662381178,0.8205999732017517,205.14500427246094,129.8447271262744
36.917495141019586,-1.2455071880463957,0.8205999732017517,98.28119659423828,145.95521136908727
36.90726150410193,-1.2407493272223689,0.8205999732017517,209.76429748535156,173.98060525933425
36.880110037787496,-1.2480577938489672,0.8205999732017517,56.902400970458984,76.96515748246676
36.89261335714135,-1.2521244940097098,0.8205999732017517,64.48370361328125,87.85889368648391
36.89070932099154,-1.2486820679964492,0.8205999732017517,31.48889923095703,91.94081065275098
36.90245013406527,-1.2370081414385279,0.8205999732017517,283.2864074707031,102.16189843640223
36.8808770031687,-1.2498771070787729,0.8830999732017517,69.45860290527344,127.02170183950172
36.88457805704305,-1.2384216764724703,0.8830999732017517,115.7739028930664,174.5079201050764
36.90868841643904,-1.2392822829757857,0.7469000220298767,48.328399658203125,165.36690494231246
36.899079053668856,-1.240798377333957,0.7469000220298767,98.53929901123047,141.49182385531185
36.88360597301341,-1.2470946280214226,0.7469000220298767,57.415199279785156,86.5356142082992
36.87884365308832,-1.2377438931123466,0.7469000220298767,37.30350112915039,198.3343923671933
36.88907283090492,-1.249159191809168,0.7469000220298767,29.111099243164062,141.51746794441164
36.88369515503447,-1.2485572131669527,0.7469000220298767,45.311798095703125,72.11018377895667
36.9144005248885,-1.2398084569000918,0.7469000220298767,89.1666030883789,37.3221297078042
36.891980164791775,-1.2550630416039306,0.7469000220298767,47.92729949951172,95.02433575915697
36.90581229625956,-1.2402409897022761,0.7469000220298767,96.831298828125,79.2962290943267
36.916955589792124,-1.2412219919340344,0.7469000220298767,86.89469909667969,188.36516580768077
36.891391563452714,-1.2530876598372538,0.8094000220298767,77.2238998413086,101.92782670630532
36.918926512457745,-1.2446733361494011,0.8094000220298767,27.11050033569336,13.728178092265082
36.91570704149715,-1.2400760029632987,0.8094000220298767,70.13390350341797,59.46547346370456
36.89766997773597,-1.2425864768563888,0.8719000220298767,87.26080322265625,113.28808408376666
36.90080026667549,-1.2383949218661499,0.8719000220298767,154.102294921875,197.85016125366565
36.88601388758226,-1.2469296412824449,0.7524999976158142,50.56050109863281,106.36661737942396
36.908612611721125,-1.2392867420768388,0.7524999976158142,35.3827018737793,158.33286298405937
36.89993520107111,-1.2406868998076208,0.8149999976158142,131.24819946289062,85.23833158255657
36.88430605187879,-1.2487221999059306,0.8149999976158142,108.9030990600586,91.94081744842607
36.88669613004344,-1.2486865270975027,0.8149999976158142,115.22789764404297,91.94061694600343
36.89004491493458,-1.247888348008936,0.8149999976158142,75.41310119628906,2.702465436427122
36.91762445495014,-1.2387650272535855,0.8774999976158142,277.8175048828125,79.34960728127677
36.87903539443361,-1.2479284799184172,0.8774999976158142,126.07279968261719,168.40762114478576
36.88352125009339,-1.2483297990132272,0.8774999976158142,139.19569396972656,52.27948670974319
36.88288359864274,-1.248155894072143,0.8774999976158142,138.4951934814453,32.44889213568369
36.91807482415653,-1.2392956602789458,0.8774999976158142,55.16939926147461,29.772769982964245
36.89988615095953,-1.2434024923491693,0.9399999976158142,356.02301025390625,132.8746527606075
36.91735244978588,-1.2434158696523294,0.701200008392334,35.32709884643555,155.93554868289567
36.89394662835634,-1.2463811718528715,0.701200008392334,33.96260070800781,106.09726643751593
36.902597284400024,-1.2375566108681018,0.701200008392334,105.95890045166016,137.2983322323128
36.891239954016896,-1.2485349176616856,0.763700008392334,162.9687042236328,72.11016152264287
36.890798503012604,-1.248361012720601,0.763700008392334,43.198001861572266,52.27936928769224
36.89127116772427,-1.2478036250889206,0.763700008392334,47.340599060058594,7.212745091496345
36.9117384415596,-1.2388363728704406,0.763700008392334,31.229999542236328,170.79383465728722
36.891614518505385,-1.2468047864529486,0.763700008392334,243.14280700683594,116.28168220824023
36.88719554936142,-1.2471659736382776,0.826200008392334,93.54509735107422,76.62057299243364
36.90385029179604,-1.2365889859395043,0.826200008392334,227.01719665527344,38.56472006941968
36.880743230137085,-1.2467200635329334,0.826200008392334,362.439697265625,131.78756803041142
36.87934307240631,-1.2484903266511513,0.826200008392334,147.23069763183594,105.10133656145831
36.92144590455294,-1.2401607258833138,0.888700008392334,87.39309692382812,69.37990383882023
36.901901664635695,-1.2388096182641202,0.888700008392334,229.99440002441406,85.26035190413789
36.8848991123189,-1.2348722320339276,0.7067999839782715,42.982601165771484,85.5906602838218
36.89108834458108,-1.2494044423671073,0.7067999839782715,131.69020080566406,171.26376839550863
36.90408662415187,-1.239737111283237,0.7692999839782715,95.83149719238281,19.804001814645115
36.89192219647808,-1.2469742322929795,0.8317999839782715,211.16319274902344,96.4509083737502
36.883882437278714,-1.2345021266464913,0.8317999839782715,239.36849975585938,191.12814617408782
36.880912675977115,-1.2502115396577813,0.8317999839782715,95.58429718017578,155.15780449812382
36.88972831875978,-1.247874970705776,0.8317999839782715,47.4463996887207,2.702429939851308
36.917049230914245,-1.2448829138989135,0.8317999839782715,64.94390106201172,195.85631523211288
36.88645979768761,-1.2349837095602636,0.8942999839782715,178.35679626464844,105.63855582112876
36.889826418982956,-1.2389701459020444,0.7235999703407288,85.96739959716797,56.704830149181014
36.89771010964545,-1.2416366883320047,0.7235999703407288,36.8843994140625,183.65093081203457
36.90275781203795,-1.240958904971881,0.7235999703407288,50.10419845581055,158.61912159822376
36.89670235280737,-1.237458510644926,0.7860999703407288,37.58729934692383,68.06134287950302
36.9057409506427,-1.2408251319402774,0.7860999703407288,85.41549682617188,138.7883985812971
36.892452829503426,-1.2461448394970387,0.7860999703407288,76.80380249023438,185.68907284418975
36.89433011104693,-1.239946689032749,0.7860999703407288,159.389892578125,81.92638496651948
36.891587763899075,-1.2537743613994845,0.8485999703407288,78.59200286865234,38.62176406530144
36.920375720300115,-1.2392109373589302,0.8485999703407288,63.94599914550781,39.68870955833458
36.87880352117883,-1.2484724902469373,0.8485999703407288,116.69999694824219,147.30553737287016
36.89974345972582,-1.2400938393675123,0.8485999703407288,179.93150329589844,148.5539651768764
36.879499140943174,-1.2401741031864744,0.8485999703407288,65.9894027709961,69.38049998654802
36.892118396924424,-1.2407136544139412,0.9110999703407288,346.8515930175781,138.78835550208387
36.89738459526855,-1.2418774797888912,0.9110999703407288,181.22349548339844,190.67179381018786
36.89587296001143,-1.2448383228883793,0.9110999703407288,141.3018035888672,78.03310696105842
36.89639021573363,-1.239206478257877,0.9110999703407288,136.1540069580078,180.5160995796224
36.887213385765634,-1.2473487967814691,0.7124000191688538,18.499500274658203,56.78984652336391
36.91264363907344,-1.2365042630194885,0.7749000191688538,75.21730041503906,82.37243321985531
36.89640805213784,-1.2388096182641204,0.7749000191688538,128.0063934326172,145.3645753126392
36.895034649013375,-1.2466442588150246,0.7749000191688538,32.34870147705078,0.6039944325343073
36.9074844591546,-1.2395810427463663,0.7749000191688538,152.75680541992188,102.06057190873861
36.88223256988894,-1.236419540099473,0.7749000191688538,102.6969985961914,170.17278198964055
36.89460657531226,-1.2390013596094183,0.8374000191688538,334.218994140625,18.668625023239468
36.88675409835714,-1.2477322794720653,0.8374000191688538,112.8822021484375,17.12838284150283
36.88881866214487,-1.2461805123054663,0.8374000191688538,71.7969970703125,185.6895361256653
36.88686111678241,-1.2480711711521273,0.8999000191688538,112.39420318603516,22.533067551335634
36.89168140502119,-1.2492572920323437,0.7179999947547913,73.72339630126953,151.4331427159049
36.890049374035634,-1.2492394556281299,0.7804999947547913,63.16590118408203,151.43291596129654
36.914891026004376,-1.2376457928891704,0.7804999947547913,45.270301818847656,166.92418773588017
36.91178303257012,-1.2364017036952593,0.7804999947547913,55.15489959716797,19.024370692580007
36.89267132545505,-1.2542960762227375,0.7804999947547913,158.83859252929688,95.02488917457173
36.91334371793882,-1.2400670847611917,0.7804999947547913,30.339799880981445,142.5372181790015
36.892127315126544,-1.252209216929725,0.7804999947547913,37.01789855957031,115.99523324623833
36.912385011212336,-1.2368119409921763,0.8429999947547913,130.6916961669922,33.13770389487112
36.87927172678945,-1.2487801682196251,0.8429999947547913,168.68389892578125,83.99924705878541
36.9190647445904,-1.2396211746558474,0.8429999947547913,70.53479766845703,9.888599692571686
36.90851005239689,-1.2388096182641202,0.8429999947547913,52.40449905395508,116.12859205873879
36.88681652577188,-1.2478749707057757,0.9054999947547913,193.59849548339844,2.7023437382618627
36.89172599603172,-1.240446108350735,0.9054999947547913,255.03140258789062,99.12690132793146
36.91639820216044,-1.2382522306324393,0.7347999811172485,85.15570068359375,138.84179470001183
36.91773147337542,-1.2384528901798442,0.7347999811172485,41.40869903564453,119.01104959097383
36.91755756843433,-1.2453065284989908,0.7972999811172485,59.63560104370117,135.97501353480365
36.89095011244843,-1.248441276539563,0.7972999811172485,40.58489990234375,62.19475783250034
36.8843818565967,-1.2484278992364028,0.8597999811172485,143.02879333496094,62.194727343443674
36.89387082363843,-1.2404639447549486,0.8597999811172485,172.77879333496094,99.33831172724501
36.8913737270485,-1.2390593279231132,0.8597999811172485,217.6999053955078,49.6035327876445
36.88506409905787,-1.236740595375321,0.8597999811172485,949.593994140625,83.15166172263861
36.89812926514447,-1.2413334694603706,0.9222999811172485,147.17050170898438,176.63005826283595
36.893393699825715,-1.2400447892559248,0.729200005531311,64.67579650878906,59.4655110213954
36.892800639385605,-1.2540864984732256,0.791700005531311,81.1426010131836,80.95698465180433
36.916117278794076,-1.238715977141998,0.791700005531311,45.26340103149414,89.26497802171
36.87978898251165,-1.240508535765483,0.854200005531311,89.71099853515625,109.04200141214436
36.89714380381165,-1.2367718090826954,0.854200005531311,60.403499603271484,47.008101699223324
36.89408040138795,-1.2470232824045673,0.854200005531311,88.74610137939453,42.781587478984214
36.90048812960175,-1.2390816234283801,0.854200005531311,433.6993103027344,169.69161011519145
36.92107134006445,-1.2387962409609596,0.854200005531311,47.51679992675781,79.35041358315988
36.88638845207075,-1.2492439147291834,0.854200005531311,108.34760284423828,151.4328088624195
36.89705016268954,-1.242287717085808,0.916700005531311,177.3618927001953,183.62082668947087
36.9189889398725,-1.2426801179785114,0.7404000163078308,24.237199783325195,23.708410515615242
36.88935821337235,-1.2551923555344802,0.7404000163078308,75.46410369873047,101.92921717224912
36.889719400557674,-1.2549872368860215,0.7404000163078308,33.321800231933594,87.86100963220663
36.91325899501882,-1.2362233396531215,0.7404000163078308,16.223600387573242,152.72819892872144
36.87901309892834,-1.2482316987900508,0.7404000163078308,88.3563003540039,147.305529627417
36.880667425419176,-1.2403346308243985,0.7404000163078308,70.24310302734375,89.21146926413059
36.881171303838215,-1.2498235978661312,0.8029000163078308,45.682701110839844,148.12380779369727
36.9118231644796,-1.2358710706698992,0.8029000163078308,53.71780014038086,68.24403281491504
36.894677920929105,-1.2533552059004607,0.8654000163078308,284.535400390625,172.40046718734175
36.91245189772814,-1.2392822829757857,0.8654000163078308,48.5536003112793,149.6427180151607
36.91882841223457,-1.2381496713082099,0.8654000163078308,60.97629928588867,148.75708328504126
36.90220934260837,-1.2377349749102398,0.8654000163078308,208.1284942626953,186.54812231896102
36.905018576272056,-1.2405531267760175,0.8654000163078308,165.26849365234375,118.95763931241548
36.89249742051397,-1.246907345777178,0.8654000163078308,132.05520629882812,106.3661490372889
36.917508518322755,-1.2406021768876054,0.7459999918937683,41.23889923095703,118.95763891607743
36.90407324684872,-1.2407537863234228,0.7459999918937683,122.9634017944336,128.87298945264428
36.89008504684406,-1.2475182426215001,0.8084999918937683,42.81420135498047,36.958987686176414
36.88283900763221,-1.2483654718216548,0.8084999918937683,66.80760192871094,52.27961880771443
36.89457982070593,-1.2536539656710415,0.8709999918937683,49.039798736572266,186.46834959668416
36.89512383103445,-1.2406958180097276,0.8709999918937683,198.93280029296875,194.47143891238917
36.919443768179946,-1.2429476640417179,0.8709999918937683,59.077701568603516,73.60951451389401
36.89113293559162,-1.24923945562813,0.7002999782562256,28.065900802612305,151.43305494557106
36.88316898111016,-1.2491101416975798,0.7627999782562256,134.13299560546875,141.5178205318307
36.88701272621823,-1.247018823303514,0.7627999782562256,73.66490173339844,96.45129618680033
36.884158901544026,-1.2492127010218093,0.7627999782562256,193.12759399414062,151.43302280846729
36.90066649364388,-1.2386267951209289,0.8252999782562256,109.34400177001953,183.77462493722106
36.883030748977504,-1.239737111283237,0.8252999782562256,133.5532989501953,146.2512520394933
36.91488656690333,-1.2393536285926403,0.8252999782562256,33.1171989440918,19.857377988044508
36.89039718391779,-1.2469653140908725,0.8252999782562256,93.85430145263672,96.4511369167123
36.89001816032825,-1.2474424379035913,0.8252999782562256,63.29520034790039,46.87436032557531
36.89853058423928,-1.2417124930499137,0.8252999782562256,49.01369857788086,113.32568106722687
36.91887746234615,-1.2385331539988065,0.8252999782562256,86.08709716796875,109.09567268802054
36.87942333622527,-1.2473532558825224,0.8252999782562256,482.0614929199219,196.5437237100024
36.893688000495246,-1.2460957893854507,0.8252999782562256,70.81120300292969,148.30140017988398
36.906775462087104,-1.2406333905949796,0.8252999782562256,132.14649963378906,131.06253894183877
36.88571066871062,-1.234898986640248,0.8877999782562256,90.54350280761719,60.479688149924286
36.888533279677446,-1.2382120987229586,0.8877999782562256,328.1754150390625,21.455582109617858
36.90024287904381,-1.239037032417846,0.8877999782562256,292.9623107910156,183.75593358319148
36.88087254406764,-1.2499484526956277,0.8877999782562256,97.56909942626953,127.02169289404227
36.90388150550343,-1.241079300700324,0.7516000270843506,62.47740173339844,168.53444132913705
36.89239486118974,-1.2521824623234046,0.8141000270843506,93.3292007446289,101.92710262232184
36.88882312124592,-1.2480399574447532,0.8141000270843506,49.815799713134766,22.53309150898536
36.898601929856135,-1.2413780604709048,0.8766000270843506,224.50079345703125,134.43339972556484
36.882896975945904,-1.2485750495711665,0.8766000270843506,58.287601470947266,82.025691187957
36.886763016559236,-1.249350933154466,0.8766000270843506,110.6729965209961,161.3481577053772
36.904242692688754,-1.2366558724553056,0.8766000270843506,215.31930541992188,66.72359323330025
36.89404026947845,-1.2461359212949317,0.8766000270843506,208.3166961669922,113.13697747992245
36.9027711893411,-1.2414315696835465,0.8766000270843506,79.04640197753906,196.0779531278152
36.892301220067615,-1.2533239921930865,0.7572000026702881,40.108699798583984,17.519227842136576
36.88679423026662,-1.2475271608236065,0.7572000026702881,181.90960693359375,36.95910938434168
36.89392879195213,-1.245565156360091,0.8197000026702881,119.74130249023438,169.42053383619742
36.89493208968914,-1.2474023059941106,0.8197000026702881,147.17730712890625,55.683332246126426
36.89690301235477,-1.2429030730311834,0.8822000026702881,92.48359680175781,148.43750769959843
36.88672288464976,-1.2461805123054663,0.8822000026702881,96.7146987915039,185.68955413764027
36.87893729421044,-1.2410079550834692,0.8822000026702881,127.73249816894531,168.5340319619379
36.89128454502743,-1.2549337276733805,0.8822000026702881,202.43670654296875,31.71789514677174
36.89438362025958,-1.239019196013632,0.7114999890327454,58.48469924926758,4.5929742660944815
36.913517622879915,-1.2403613854307194,0.7114999890327454,42.082298278808594,149.55249677701195
36.88596483747067,-1.2473532558825224,0.7739999890327454,54.14720153808594,56.78979542604054
36.89564108675665,-1.2383012807440272,0.7739999890327454,58.33000183105469,46.88009591951237
36.91768688236488,-1.2412264510350879,0.7739999890327454,65.09980010986328,125.99499131487704
36.892876444103514,-1.2411863191256067,0.8364999890327454,104.72679901123047,178.44982968220674
36.883717450539734,-1.2492528329312904,0.8989999890327454,144.5220947265625,151.43309098408577
36.89327776319832,-1.253832329713179,0.8989999890327454,151.4241943359375,95.02533464618719
36.92059421625174,-1.2403925991380935,0.7059000134468079,151.75360107421875,99.12626709101835
36.88541190894004,-1.2353984059582337,0.7059000134468079,23.468900680541992,1.1817896803694996
36.9142177017453,-1.24064676789814,0.7059000134468079,72.95050048828125,126.33418331049396
36.89377272341525,-1.2453199058021511,0.7684000134468079,165.1790008544922,197.55662691212953
36.87995396925063,-1.2479730709289516,0.7684000134468079,27.694499969482422,98.06726020644999
36.914061633208426,-1.2394561879168697,0.8309000134468079,99.41619873046875,37.02246155700288
36.89067810728417,-1.2495114607923903,0.8309000134468079,50.364498138427734,181.17908146626283
36.892167447036016,-1.247687688461531,0.8309000134468079,95.69770050048828,17.127951938253958
36.895881878213544,-1.245346660408472,0.8309000134468079,105.76789855957031,35.817625555577024
36.89209610141916,-1.2462429397202144,0.8309000134468079,179.80520629882812,175.7737804147893
36.91776714618385,-1.2378330751334155,0.8934000134468079,55.22629928588867,188.4185857034742
36.89018760616829,-1.2481335985668756,0.8934000134468079,74.05020141601562,32.448565095603435
36.91583635542771,-1.241159564519286,0.7226999998092651,40.63079833984375,178.44981708695136
36.89350071825099,-1.2531991373635902,0.7226999998092651,9.469599723815918,66.88962108427093
36.91300928535982,-1.237017059640635,0.7226999998092651,39.2510986328125,68.34193030431064
36.903355331579114,-1.2407091953128884,0.7851999998092651,61.7765007019043,128.87300372646587
36.917869705508075,-1.2423635218037166,0.7851999998092651,68.53929901123047,106.0344898188778
36.88628143364547,-1.2487444954111975,0.8476999998092651,155.78770446777344,91.9406377336965
36.91235379750496,-1.2369323367206195,0.8476999998092651,72.62940216064453,26.107398398485483
36.906895857815556,-1.239848588809573,0.8476999998092651,201.13510131835938,73.92446187055951
36.89981926444373,-1.2416143928267376,0.9101999998092651,179.11740112304688,21.91145888011938
36.9039127192108,-1.2402766625107038,0.9101999998092651,165.40980529785156,79.29617830346061
36.89820061076133,-1.2363615717857783,0.9101999998092651,207.50900268554688,96.30313856984351
36.89230567916867,-1.2543585036374858,0.7282999753952026,45.73830032348633,66.88864788727895
36.90447902504458,-1.2406958180097276,0.7282999753952026,47.46979904174805,128.87299038520734
36.91234487930286,-1.2398307524053591,0.7282999753952026,37.82699966430664,198.8623808737105
36.91395015568211,-1.2368030227900697,0.7282999753952026,88.22489929199219,166.84900899859824
36.91425783365479,-1.2378330751334155,0.7282999753952026,20.7096004486084,103.59877585799478
36.89103037626739,-1.2551522236249992,0.7907999753952026,116.20020294189453,31.71777122267055
36.918926512457745,-1.244040143799812,0.7907999753952026,71.4052963256836,13.728181321497432
36.89185085086122,-1.2466353406129176,0.7907999753952026,90.25240325927734,136.1123611273052
36.887859955418385,-1.2482049441837306,0.7907999753952026,127.63079833984375,42.363785705352925
36.894936548790206,-1.2408608047487053,0.8532999753952026,104.52770233154297,195.0617122080563
36.884132146937716,-1.2483431763163872,0.8532999753952026,218.55909729003906,52.27940185261516
36.91320548580618,-1.2383503308556154,0.8532999753952026,36.40290069580078,23.037019075347786
36.918868544144054,-1.2400447892559248,0.8532999753952026,144.85789489746094,3.7479695949413507
36.87950360004423,-1.2401072166706728,0.7171000242233276,73.55069732666016,59.46513748316786
36.88517557658421,-1.2380025209734464,0.7796000242233276,201.3345947265625,181.58341939640076
36.88545204084953,-1.248146975870036,0.7796000242233276,326.32940673828125,32.44851634924532
36.91729894057325,-1.245850538827511,0.7796000242233276,29.3523006439209,165.9766204349776
36.89279618028455,-1.2546483452059598,0.7796000242233276,47.97650146484375,123.16091560761807
36.88023043351594,-1.239830752405359,0.7796000242233276,99.7739028930664,29.719193607198495
36.894067024084784,-1.2452663965895097,0.8421000242233276,196.88470458984375,183.4961609428116
36.89153425468643,-1.2477367385731188,0.8421000242233276,42.56549835205078,17.128064999324064
36.88695921700559,-1.248289667103746,0.8421000242233276,135.54209899902344,42.363791739776495
36.91280416671136,-1.2397326521821836,0.8421000242233276,70.78970336914062,156.64293969376953
36.90537084525526,-1.2402722034096503,0.8421000242233276,104.26349639892578,79.29620355216144
36.889612382132384,-1.2494222787713214,0.8421000242233276,153.79400634765625,171.2635916409928
36.904189183476106,-1.2397103566769163,0.8421000242233276,36.86750030517578,19.80400154340666
36.89130238143165,-1.240749327222369,0.8421000242233276,176.5791015625,138.78835599001332
36.9041133787582,-1.236236716956282,0.9046000242233276,70.27459716796875,87.79945092615691
36.88372190964079,-1.2491190598996869,0.7394999861717224,54.77130126953125,141.51772755110918
36.878598402530386,-1.2395230744326715,0.7394999861717224,16.431900024414062,0.02718655788428477
36.886410747576015,-1.2468850502719104,0.8019999861717224,214.6446990966797,106.36663739444118
36.89132021783586,-1.2406423087970864,0.8019999861717224,92.08779907226562,118.95762930222207
36.89276942567823,-1.25504966430077,0.8019999861717224,45.41210174560547,158.33085824779167
36.91760215944487,-1.2430413051638403,0.8019999861717224,80.40699768066406,135.97512773811286
36.89255538882767,-1.239438351512656,0.8644999861717224,193.8643035888672,9.942072829414089
36.89605578315463,-1.2451549190631739,0.7339000105857849,158.28680419921875,35.82518478853497
36.892319056471834,-1.2396033382516334,0.7339000105857849,296.6453857421875,9.888644639439093
36.90726596320298,-1.240187480489635,0.7339000105857849,157.08689880371094,123.16275404172713
36.884529006931466,-1.2350550551771189,0.7964000105857849,109.61699676513672,99.68142797822262
36.91607714688459,-1.2409812004771483,0.7964000105857849,79.3041000366211,158.61908620980006
36.90104997633448,-1.242528508542694,0.7964000105857849,70.49040222167969,153.9336125955794
36.91242514312182,-1.23668708616268,0.7964000105857849,63.872798919677734,54.236150436823515
36.889884387296654,-1.2479819891310584,0.7964000105857849,121.62529754638672,12.617810314876197
36.90032314286277,-1.2392109373589302,0.7964000105857849,214.06570434570312,169.68787064387232
36.888725021022765,-1.2468181637561089,0.7964000105857849,72.13459777832031,116.28199867566583
36.89204259220652,-1.250189244152514,0.7964000105857849,110.65180206298828,193.12782878277125
36.89768335503913,-1.2456721747853736,0.8589000105857849,73.77130126953125,132.9649514760248
36.89585512360721,-1.239777243192718,0.8589000105857849,165.2194061279297,180.47096361903408
36.89227000636024,-1.2504835448220417,0.8589000105857849,138.08949279785156,173.16741659264534
36.918957726165125,-1.2386267951209289,0.8589000105857849,127.48660278320312,99.18031034051603
36.89778591436336,-1.2424660811279458,0.9214000105857849,167.15179443359375,113.29184701233179
36.90661493444918,-1.2382566897334928,0.7506999969482422,192.75540161132812,73.79055817110698
36.915787305316115,-1.2380337346808203,0.7506999969482422,41.6869010925293,168.58786526368604
36.90685572590606,-1.2405174539675898,0.7506999969482422,25.791200637817383,126.94242649628691
36.88934037696813,-1.2540909575742794,0.7506999969482422,55.59920120239258,186.33718798573872
36.90322601764856,-1.2373024421080554,0.7506999969482422,213.36289978027344,66.94256757727612
36.89215852883391,-1.2493330967502523,0.7506999969482422,106.2345962524414,161.3485886083542
36.87913795375785,-1.24791956171631,0.8131999969482422,54.943199157714844,168.4076163867926
36.90248580687369,-1.2407136544139417,0.8131999969482422,55.96900177001953,118.69430152494398
36.89061122076836,-1.2490521733838853,0.8131999969482422,103.93280029296875,131.6022525039937
36.889790746174526,-1.2494936243881767,0.8756999969482422,104.19010162353516,181.1789791854637
36.893251008592,-1.2460244437685952,0.8187999725341797,183.464599609375,190.49794568588476
36.89784834177811,-1.2364596720089545,0.8187999725341797,174.64590454101562,75.18207356116469
36.89175275063805,-1.246220644214947,0.8187999725341797,107.16680145263672,185.68919301349695
36.914057174107384,-1.2411461872161258,0.8187999725341797,223.48779296875,189.07745297926746
36.908238047232636,-1.23747634704914,0.8187999725341797,52.124298095703125,10.484232437123765
36.89474926654595,-1.238617876918822,0.8812999725341797,218.03939819335938,2.41478647671934
36.907034089948205,-1.2400001982453903,0.7451000213623047,68.80180358886719,87.99254755660802
36.91338384984831,-1.2406155541907657,0.7451000213623047,75.93190002441406,184.71906816682846
36.87974439150111,-1.2406021768876054,0.7451000213623047,57.900699615478516,118.95736396132317
36.89459319800909,-1.238675845232517,0.8076000213623047,77.89910125732422,9.452613153668445
36.8927828029814,-1.2521244940097096,0.8076000213623047,40.67290115356445,73.79076017722355
36.91481968038752,-1.2403301717233453,0.8701000213623047,107.61139678955078,89.21160924646126
36.883659482226044,-1.2469965277982467,0.8701000213623047,107.31829833984375,96.45097741974483
36.886705048245545,-1.2485661313690595,0.8701000213623047,117.70220184326172,72.10989020009043
36.897282035944315,-1.2447937318778446,0.9326000213623047,340.75738525390625,27.448940059244826
36.89367016409103,-1.2469028866761245,0.761900007724762,113.14299774169922,84.97812602629662
36.90421593808242,-1.2409276912645069,0.824400007724762,136.72439575195312,158.61907691170708
36.90001546489008,-1.2394695652200303,0.824400007724762,294.60791015625,162.6407458724435
36.8840563422198,-1.2381496713082099,0.824400007724762,105.45649719238281,111.19000911829798
36.8979063100918,-1.23747634704914,0.824400007724762,178.99850463867188,159.55322227541308
36.891868687265436,-1.246367794549711,0.824400007724762,84.73210144042969,165.8584505957173
36.90131752239769,-1.2427113316858853,0.824400007724762,30.644699096679688,182.0659760240569
36.89185530996228,-1.2545948359933186,0.824400007724762,71.17259979248047,52.82032436085681
36.91855640707031,-1.2384082991693102,0.7049999833106995,81.71119689941406,128.9263633318232
36.89914594018466,-1.237017059640635,0.7049999833106995,86.01139831542969,182.53478444619935
36.90352031831809,-1.2401696440854213,0.7674999833106995,39.200199127197266,69.38082292780628
36.88573742331695,-1.2485259994595788,0.7674999833106995,58.352298736572266,72.1099402375964
36.897968737506545,-1.2364239992005264,0.7674999833106995,50.54180145263672,82.22745513721088
36.89754512290647,-1.2458059478169767,0.7674999833106995,38.40380096435547,132.9724950458331
36.89777699616125,-1.2377126794049726,0.8299999833106995,101.0083999633789,173.60628694304728
36.90089836689867,-1.239277823874732,0.8299999833106995,47.19070053100586,120.45899743731886
36.899819264443735,-1.2403524672286126,0.8299999833106995,113.84709930419922,120.41409913048133
36.884702911872544,-1.2364998039184352,0.8299999833106995,51.6083984375,26.879096884215254
36.884515629628304,-1.2360895666215184,0.8924999833106995,778.95068359375,8.287489866026315
36.884132146937716,-1.2474424379035913,0.8924999833106995,262.6200866699219,46.87423113826289
36.91620200171409,-1.2406824407065675,0.8924999833106995,118.87870025634766,128.87299414676124
36.88188476000677,-1.2454848925411286,0.9549999833106995,6497.0441,165.85813378917186
36.91847614325135,-1.2411774009234995,0.7161999940872192,31.695899963378906,36.172943795841704
36.88596483747067,-1.2478170023920807,0.7161999940872192,127.28209686279297,7.212979092002452
36.89744256358224,-1.2455294835516633,0.7161999940872192,155.84559631347656,104.83263048131217
36.89134251334113,-1.2479061844131494,0.7786999940872192,247.45010375976562,2.7026323236049814
36.88181787349097,-1.249859270674559,0.7786999940872192,66.67539978027344,197.36206343105383
36.89546272271451,-1.2402677443085968,0.8411999940872192,139.78529357910156,187.47119457218136
36.89386190543632,-1.2407002771107813,0.8411999940872192,138.8834991455078,129.0356938176418
36.90368530505707,-1.2373648695228037,0.8411999940872192,100.39730072021484,38.78369389580356
36.88373528694395,-1.246158216800199,0.9036999940872192,925.3853149414062,165.85853429231082
36.88645979768761,-1.2477456567752254,0.9036999940872192,121.75810241699219,7.2130091144911965
36.913597886698874,-1.2388809638809755,0.7731000185012817,149.47320556640625,30.02973016004994
36.89351855465521,-1.2407537863234226,0.7731000185012817,185.98699951171875,138.78842465666722
36.903373167983325,-1.2405932586854986,0.7731000185012817,27.56570053100586,118.95764116806126
36.892929953316155,-1.2413423876624774,0.8356000185012817,45.40340042114258,198.28055940860568
36.891556550191694,-1.2402766625107038,0.8356000185012817,108.60269927978516,79.29617704537502
36.89758525481595,-1.2377617295165602,0.8356000185012817,182.33929443359375,152.492775574787
36.90579445985534,-1.24077608182869,0.8356000185012817,105.50330352783203,138.78840436216402
36.90834506565792,-1.2391752645505028,0.8356000185012817,43.440799713134766,130.1966922165702
36.91211746514913,-1.2394428106137094,0.727400004863739,128.87950134277344,191.85464437267171
36.914663611850656,-1.2392020191568236,0.727400004863739,45.5192985534668,33.33323506919048
36.903261690456986,-1.2413423876624776,0.789900004863739,64.92430114746094,198.28054518951038
36.90641427490178,-1.2396568474642746,0.789900004863739,98.9197998046875,17.652132627466955
36.90072446195758,-1.2369635504279934,0.789900004863739,137.14700317382812,172.61941417730912
36.89307710365091,-1.2461492985980922,0.789900004863739,387.4184875488281,185.68893608904563
36.89831208828766,-1.2358621524677924,0.789900004863739,57.0166015625,53.63512027014412
36.87329653137783,-1.2412532056414087,0.789900004863739,199.6748046875,198.27986818347813
36.89124441311795,-1.2406556861002465,0.852400004863739,85.3511962890625,118.95763086402997
36.89494992609337,-1.2470455779098346,0.852400004863739,104.88099670410156,20.5075421418806
36.88173315057095,-1.2375833654744224,0.852400004863739,140.6103057861328,121.00574126191445
36.89099470345896,-1.2479730709289514,0.852400004863739,60.229801177978516,12.617941175581906
36.91724097225955,-1.239090541630487,0.852400004863739,52.18109893798828,49.603530291738196
36.89890960782882,-1.2408608047487053,0.914900004863739,154.07859802246094,148.52022598031292
36.88262497078165,-1.2479641527268448,0.914900004863739,240.19619750976562,12.618201909999886
36.9088444849759,-1.239438351512656,0.7329999804496765,41.06480026245117,193.50307941777098
36.88954103651554,-1.2479240208173634,0.7329999804496765,73.33319854736328,2.7024142224617713
36.90302981720221,-1.2408162137381709,0.7329999804496765,35.29410171508789,138.78838150039869
36.91799456033757,-1.2397058975758628,0.7329999804496765,56.33430099487305,19.8040371505841
36.92124524500554,-1.2380114391755532,0.7954999804496765,66.42839813232422,168.58873480122443
36.892372565684475,-1.2475137835204462,0.7954999804496765,112.87570190429688,36.95864313152495
36.89257322523188,-1.2523786627697557,0.7954999804496765,31.34040069580078,66.75692724341239
36.9122824518881,-1.2393670058958008,0.7954999804496765,61.659400939941406,170.74868118525646
36.908215751727376,-1.239616715554794,0.8579999804496765,83.13860321044922,158.33288383739756
36.91800793764074,-1.2407136544139412,0.8579999804496765,39.84560012817383,86.07409807298691
36.894013514872135,-1.2406200132918193,0.9204999804496765,101.7531967163086,121.85987637830094
36.89411161509532,-1.2386312542219824,0.7218000292778015,22.270200729370117,44.641742968354514
36.89160560030328,-1.2492349965270766,0.7218000292778015,31.984899520874023,151.43312724131962
36.89104375357055,-1.253109955342521,0.7843000292778015,41.10390090942383,130.06406781917946
36.903413299892804,-1.2364730493121143,0.7843000292778015,197.1215057373047,10.405838602008652
36.888363833837424,-1.2493999832660543,0.7843000292778015,24.43239974975586,171.26352248035911
36.89237702478553,-1.2521334122118164,0.7843000292778015,74.94750213623047,101.92702623228689
36.89915931748782,-1.241819511475196,0.8468000292778015,53.51890182495117,57.06471978833758
36.902146915193626,-1.2366068223437174,0.8468000292778015,156.43479919433594,95.15421546796125
36.90545110907423,-1.2399779027401232,0.8468000292778015,24.247699737548828,49.550120478025256
36.89963198219949,-1.2410436278918964,0.8468000292778015,184.78280639648438,78.1911860464599
36.88305304448277,-1.2487757091185718,0.8468000292778015,107.6448974609375,101.85638357386884
36.89269362096032,-1.2522761034455268,0.8468000292778015,33.41379928588867,66.75684990675147
36.89508369912497,-1.2381273758029432,0.8468000292778015,160.73190307617188,9.407498114424676
36.900104646911146,-1.2367718090826954,0.8468000292778015,220.77029418945312,152.78868144029906
36.917566486636446,-1.244998850526303,0.8468000292778015,45.70920181274414,135.97502725014817
36.90373435516865,-1.2397326521821836,0.8468000292778015,27.680200576782227,19.80400626173128
36.884181197049294,-1.2462340215181076,0.9093000292778015,1300.4477,155.94325194074554
36.88137196338562,-1.2498325160682384,0.9093000292778015,107.41100311279297,162.19187963059204
36.91523437678549,-1.2406601452013004,0.7386000156402588,83.70320129394531,118.95767206208433
36.90058177072386,-1.2392912011778923,0.8011000156402588,199.1092071533203,141.55174544115943
36.89439699756273,-1.2451950509726546,0.8011000156402588,117.41259765625,162.40356162054474
36.8935676047668,-1.238457349280898,0.8011000156402588,23.818700790405273,100.92931511082
36.90162520037038,-1.2381541304092638,0.8011000156402588,179.60659790039062,160.8289447928824
36.883213572120695,-1.2397371112832367,0.8011000156402588,196.77450561523438,160.3269048135972
36.90545556817528,-1.2362233396531215,0.8636000156402588,213.41549682617188,193.36697435804797
36.88390473278399,-1.2356124428087993,0.8636000156402588,117.3197021484375,106.7644917779551
36.894120533297425,-1.2397460294853437,0.8636000156402588,192.2445068359375,32.684163580006654
36.90109010824396,-1.2404015173402003,0.8636000156402588,207.21189880371094,14.927978146121916
36.898245201771864,-1.2423456853995025,0.8636000156402588,77.10710144042969,85.17078162711734
36.91733461338166,-1.2460066073643818,0.7441999912261963,77.99539947509766,167.69004997854356
36.89141831805904,-1.2557720386714284,0.7441999912261963,156.39120483398438,109.09193544592097
36.90495168975624,-1.241337928561424,0.7441999912261963,205.34219360351562,198.2805372817592
36.88929578595759,-1.2386580088283028,0.7441999912261963,54.89680099487305,42.59913008395347
36.89156992749486,-1.2493108012449852,0.7441999912261963,47.625301361083984,161.34849068349138
36.89423646992481,-1.2476029655415153,0.8066999912261963,92.16799926757812,13.501962998054827
36.90425606999191,-1.2359022843772733,0.8066999912261963,191.67950439453125,115.92820504986466
36.89181071895174,-1.2388720456788684,0.8066999912261963,192.66900634765625,69.43426033082382
36.91942593177573,-1.2409009366581862,0.8066999912261963,66.34320068359375,73.60957128900188
36.91940363627045,-1.2392644465715716,0.8066999912261963,74.74639892578125,29.772962115078517
36.883588136609184,-1.248650854289075,0.8066999912261963,89.99359893798828,82.02556179787496
36.88445320221356,-1.237998061872393,0.8066999912261963,100.28040313720703,125.28073635751768
36.88352570919444,-1.2477233612699585,0.8066999912261963,275.6181945800781,17.12804115324708
36.91924756773359,-1.239251069268411,0.8691999912261963,129.96820068359375,29.772925094825755
36.913441818162006,-1.2373069012091085,0.8691999912261963,38.3927001953125,82.44016772823514
36.89265794815189,-1.250889323017905,0.9316999912261963,258.5867004394531,123.2664305043478
36.91508722645073,-1.2379133389523775,0.7554000020027161,67.19349670410156,159.90890226963992
36.89767889593807,-1.236646954253199,0.7554000020027161,185.7364959716797,75.16699527302161
36.9202909973801,-1.241788297767822,0.8179000020027161,176.8874053955078,163.43157727911856
36.91519424487602,-1.2407181135149947,0.8179000020027161,56.5984992980957,128.87303462049206
36.90258836619791,-1.239625633756901,0.8804000020027161,55.034698486328125,9.888695410406646
36.896849503142136,-1.242599854159549,0.8804000020027161,118.87429809570312,176.57738269923348
36.89095011244842,-1.246519403985528,0.8804000020027161,274.5141906738281,146.0278833434338
36.90141562262086,-1.2379222571544841,0.7609999775886536,51.61629867553711,196.06014903336975
36.88240647483002,-1.2472908284677744,0.7609999775886536,169.68299865722656,56.78928386942382
36.9068334304008,-1.2367941045879627,0.7609999775886536,211.31109619140625,165.23323902760941
36.891074967277916,-1.2529182139972228,0.7609999775886536,76.40390014648438,144.13205365552545
36.8840652604219,-1.2468449183624295,0.8234999775886536,273.25640869140625,106.36641049005534
36.89210947872232,-1.2534176333152087,0.8234999775886536,88.62779998779297,24.553362668984697
36.89328668140043,-1.2409410685676672,0.8859999775886536,75.51229858398438,158.6191302964347
36.907876860047296,-1.2393402512894802,0.8859999775886536,72.4884033203125,109.09458340778392
36.91425337455374,-1.2394338924116026,0.8859999775886536,90.63839721679688,22.946814292229067
36.899279713216266,-1.2399556072348557,0.7498000264167786,210.41160583496094,190.75065376678182
36.895137208337616,-1.2403301717233453,0.7498000264167786,59.31399917602539,166.35020590107845
36.90473765290568,-1.2358398569625249,0.7498000264167786,55.49789810180664,165.18553090118294
36.883659482226044,-1.238015898276607,0.8123000264167786,135.92100524902344,68.97806854832288
36.882393097526865,-1.2359067434783266,0.8123000264167786,98.02539825439453,198.28649197997333
36.90849221599268,-1.2390860825294339,0.8123000264167786,8.193300247192383,137.23072956340835
36.89334910881517,-1.2406021768876054,0.8748000264167786,169.0876007080078,118.95768000777967
36.91840033853344,-1.239607797352687,0.8748000264167786,68.33660125732422,9.888696960327874
36.899520504673156,-1.2363838672910457,0.8748000264167786,87.47119903564453,113.12723874344786
36.90360504123811,-1.2364329174026334,0.9373000264167786,204.18699645996094,24.481513881017232
36.90416688797084,-1.2408741820518656,0.7666000127792358,124.26190185546875,148.70371459698245
36.89701894898216,-1.2456677156843199,0.7666000127792358,26.113300323486328,76.70785853999779
36.907966042068374,-1.2388408319714943,0.7666000127792358,57.53300094604492,73.92433968995671
36.893251008592,-1.2531634645551624,0.7666000127792358,92.33889770507812,45.787423960615534
36.920826089506505,-1.2386624679293563,0.7666000127792358,49.71369934082031,99.18104540117663
36.89248850231186,-1.25413108948376,0.7666000127792358,88.05259704589844,59.85480045696404
36.90115253565871,-1.2417838386667686,0.7666000127792358,40.35390090942383,97.64267233009727
36.884069719522955,-1.237788484122881,0.8291000127792358,263.6600036621094,83.06879200584837
36.89363003218155,-1.2459308026464733,0.8291000127792358,58.45119857788086,162.3732388068246
36.90506316728257,-1.2408251319402774,0.8291000127792358,133.6387939453125,148.70373010620054
36.89342045443203,-1.2538100342079121,0.8291000127792358,151.92770385742188,109.09346248899507
36.886780852963454,-1.2341498576632695,0.8291000127792358,112.30169677734375,197.05511899844075
36.89274267107191,-1.239139591742075,0.8291000127792358,193.4221954345703,39.688153464988346
36.88199623753311,-1.247620801945729,0.8291000127792358,142.02659606933594,27.043113154373682
36.88138979978983,-1.2499529117966814,0.8916000127792358,90.40290069580078,169.22590410020683
36.871655582190165,-1.2382923625419204,0.8916000127792358,200.0615997314453,138.84226980495714
36.88332950874808,-1.2473443376804156,0.7096999883651733,76.64240264892578,56.78947853588981
36.89381285532475,-1.2409901186792553,0.7721999883651733,57.91469955444336,158.75131453957815
36.884738584680974,-1.2483565536195478,0.7721999883651733,323.12310791015625,52.27931825372201
36.91435147477691,-1.2370126005395814,0.7721999883651733,20.282899856567383,173.90939976262646
36.90071108465442,-1.2370661097522229,0.8346999883651733,125.41349792480469,192.4501385520792
36.882789957520615,-1.2487534136133047,0.8346999883651733,88.6250991821289,101.85643564920937
36.89224771085498,-1.2515715654790818,0.8346999883651733,112.42250061035156,158.19909623194545
36.8917661279412,-1.2521111167065493,0.8346999883651733,81.35150146484375,151.16548254987853
36.88346328177969,-1.2492572920323437,0.8346999883651733,298.3909912109375,151.43313595123874
36.89536462249134,-1.2389255548915097,0.8346999883651733,196.00999450683594,67.94092991085381
36.890258951785135,-1.240878641152919,0.8971999883651733,202.2384033203125,148.70375793771365
36.90553137289319,-1.237685924798652,0.8971999883651733,135.9906005859375,80.88954674490819
36.899582932087895,-1.2395765836453128,0.8971999883651733,182.10609436035156,197.80154208857476
36.885492172759,-1.2475762109351949,0.8971999883651733,364.0555114746094,27.04367132619045
36.89045069313044,-1.2463410399433903,0.7153000235557556,36.59749984741211,165.8586684028694
36.90371205966339,-1.2378910434471102,0.7153000235557556,274.0559997558594,73.92768795734546
36.91367369141678,-1.237030436943795,0.7153000235557556,39.99169921875,124.64458734812271
36.8911730675011,-1.2544030946480202,0.7153000235557556,83.47840118408203,24.554109630134498
36.91732569517955,-1.2444771357030497,0.7778000235557556,42.15959930419922,165.91570140763366
36.890999162560014,-1.2549961550881286,0.7778000235557556,19.002300262451172,10.615730408992667
36.89174829153699,-1.253475601628904,0.7778000235557556,57.55339813232422,45.65561760077226
36.91863667088927,-1.2448472410904856,0.8403000235557556,33.092899322509766,16.212465543070792
36.89164127311171,-1.2535424881447053,0.7208999991416931,50.708099365234375,52.68974713755189
36.916674666425756,-1.2387427317483182,0.7208999991416931,32.85350036621094,89.26498496806742
36.88065850721706,-1.239737111283237,0.7208999991416931,60.222801208496094,19.803931804843376
36.8916234367075,-1.25202193468548,0.7833999991416931,65.09339904785156,172.26760217445974
36.894923171487044,-1.2407002771107813,0.7833999991416931,108.19380187988281,180.40100260494634
36.90733730881985,-1.239268905672625,0.7833999991416931,39.216800689697266,59.85630059794184
36.886553438809734,-1.2481425167689826,0.9083999991416931,135.52529907226562,32.448440299736745
36.884537925133564,-1.2382923625419204,0.7264999747276306,96.85260009765625,153.40948024075792
36.89188652366965,-1.2544075537490735,0.7889999747276306,81.34329986572266,31.718351708279332
36.91766458685962,-1.2449230458083944,0.7889999747276306,10.959500312805176,125.99481791942013
36.88636615656548,-1.2477501158762794,0.7889999747276306,113.66729736328125,17.128368242239322
36.889309163260755,-1.2549426458754873,0.7889999747276306,108.45050048828125,123.03126245760227
36.893750427909985,-1.2513753650327306,0.7889999747276306,41.03950119018555,3.504133478545761
36.91971131424316,-1.2426756588774577,0.8514999747276306,179.31919860839844,93.56996648756099
36.89668897550421,-1.2387115180409443,0.8514999747276306,77.59539794921875,166.48559672579466
36.91792767382177,-1.2419755800120666,0.8514999747276306,167.62030029296875,96.05428264264194
36.88491694872311,-1.2380337346808208,0.8514999747276306,97.22380065917969,160.46991147287326
36.90425606999191,-1.235550015394051,0.8514999747276306,107.46690368652344,151.08726634180903
36.87612360144571,-1.2407314908181553,0.9139999747276306,772.5416259765625,138.78764962900982
36.8984815341277,-1.23668708616268,0.9139999747276306,147.54209899902344,138.5075633149136
36.89264011174769,-1.2401250530748866,0.9139999747276306,346.4142150878906,69.3808300862343
36.91794996932704,-1.2386535497272497,0.7321000099182129,134.32220458984375,99.18031646118081
36.87569552774459,-1.237837534234469,0.7321000099182129,46.10309982299805,188.41932287404032
36.88518449478632,-1.233860016094795,0.7946000099182129,236.5540008544922,168.33140607206093
36.90849667509374,-1.2393893014010682,0.7946000099182129,25.212600708007812,158.3328671245935
36.9192564859357,-1.2414806197951345,0.8571000099182129,65.1852035522461,53.64910075327235
36.91397245118736,-1.2389790641041512,0.8571000099182129,37.32820129394531,8.908736047589425
36.89879813030249,-1.2355009652824633,0.9196000099182129,78.32080078125,13.97364455857297
36.9162198381183,-1.237690383899705,0.7376999855041504,114.3823013305664,198.333965440372
36.89090106233684,-1.249538215398711,0.7376999855041504,52.0281982421875,181.17910598424905
36.92189627375934,-1.2388007000620131,0.7376999855041504,33.91740036010742,79.3506741402781
36.883779877954474,-1.2487890864217321,0.7376999855041504,11.93340015411377,101.8562595995405
36.9144005248885,-1.2406378496960329,0.7376999855041504,47.75749969482422,121.08110367625271
36.890290165492516,-1.2488738093417477,0.8001999855041504,138.0196075439453,111.77148206402622
36.883253704030174,-1.2362099623499612,0.8001999855041504,27.429899215698242,106.81721769168496
36.917218676754274,-1.2418819388899442,0.8001999855041504,32.26089859008789,175.89608822103733
36.904247151789804,-1.235786347749884,0.8001999855041504,358.448486328125,122.95851089059752
36.89799549211287,-1.2355544744951046,0.8001999855041504,66.74749755859375,18.95475147971633
36.92099553534654,-1.2391172962368078,0.8001999855041504,43.18939971923828,49.604295798759495
36.90266417091583,-1.2377438931123463,0.8626999855041504,204.1300048828125,144.32109909695578
36.88683882127715,-1.2472417783561862,0.8626999855041504,93.94640350341797,66.70520193298812
36.89482507126387,-1.2387962409609596,0.8626999855041504,205.9947967529297,18.683658573299645
36.909094194634896,-1.2369546322258869,0.8626999855041504,74.43379974365234,17.651970961878526
36.90204881497045,-1.236749513577428,0.8626999855041504,55.479801177978516,116.25265707224459
36.89695206246636,-1.23760566097969,0.9251999855041504,192.03329467773438,96.1976206931622
36.90641873400283,-1.2413200921572103,0.7544999718666077,63.74169921875,198.85416654529678
36.89212285602548,-1.2506128587525913,0.7544999718666077,42.62009811401367,183.14760346376525
36.89231459737078,-1.253667342974202,0.7544999718666077,49.200199127197266,10.616730629575699
36.91293348064191,-1.2364017036952595,0.7544999718666077,38.003299713134766,110.51624535795403
36.92142360904767,-1.2383860036640428,0.7544999718666077,23.109699249267578,128.92734448619908
36.89173045513279,-1.2410124141845225,0.8169999718666077,156.30389404296875,158.61907682520226
36.917869705508075,-1.2450835734463184,0.8169999718666077,83.95480346679688,106.03438298514185
36.89016085156197,-1.2394695652200303,0.8169999718666077,243.32339477539062,9.94203066039775
36.901500345540875,-1.2382031805208515,0.8794999718666077,82.35060119628906,164.8811838272806
36.911939101106995,-1.2375432335649417,0.8794999718666077,121.4761962890625,58.293909918469495
36.89977913253425,-1.239416056007389,0.8794999718666077,187.31680297851562,197.80528632360114
36.8899468147114,-1.2536316701657741,0.7433000206947327,70.84700012207031,172.26879316501632
36.91362910040625,-1.2390816234283801,0.8058000206947327,36.10770034790039,44.09034804410189
36.892501879615025,-1.252757686359299,0.8058000206947327,40.98630142211914,45.655036619917176
36.89316182657093,-1.2465550767939553,0.8058000206947327,243.09579467773438,136.11209946410344
36.89404918768057,-1.246568454097116,0.8058000206947327,103.49459838867188,84.9933039064702
36.89855287974455,-1.2371865054806659,0.8058000206947327,113.75540161132812,187.72719978230288
36.916973426196336,-1.241159564519286,0.8058000206947327,96.67720031738281,178.44980319421794
36.89020990167355,-1.2550808780081442,0.8058000206947327,81.75769805908203,45.65675531490591
36.89217636523812,-1.2465862905013296,0.8058000206947327,216.08140563964844,136.1123106416537
36.89538245889555,-1.2392912011778923,0.8683000206947327,118.23380279541016,103.0999875673897
36.91900677627671,-1.2416054746246312,0.8683000206947327,54.98249816894531,23.70842005792391
36.90185261452411,-1.2380158982766067,0.9308000206947327,155.38800048828125,171.44918681727276
36.90661493444918,-1.2406958180097276,0.7488999962806702,143.25509643554688,133.5550970177432
36.897518368300155,-1.2365577722321301,0.7488999962806702,20.033899307250977,61.09885394423255
36.91490886240859,-1.2374094605333381,0.7488999962806702,43.640098571777344,188.0151241231547
36.883539086497606,-1.2468137046550554,0.7488999962806702,25.874000549316406,116.28168882582425
36.90467076638987,-1.2401027575696197,0.8113999962806702,65.13629913330078,59.46545689878987
36.889384967978664,-1.2461002484865042,0.8113999962806702,216.0137939453125,195.6048642781801
36.904786703017265,-1.2354920470803563,0.8113999962806702,68.28350067138672,193.30675983878876
36.892247710854974,-1.2532169737678038,0.8113999962806702,135.9694061279297,31.587280257935088
36.888716102820645,-1.249569429106085,0.8113999962806702,39.080501556396484,191.09426459846216
36.90193733744411,-1.2366558724553058,0.8113999962806702,195.30540466308594,116.26019790434148
36.88197394202785,-1.2480176619394858,0.8738999962806702,163.79820251464844,22.533703317938496
36.88985317358928,-1.2546305088017462,0.8738999962806702,86.92289733886719,108.96294389784313
36.91153332291113,-1.2364775084131678,0.8738999962806702,96.89610290527344,2.0816092480885002
36.921396854441355,-1.2376993021018123,0.8738999962806702,123.09369659423828,198.3348805343329
36.92027316097588,-1.2424304083195181,0.8738999962806702,40.08330154418945,163.43153890941176
36.87995396925063,-1.239768324990611,0.7031999826431274,158.11399841308594,29.71913724333719
36.89152087738326,-1.2539170526331949,0.7031999826431274,45.07680130004883,31.587839945746733
36.89445050677538,-1.2458951298380458,0.7656999826431274,248.58050537109375,106.1162225306983
36.89386190543632,-1.2520308528875872,0.7656999826431274,34.88249969482422,6.476054672611683
36.89400459667004,-1.2388854229820292,0.7656999826431274,101.1010971069336,30.58863535485188
36.90377002797708,-1.23629914437103,0.8281999826431274,202.08740234375,52.61779761254167
36.89015193335986,-1.240187480489635,0.8281999826431274,179.61810302734375,69.38086910987748
36.919483900089425,-1.243019009658573,0.8281999826431274,103.5602035522461,73.60951204315937
36.89227000636024,-1.2390816234283801,0.8906999826431274,249.16119384765625,49.60352991327531
36.89579715529352,-1.238577745009341,0.8906999826431274,116.99340057373047,75.00884576413029
36.91756202753539,-1.2423947355110907,0.7601000070571899,25.010400772094727,135.97515967763977
36.89132021783586,-1.248249535194265,0.7601000070571899,36.242698669433594,42.36408559379119
36.91595675115615,-1.2400447892559248,0.7601000070571899,36.36989974975586,59.46546343411544
36.88336518155651,-1.2484814084490445,0.7601000070571899,60.28409957885742,72.11024441218858
36.89195786928651,-1.2557274476608942,0.7601000070571899,108.30110168457031,144.26227073337168
36.88720446756352,-1.2346002268696672,0.8226000070571899,63.208499908447266,197.09281071608524
36.878642993540915,-1.2403480081275589,0.8226000070571899,192.55870056152344,89.21108921572187
36.88151465461933,-1.2386178769188219,0.8851000070571899,84.30110168457031,50.71766724457792
36.896497234158915,-1.242818350111168,0.8851000070571899,173.61300659179688,183.59821842992602
36.90257944799581,-1.240356926329666,0.7088000178337097,21.637100219726562,89.21159532731804
36.884698452771495,-1.249061091585992,0.7713000178337097,33.871700286865234,131.60222531108067
36.91739704079641,-1.240878641152919,0.7713000178337097,15.811699867248535,148.70372390991434
36.88679423026662,-1.247009905101407,0.7713000178337097,211.0655975341797,96.45128879144649
36.91827548370394,-1.2453823332168994,0.7713000178337097,118.50370025634766,56.13331116918615
36.879588322964246,-1.2406110950897122,0.7713000178337097,33.606300354003906,118.95732941147908
36.89201137849914,-1.2463633354486574,0.8338000178337097,157.23060607910156,165.85843410565192
36.89394216925529,-1.2411149735087514,0.8338000178337097,116.8311996459961,179.20707123200927
36.895244226762884,-1.238577745009341,0.8338000178337097,96.36859893798828,39.819699291353494
36.87777792793655,-1.2400804620643522,0.7143999934196472,12.296899795532227,59.46488272520078
36.89600673304304,-1.2392867420768385,0.7143999934196472,15.474300384521484,152.36478278618094
36.90661939355024,-1.2406155541907657,0.7768999934196472,183.53179931640625,124.0146434121081
36.89712596740745,-1.2458995889390991,0.7768999934196472,77.4041976928711,104.8477252351427
36.90044353859121,-1.238715977141998,0.7768999934196472,178.5308074951172,197.83521440568583
36.90461725717723,-1.2354831288782495,0.7768999934196472,206.76719665527344,179.23108557290283
36.89785280087916,-1.2365533131310762,0.7768999934196472,138.1186981201172,82.21237447580032
36.89448617958381,-1.2387025998388377,0.8393999934196472,126.39869689941406,9.460129823049396
36.91729448147218,-1.2390325733167926,0.8393999934196472,28.701900482177734,59.51889064863226
36.90121942217451,-1.2402409897022761,0.8393999934196472,122.80460357666016,14.935455564188283
36.885122067371576,-1.2336816520526577,0.8393999934196472,417.9721984863281,178.03366688867038
36.8850418035526,-1.247611883743622,0.8393999934196472,80.74130249023438,27.043628536956174
36.89740689077382,-1.237806320527095,0.8393999934196472,169.45840454101562,145.44740469601544
36.913499786475704,-1.2387070589398907,0.8393999934196472,89.93710327148438,23.006939366828014
36.90111686285028,-1.2404951584623225,0.9018999934196472,182.40530395507812,0.8599186112946864
36.91715624933953,-1.238038193781874,0.7311999797821045,128.55870056152344,168.5878801079061
36.917196381249006,-1.2413914377740654,0.7936999797821045,45.87160110473633,175.89611770735175
36.90228514732628,-1.2364730493121145,0.7936999797821045,9.859299659729004,74.04823304820135
36.91268823008397,-1.2369323367206193,0.7936999797821045,126.12069702148438,47.22090227802263
36.90507654458573,-1.2368476138006037,0.8561999797821045,48.74570083618164,116.00348234364867
36.89523976766184,-1.2394249742094954,0.8561999797821045,99.69159698486328,103.084949804399
36.89074945290102,-1.2478660525036684,0.8561999797821045,136.39999389648438,2.7025405871223107
36.88246890224477,-1.236129698530999,0.7200000286102295,47.23040008544922,177.18804076492344
36.90250810237896,-1.240597717786552,0.7825000286102295,49.7156982421875,111.65840574075591
36.89438362025958,-1.2409812004771483,0.7825000286102295,26.574499130249023,171.93997262256838
36.88653114330446,-1.2488827275438545,0.7825000286102295,124.78700256347656,111.77135102841933
36.89824520177186,-1.2410793007003242,0.8450000286102295,182.8594970703125,190.7056296844497
36.884903571419954,-1.238145212207157,0.8450000286102295,144.0894012451172,174.5305158097614
36.89598443753776,-1.2445930723304393,0.9075000286102295,126.6968002319336,92.10871207484632
36.913352636140935,-1.2389790641041514,0.9075000286102295,82.83480072021484,58.17351888837377
36.88935375427128,-1.2494668697818558,0.725600004196167,73.62989807128906,171.26357727758494
36.89516842204498,-1.2398708843148405,0.725600004196167,122.22599792480469,138.2364895907563
36.88836829293847,-1.2381050802976756,0.788100004196167,32.03580093383789,14.40271340900701
36.880390961153864,-1.2471213826277432,0.788100004196167,183.85659790039062,140.27138052302672
36.9129825307535,-1.2382656079356,0.788100004196167,14.572400093078613,30.08237046109281
36.892747130172964,-1.2397995386979852,0.788100004196167,70.65470123291016,29.71938742717798
36.90323493585067,-1.2413111739551033,0.788100004196167,74.32530212402344,198.28054882297394
36.89188652366965,-1.2545413267806773,0.788100004196167,74.92050170898438,45.78633346975626
36.915506381949754,-1.2399734436390695,0.850600004196167,42.47370147705078,49.55011933707685
36.893268844996214,-1.2389924414073115,0.850600004196167,234.52670288085938,59.51885031054738
36.89385298723422,-1.240909854860293,0.850600004196167,153.22329711914062,148.84475527289732
36.880016396665376,-1.2481648122742495,0.850600004196167,61.75519943237305,76.9651670042905
36.90045245679332,-1.2370348960448487,0.850600004196167,216.2716064453125,182.5347707500405
36.89397338296267,-1.2460913302843972,0.850600004196167,95.33719635009766,127.20502229723223
36.913423981757795,-1.2370750279543297,0.850600004196167,99.49819946289062,96.50078441015668
36.89552069102822,-1.2388497501736013,0.913100004196167,150.42520141601562,82.0241072977235
36.898481534127704,-1.2357908068509371,0.913100004196167,102.6281967163086,43.71975203387219
36.90767620049991,-1.2390682461252198,0.8048999905586243,89.0376968383789,73.92436057733315
36.913945696581045,-1.2410034959824154,0.8048999905586243,67.4740982055664,174.39335058002564
36.885594732083234,-1.2356124428087993,0.8048999905586243,248.2230987548828,6.921682805089214
36.88038204295176,-1.240138430378047,0.8048999905586243,189.6772003173828,69.38068282264665
36.92004574682217,-1.241676820241486,0.8048999905586243,102.4447021484375,133.49090486800677
36.89229230186551,-1.2462652352254817,0.8048999905586243,78.90699768066406,175.7737457421999
36.879570486560034,-1.2405263721696969,0.8048999905586243,121.50499725341797,109.04196686227556
36.882990617068025,-1.240107216670673,0.8048999905586243,265.56280517578125,167.33465589053745
36.89555636383663,-1.2440223073955985,0.8673999905586243,112.44740295410156,162.45273793871672
36.87976668700639,-1.2501937032535673,0.8673999905586243,556.3270874023438,63.71538094432345
36.893010217135114,-1.2389612276999373,0.8673999905586243,205.57839965820312,59.518860972217034
36.89401351487214,-1.240847427445545,0.9298999905586243,177.14759826660156,151.03546767795174
36.90046137499542,-1.23893893219467,0.7368000149726868,188.7686004638672,176.72751119775901
36.88703056262244,-1.2345065857475448,0.7368000149726868,46.150299072265625,190.04743171733992
36.91386097366103,-1.2399243935274817,0.7993000149726868,88.83350372314453,86.24965825820682
36.903636254945475,-1.2400537074580316,0.7993000149726868,55.859500885009766,59.465458135874684
36.90846546138637,-1.2397103566769163,0.7993000149726868,46.057498931884766,186.46905062835395
36.92012155154007,-1.2396434701611145,0.7993000149726868,64.22660064697266,9.888203565436884
36.89680937123265,-1.237949011760805,0.8618000149726868,192.3271942138672,103.2128619674192
36.91394123747999,-1.2394829425231904,0.8618000149726868,71.5385971069336,44.06028554683056
36.89095011244842,-1.2410971371045378,0.8618000149726868,154.0615997314453,168.53445045061164
36.894829530364916,-1.2444949721072636,0.8618000149726868,75.63510131835938,183.53023837857404
36.89536016339028,-1.2382923625419204,0.8618000149726868,217.97479248046875,18.728776394161144
36.90200422395991,-1.2368386955984974,0.9243000149726868,192.470703125,130.32079796166167
36.878732175561986,-1.2479061844131494,0.7591999769210815,103.2750015258789,196.5437559433325
36.913945696581045,-1.2373024421080554,0.7591999769210815,48.03070068359375,124.66715056382328
36.90007789230483,-1.240869722950812,0.7591999769210815,50.47370147705078,57.10221419732237
36.89269808006137,-1.2395319926347783,0.7591999769210815,69.53160095214844,0.026703763246542136
36.918797198527194,-1.243839484252407,0.8216999769210815,68.95870208740234,6.232253609072394
36.90286928956429,-1.2363704899878853,0.8216999769210815,103.3821029663086,24.790890587901092
36.88934929517023,-1.2462429397202142,0.8216999769210815,35.59920120239258,175.7741380304249
36.884702911872544,-1.2377260567081327,0.8216999769210815,165.502197265625,125.3033328446321
36.88589795095488,-1.2337440794674057,0.8841999769210815,289.5870056152344,179.91794973859749
36.88179111888465,-1.237177587278559,0.8841999769210815,4135.9343,135.07388019870373
36.89431227464272,-1.2402811216117573,0.8841999769210815,158.6750030517578,97.29487112264269
36.893960005659494,-1.2397326521821836,0.8841999769210815,173.44189453125,25.74902851730839
36.895476100017675,-1.2444325446925153,0.8841999769210815,218.0811004638672,134.30530164727767
36.90667290276288,-1.2396523883632216,0.7480000257492065,54.60499954223633,38.75423922783283
36.89878921210038,-1.2421227303468303,0.7480000257492065,18.555500030517578,57.04970194014148
36.91936350436098,-1.238479644786165,0.8105000257492065,46.13209915161133,119.01122348991525
36.91799456033757,-1.2440668984061327,0.8105000257492065,101.64250183105469,96.05420526534424
36.900889448696546,-1.2371240780659176,0.8105000257492065,121.15969848632812,192.45014396760942
36.899489290965775,-1.2419889573152272,0.8730000257492065,102.43150329589844,14.864304347406812
36.88295940336065,-1.2490967643944197,0.8730000257492065,86.21050262451172,131.60249080957067
36.92060759355489,-1.2377394340112928,0.8730000257492065,44.639198303222656,198.3346048468562
36.89496776249758,-1.2454313833284874,0.8730000257492065,136.5054931640625,99.1068151100457
36.88021259711173,-1.2403925991380935,0.8730000257492065,135.97509765625,89.21136859982575
36.903689764158116,-1.2374406742407122,0.8730000257492065,211.3675994873047,45.81399843692341
36.918097119661795,-1.2429565822438249,0.8730000257492065,32.0093994140625,76.09380464045346
36.903511400115974,-1.2410257914876828,0.753600001335144,51.560699462890625,168.5344510908272
36.89167694592014,-1.2535603245489189,0.753600001335144,42.85860061645508,45.655686964953055
36.890834175821034,-1.2388274546683338,0.753600001335144,356.4964904785156,79.34960194677863
36.89179734164858,-1.2487757091185718,0.753600001335144,23.86240005493164,101.85634145656853
36.88123373125297,-1.2495337562976576,0.753600001335144,52.51129913330078,119.98770808464576
36.87963291397478,-1.2485259994595785,0.753600001335144,18.809499740600586,76.9651978790053
36.89243499309922,-1.2535246517404914,0.753600001335144,86.31919860839844,10.616803105695727
36.88552784556743,-1.2345913086675604,0.816100001335144,189.18890380859375,85.28457827043502
36.90475994841095,-1.2377483522133998,0.816100001335144,201.93299865722656,17.54907723824748
36.88515774018,-1.247696606663638,0.816100001335144,34.98540115356445,17.128274495741078
36.90529949963841,-1.2363125216741904,0.878600001335144,79.52459716796875,172.26099897172185
36.89931984512575,-1.2418730206878374,0.878600001335144,126.45020294189453,35.964512077444375
36.89621631079254,-1.2374808061501932,0.878600001335144,58.40890121459961,25.83433518061964
36.882567002467944,-1.2474424379035913,0.878600001335144,173.0644989013672,46.87395906135806
36.905232613122614,-1.2406378496960329,0.878600001335144,154.76449584960938,128.87301215272404
36.88970156415346,-1.2395765836453125,0.878600001335144,158.7362060546875,9.888721320567512
36.89693422606215,-1.237717138506026,0.878600001335144,106.21610260009766,103.22792404022962
36.90723029039456,-1.2404238128454677,0.878600001335144,85.39790344238281,144.2649017141798
36.904470106842474,-1.2361207803288923,0.7078999876976013,13.277700424194336,122.98110230815924
36.91353991838518,-1.2369367958216728,0.7703999876976013,59.28950119018555,117.59923307448284
36.919573082110496,-1.239268905672625,0.7703999876976013,89.9397964477539,29.773035146853935
36.91792767382177,-1.245569615461144,0.8328999876976013,49.197200775146484,96.05415360531856
36.90313683562749,-1.2407091953128881,0.8328999876976013,54.67179870605469,128.87301462691224
36.89805346042657,-1.2374139196343918,0.8328999876976013,70.87049865722656,166.5985993221918
36.897745782453875,-1.2425730995532283,0.8328999876976013,87.46769714355469,106.25593859574991
36.89960968669422,-1.2396568474642746,0.8953999876976013,171.54080200195312,190.76563884570402
36.89739351347065,-1.2450033096273565,0.8953999876976013,95.14510345458984,55.58503613924338
36.87327869497362,-1.2403658445317727,0.9578999876976013,1522.2457275390625,109.04160491008113
36.880689720924444,-1.2400715438622454,0.7648000121116638,66.02960205078125,59.46538172654214
36.894218633520595,-1.2480667120510738,0.8273000121116638,110.80840301513672,46.396872870185106
36.8956455458577,-1.2387962409609596,0.8273000121116638,67.86750030517578,89.06193612377746
36.87875893016831,-1.2404416492496813,0.8273000121116638,80.22730255126953,99.12646549111275
36.89457090250383,-1.2453154467010978,0.8273000121116638,108.56320190429688,141.3033844752047
36.914619020840114,-1.2396122564537404,0.8273000121116638,91.8019027709961,10.228893219889155
36.8891129628144,-1.2466041269055435,0.8898000121116638,102.84290313720703,136.1127044308188
36.911323745161624,-1.2364953448173817,0.7190999984741211,48.73849868774414,23.19512521710645
36.91476617117488,-1.2380203573776603,0.7190999984741211,13.266900062561035,131.76511351389038
36.88505963995682,-1.2469697731919265,0.7815999984741211,68.30370330810547,96.45117121088906
36.88642412487918,-1.2487578727143578,0.7815999984741211,146.08529663085938,101.85599178994681
36.9026374163095,-1.2368119409921765,0.8440999984741211,180.1322021484375,81.05591859302011
36.9008760713934,-1.2388631274767614,0.8440999984741211,200.3798065185547,148.60259707188987
36.893251008592,-1.2467646545434676,0.8440999984741211,122.92369842529297,126.19671506067002
36.91740595899852,-1.2426043132606028,0.8440999984741211,68.21859741210938,155.9355957874604
36.89185085086122,-1.2521958396265647,0.8440999984741211,97.6801986694336,137.09742737279413
36.89281401668876,-1.2405932586854986,0.9065999984741211,149.02780151367188,118.95765004007575
36.89489641688073,-1.2456944702906407,0.7246999740600586,73.95149993896484,85.03119819455128
36.89358098206996,-1.2406735225044605,0.7246999740600586,87.38529968261719,128.87306208912702
36.91577392801296,-1.2382968216429744,0.7871999740600586,33.54029846191406,138.84177835832173
36.91305833547142,-1.2375699881712618,0.7871999740600586,72.2146987915039,33.19791882758384
36.89130684053269,-1.2546215905996392,0.7871999740600586,266.1083068847656,17.64997352364761
36.88947860910078,-1.2489942050701905,0.7871999740600586,124.53810119628906,131.60213053968096
36.89236810658342,-1.24711692352669,0.8496999740600586,240.5319061279297,76.6200961064033
36.898989871647785,-1.2363481944826182,0.8496999740600586,208.32859802246094,113.12725667671728
36.91594783295404,-1.2392198555610374,0.9121999740600586,82.6365966796875,39.68816109535517
36.91354883658728,-1.2400982984685658,0.7135000228881836,108.52459716796875,121.42374686585511
36.89689855325372,-1.2455294835516633,0.7135000228881836,22.914899826049805,62.63981223625553
36.907252585899826,-1.240887559355026,0.7760000228881836,148.0146026611328,181.9885724490201
36.91772701427437,-1.2459530981517406,0.7760000228881836,73.25199890136719,116.90666625611942
36.912991448955616,-1.238559908605127,0.7760000228881836,69.5176010131836,51.17329221898467
36.87842449758929,-1.2379356344576449,0.7760000228881836,229.2866973876953,178.50373486941066
36.88919768573442,-1.2392599874705181,0.7760000228881836,57.640201568603516,13.650868463036595
36.916050392278265,-1.23868030433357,0.8385000228881836,83.28459930419922,99.18033804395107
36.902855912261124,-1.2406110950897122,0.8385000228881836,29.051300048828125,118.9576659949696
36.918761525718764,-1.2404951584623227,0.8385000228881836,165.82359313964844,6.2322613436498076
36.896086996861996,-1.2459620163538476,0.9010000228881836,87.70999908447266,27.494252661630775
36.89113739469267,-1.2409767413760948,0.7358999848365784,81.41349792480469,158.61908305069488
36.892243251753925,-1.2553618013745111,0.7983999848365784,40.424800872802734,137.22847769843338
36.90423823358769,-1.2403925991380935,0.7983999848365784,105.80660247802734,89.21153906789884
36.88260267527637,-1.2360093028025558,0.7983999848365784,445.3287048339844,177.18051464911576
36.906570343438645,-1.2397148157779696,0.7983999848365784,70.92489624023438,31.72021898520324
36.881068744513996,-1.2501446531419795,0.8608999848365784,173.39840698242188,155.1578131892357
36.90752459106408,-1.2403569263296659,0.7303000092506409,56.30950164794922,158.33295987397725
36.9060575468175,-1.2402409897022761,0.7303000092506409,38.53269958496094,79.2962484543331
36.89013409695564,-1.2554866562040077,0.7303000092506409,93.62139892578125,17.520773441033025
36.91516303116864,-1.2404728629570552,0.7928000092506409,137.93479919433594,109.04230951287033
36.88956333202081,-1.2539304299363552,0.7928000092506409,78.41410064697266,186.33707641484133
36.88084133036026,-1.250760009087355,0.7928000092506409,100.40679931640625,190.3279262115227
36.898802589403545,-1.240669063403407,0.7928000092506409,91.90740203857422,169.62418997017818
36.880301779132786,-1.2479819891310582,0.7928000092506409,88.30110168457031,69.93110910327997
36.891440613564306,-1.2473220421751485,0.7928000092506409,65.82050323486328,56.78953284567727
36.89028124729041,-1.2551076326144648,0.7928000092506409,38.28630065917969,38.62270305485261
36.879851409926395,-1.2405129948665365,0.7928000092506409,42.69490051269531,109.04201919141033
36.887168794755105,-1.2485973450764336,0.7928000092506409,115.91999816894531,82.02524124288608
36.89760309122017,-1.2464435992676193,0.8553000092506409,112.47570037841797,182.22385909084048
36.88247782044688,-1.2366514133542525,0.8553000092506409,176.4591064453125,135.00619040486336
36.90378786438129,-1.2369055821142987,0.9178000092506409,201.29629516601562,3.405664584974569
36.89556528203874,-1.2399957391443366,0.7470999956130981,56.083900451660156,173.4180982527303
36.88288805774379,-1.2389433912957233,0.7470999956130981,38.18119812011719,75.94065915067732
36.89134251334113,-1.247125841728797,0.7470999956130981,41.12289810180664,86.53563699453406
36.89204705130758,-1.2390860825294339,0.7470999956130981,76.4009017944336,49.6035331779621
36.91874814841561,-1.2392956602789458,0.8095999956130981,121.58319854736328,29.772725131237017
36.912291370090216,-1.2389433912957233,0.8095999956130981,74.12339782714844,135.59715407858724
36.885086394563146,-1.2343326808064605,0.8095999956130981,72.11100006103516,123.67057614123155
36.88892568057017,-1.2488961048470146,0.8095999956130981,29.78380012512207,111.77136672236672
36.906365224790186,-1.2405219130686431,0.8095999956130981,52.634700775146484,109.16211737342579
36.90052380241017,-1.2367896454869094,0.8095999956130981,308.440185546875,162.70404792850405
36.88206758314997,-1.246907345777178,0.8095999956130981,75.08499908447266,106.36603977372263
36.88216568337314,-1.2481068439605547,0.8095999956130981,60.88169860839844,22.53366216977802
36.9040554104445,-1.235978089095182,0.8720999956130981,70.06089782714844,108.89036778350578
36.8847073709736,-1.2380649483881947,0.7526999711990356,156.21090698242188,153.42454334780467
36.893679082293126,-1.2518524888454494,0.7526999711990356,11.076499938964844,13.484320883024695
36.89364786858576,-1.2469876095961396,0.7526999711990356,35.72520065307617,77.94220664246441
36.9034801864086,-1.2402409897022761,0.7526999711990356,35.210201263427734,79.29618806515073
36.89054433425256,-1.2492528329312904,0.7526999711990356,78.95230102539062,151.43296794791306
36.90702963084715,-1.239879802516947,0.7526999711990356,139.32859802246094,80.95849765100076
36.87892837600833,-1.2395007789274042,0.7526999711990356,98.11199951171875,0.027130907243327406
36.880890380471854,-1.2380783256913552,0.7526999711990356,369.97119140625,149.2021375636141
36.892617816242414,-1.251014177847401,0.8151999711990356,156.0478057861328,133.2466173723917
36.918944348861956,-1.2412442874393015,0.8151999711990356,32.22019958496094,13.728195600871173
36.89035259290726,-1.253020773321452,0.8151999711990356,41.43709945678711,193.3705332883091
36.89061122076836,-1.2480399574447534,0.8151999711990356,61.62630081176758,12.617892139584713
36.889763991568216,-1.25451903127541,0.8151999711990356,63.99480056762695,123.03099275244752
36.899007708052004,-1.2411417281150723,0.8151999711990356,153.43600463867188,120.380357660238
36.90047921139964,-1.236437376503687,0.8151999711990356,151.226806640625,123.04259932528078
36.88216122427208,-1.236718299870054,0.8776999711990356,166.57659912109375,149.08937837027398
36.90247688867158,-1.2364106218973663,0.8776999711990356,65.28910064697266,52.94225064652681
36.887092990037196,-1.248240616992158,0.7415000200271606,42.77830123901367,42.363787824987725
36.91775376888069,-1.2409633640729343,0.7415000200271606,16.667400360107422,116.01477534191773
36.888305865523726,-1.249208241920756,0.7415000200271606,109.82050323486328,151.43279263607823
36.91863667088927,-1.2412398283382482,0.7415000200271606,11.444199562072754,16.212487310101153
36.87647587042893,-1.2381050802976756,0.8040000200271606,198.55360412597656,158.6732054169164
36.87841557938719,-1.2486419360869683,0.8040000200271606,90.85579681396484,168.40763423758594
36.912853216822946,-1.238479644786165,0.8040000200271606,56.03340148925781,58.21864407330194
36.88298169886592,-1.2489139412512285,0.8040000200271606,159.64199829101562,121.68712739511007
36.899953037475335,-1.2400670847611917,0.8040000200271606,107.7885971069336,127.45749168849416
36.91225123818074,-1.2377661886176137,0.8665000200271606,168.74319458007812,44.20318434499558
36.89240377939185,-1.24025882610649,0.9290000200271606,304.3909912109375,79.29618417135393
36.89193557378124,-1.24964077472294,0.7583000063896179,124.50789642333984,191.09464499484304
36.882968321562764,-1.2485795086722198,0.8208000063896179,108.02449798583984,82.02567382951838
36.87963737307583,-1.2480176619394856,0.8208000063896179,115.69889831542969,112.13534217185132
36.89554298653347,-1.2385153175945927,0.8208000063896179,75.84159851074219,60.93318646030294
36.90207111047571,-1.239166346348396,0.8208000063896179,165.68870544433594,41.246878643121995
36.8978973918897,-1.2414048150772257,0.8833000063896179,174.93170166015625,183.65844966206623
36.8855501410727,-1.2353092239371648,0.8833000063896179,111.16110229492188,14.169219502467127
36.88672288464976,-1.2480622529500203,0.8833000063896179,161.28590393066406,22.533073497010413
36.915301263301295,-1.2412710420456226,0.7013999819755554,51.104698181152344,188.36520480305072
36.91703585361108,-1.2425730995532283,0.7013999819755554,40.17499923706055,195.856486253208
36.90250810237896,-1.2384038400682562,0.7013999819755554,319.3013916015625,119.01099572492753
36.90163411857248,-1.2425374267448008,0.7013999819755554,84.3656005859375,189.09064535508284
36.90783672813782,-1.2395632063421524,0.7638999819755554,91.26570129394531,116.12863933286141
36.88774401879099,-1.2483431763163875,0.7638999819755554,77.15570068359375,52.27914812623633
36.91827994280499,-1.2443121489640723,0.8263999819755554,11.012900352478027,56.133333810993065
36.896412511238886,-1.2372935239059486,0.8888999819755554,78.87030029296875,32.88722895909176
36.89431673374378,-1.2400804620643522,0.8888999819755554,167.41380310058594,81.94232661294376
36.89632778831888,-1.2428629411217023,0.7750999927520752,157.343505859375,197.66250104559631
36.9032037221433,-1.240878641152919,0.7750999927520752,36.7307014465332,148.70373580154018
36.898673275472994,-1.2414806197951342,0.7750999927520752,81.7761001586914,120.36534280329728
36.9193233724515,-1.238216557824012,0.7750999927520752,84.2417984008789,148.75731045003047
36.912536620648154,-1.2387338135462116,0.7750999927520752,75.47879791259766,100.42305279862663
36.897482695491725,-1.2462563170233747,0.7750999927520752,54.54330062866211,161.11990543941735
36.90265971181477,-1.2412398283382482,0.7750999927520752,22.391000747680664,174.97400046783454
36.89178842344647,-1.2546349679027993,0.8375999927520752,80.96829986572266,45.78626656261002
36.88975061426505,-1.2493063421439314,0.8375999927520752,49.56060028076172,161.3482439069172
36.891440613564306,-1.2412621238435153,0.9000999927520752,69.45279693603516,188.36516617817261
36.90029192915539,-1.2368476138006037,0.9000999927520752,232.08619689941406,162.70404432901074
36.899694409614234,-1.243861779757674,0.7070000171661377,9.859199523925781,146.9539684824595
36.89166356861698,-1.25466172250912,0.7070000171661377,55.52579879760742,38.752209006906234
36.897629845826486,-1.242697954382725,0.7695000171661377,58.476898193359375,106.2521754242259
36.91726326776481,-1.2377572704155066,0.7695000171661377,169.8542022705078,198.33396523061674
36.901794646210405,-1.237837534234469,0.7695000171661377,177.67250061035156,192.8645696258438
36.90700287624083,-1.2377349749102398,0.7695000171661377,212.7696990966797,87.85869812405514
36.892078265014945,-1.2466843907245055,0.8320000171661377,122.40049743652344,126.19696463410472
36.88649547049603,-1.2493330967502523,0.8320000171661377,130.84759521484375,161.34816814709714
36.90187491002937,-1.236437376503687,0.8320000171661377,84.5333023071289,109.23743967251106
36.88326262223229,-1.247339878579362,0.8320000171661377,133.69090270996094,56.78946253138346
36.892800639385605,-1.2523608263655421,0.8320000171661377,60.17380142211914,52.688795160962464
36.91740595899853,-1.2457256839980149,0.8320000171661377,141.2158966064453,155.9354124325807
36.912737280195564,-1.2390950007315407,0.8320000171661377,46.468101501464844,114.46861999537487
36.89156100929274,-1.2542247306058825,0.8320000171661377,160.98789978027344,3.5821853102096384
36.898356679298196,-1.2349792504592103,0.8945000171661377,99.59919738769531,45.51849995826853
36.919020153579865,-1.2444682175009427,0.723800003528595,48.50669860839844,23.708394593707684
36.91307171277457,-1.2373202785122692,0.723800003528595,41.42070007324219,54.28884107676675
36.8837308278429,-1.239166346348396,0.723800003528595,39.57170104980469,160.37203692927207
36.908188997121044,-1.2394517288158162,0.786300003528595,111.20570373535156,137.23075037825132
36.903315199669635,-1.2405352903718034,0.786300003528595,32.210899353027344,109.04228191608588
36.89407594228689,-1.2466308815118643,0.786300003528595,174.51699829101562,77.95738549648689
36.9055402910953,-1.2367851863858559,0.786300003528595,335.5067138671875,151.1926414509923
36.918980021670386,-1.2442898534588052,0.786300003528595,198.2675018310547,13.728179938337464
36.91741487720063,-1.2425329676437475,0.848800003528595,75.16339874267578,155.93560101935327
36.91380300534733,-1.2406601452013004,0.848800003528595,131.83889770507812,158.59717640810146
36.90451469785301,-1.2360494347120372,0.848800003528595,186.89390563964844,130.0114088673486
36.89745148178435,-1.2456721747853734,0.848800003528595,64.63140106201172,111.86853982872962
36.8785493524188,-1.248918400352282,0.911300003528595,131.9954071044922,140.27150663865794
36.917566486636446,-1.2395944200495266,0.911300003528595,128.560302734375,9.888654424090225
36.89241715669502,-1.250719877177874,0.911300003528595,176.88229370117188,153.20701496146629
36.89232351557288,-1.2554376060924197,0.7293999791145325,55.52050018310547,151.2965245534586
36.89587296001143,-1.2384038400682564,0.7293999791145325,169.95289611816406,75.02389404313676
36.88493924422838,-1.2379400935586982,0.7293999791145325,75.25789642333984,153.43960931356665
36.88080119845078,-1.250425576508347,0.7293999791145325,39.57780075073242,162.19182245135963
36.88385122357135,-1.239157428146289,0.7293999791145325,140.27110290527344,174.4476963381609
36.890495284140975,-1.2480756302531806,0.7918999791145325,47.5077018737793,22.533244039728682
36.88326262223229,-1.2471258417287967,0.7918999791145325,73.19879913330078,76.62018900040371
36.895734727878775,-1.2451504599621201,0.7918999791145325,221.25689697265625,56.92158632265942
36.912224483574406,-1.2395275335337248,0.7918999791145325,90.0353012084961,184.80929207149424
36.88400283300716,-1.239001359609418,0.7918999791145325,114.2322998046875,167.42491722150163
36.87195880106181,-1.2382611488345463,0.8543999791145325,363.7539978027344,138.84231905728018
36.89496330339653,-1.2442140487408968,0.8543999791145325,92.73310089111328,197.60585290599565
36.89300129893301,-1.2394428106137094,0.8543999791145325,144.2093963623047,9.942053740286761
36.9069672034324,-1.240339089925452,0.9168999791145325,235.28439331054688,116.53224292502902
36.88427929727247,-1.237828616032362,0.7182000279426575,59.41270065307617,97.14446037475649
36.884065260421906,-1.2383726263608825,0.7807000279426575,103.22879791259766,125.25061771230506
36.89495884429547,-1.2392332328641975,0.7807000279426575,54.111900329589844,67.91085527220093
36.88192043281521,-1.2483297990132272,0.8432000279426575,182.6154022216797,52.279814393864235
36.89760309122018,-1.2463098262360162,0.8432000279426575,149.33729553222656,175.1841763202891
36.89894082153621,-1.240379221834933,0.8432000279426575,236.71279907226562,183.69975202722856
36.89566784136297,-1.2457435204022285,0.8432000279426575,202.6376953125,21.738235286543283
36.89219866074338,-1.254737527227029,0.8432000279426575,127.43689727783203,80.95648938276204
36.878304101860856,-1.248650854289075,0.8432000279426575,91.82270050048828,175.44166566581254
36.89956063658263,-1.2408563456476518,0.9057000279426575,183.91329956054688,99.29514773044782
36.918930971558794,-1.239380383198961,0.9057000279426575,108.51789855957031,19.857411230747278
36.912804166711354,-1.2390013596094183,0.7350000143051147,50.945098876953125,100.40048490092825
36.8840652604219,-1.2382968216429742,0.7350000143051147,21.960399627685547,118.22031341201979
36.91319210850301,-1.2400091164474971,0.7350000143051147,82.4052963256836,149.5825590750683
36.911176594826856,-1.2364195400994729,0.7350000143051147,18.427400588989258,23.202661939561445
36.8930503490446,-1.2463321217412833,0.7350000143051147,37.41939926147461,165.85820982287927
36.896889635051615,-1.2371909645817192,0.7975000143051147,36.25199890136719,61.04610405192742
36.88585781904539,-1.2352423374213637,0.7975000143051147,60.754600524902344,42.31305156535985
36.8792851040926,-1.2479864482321117,0.7975000143051147,53.9390983581543,147.30551538634515
36.8861253651086,-1.2487623318154113,0.7975000143051147,149.38400268554688,101.85600629346351
36.904421056730875,-1.237257851097521,0.8600000143051147,157.8845977783203,31.587116438452462
36.895427049906075,-1.2456855520885337,0.8600000143051147,144.06309509277344,35.80249845828139
36.89741580897592,-1.2429342867385578,0.8600000143051147,134.46339416503906,106.24088159850999
36.91316089479564,-1.2368342364974436,0.7405999898910522,116.7229995727539,96.47821122468845
36.889295785957586,-1.2482539942953184,0.8030999898910522,82.8228988647461,42.36384645522681
36.90519248121313,-1.2399734436390695,0.8030999898910522,43.10060119628906,49.55010817878994
36.88229499730369,-1.2476341792488894,0.8030999898910522,149.83590698242188,27.04317436888671
36.89323763128884,-1.2475494563288738,0.8030999898910522,63.44309997558594,36.958446074751464
36.89479385755649,-1.2456454201790526,0.8030999898910522,102.51020050048828,99.09545800258465
36.884693993670446,-1.2362010441478541,0.8030999898910522,50.93880081176758,5.788189342335766
36.882054205846806,-1.247977530030005,0.8030999898910522,156.2928009033203,12.618319261699655
36.89709475370008,-1.2375744472723156,0.8655999898910522,108.69219970703125,103.24298896861134
36.88979520527558,-1.2477278203710118,0.7462000250816345,105.19580078125,17.12828827349093
36.903373167983325,-1.2410748415992707,0.7462000250816345,13.669099807739258,168.53445405185317
36.904157969768725,-1.2398307524053591,0.7462000250816345,40.43579864501953,29.719364010139806
36.893398158926765,-1.2507956818957826,0.8087000250816345,23.544300079345703,43.42490248180805
36.893438290836244,-1.2392822829757857,0.8087000250816345,163.31900024414062,29.772751096398704
36.91362018220415,-1.2387427317483182,0.8087000250816345,28.719900131225586,15.96911230172964
36.903613959440214,-1.2401607258833138,0.8087000250816345,56.30400085449219,69.38082063923646
36.919729150647356,-1.241877479788891,0.8087000250816345,29.25830078125,103.55022003087593
36.91943930907889,-1.2441070303156139,0.8087000250816345,76.0708999633789,63.62926546091744
36.90187491002937,-1.2381362940050498,0.8712000250816345,219.22149658203125,151.99225321361115
36.887119744643506,-1.2464658947728866,0.8712000250816345,551.214111328125,146.02811389388927
36.90418472437504,-1.2354652924740357,0.8712000250816345,192.92269897460938,151.07973418761887
36.89973008242266,-1.2363437353815647,0.8712000250816345,137.6367950439453,103.21187218177921
36.89496330339652,-1.2478348387962945,0.8712000250816345,136.91220092773438,90.86670318261778
36.88439077479881,-1.2483476354174405,0.8712000250816345,165.3262939453125,52.27936399360029
36.9193055360473,-1.2416143928267376,0.8712000250816345,68.51969909667969,53.649098954998806
36.90108564914291,-1.2430368460627867,0.8712000250816345,85.15540313720703,189.1131111293039
36.91765120955646,-1.2422386669742203,0.751800000667572,31.467899322509766,125.99494484412651
36.91255891615342,-1.238898800285189,0.751800000667572,96.42379760742188,114.48366500817231
36.911363877071096,-1.2364150809984198,0.751800000667572,111.69309997558594,9.126983445012334
36.88521124939264,-1.24830750350796,0.814300000667572,347.4689025878906,52.279268694826506
36.89124441311796,-1.2539259708353017,0.814300000667572,61.64939880371094,52.69001543581814
36.8869012486919,-1.2488916457459616,0.814300000667572,57.11629867553711,111.77133778313751
36.893991219366875,-1.2451549190631737,0.814300000667572,176.93319702148438,190.53207925208352
36.89277388477928,-1.2518078978349152,0.814300000667572,525.0366821289062,66.75661355191289
36.89684058494003,-1.2423456853995025,0.814300000667572,84.53959655761719,197.68511501289618
36.89134251334113,-1.2527353908540315,0.814300000667572,57.580501556396484,137.0978561347098
36.907591477579885,-1.2371329962680244,0.876800000667572,211.23060607910156,80.82468992930698
36.89483398946597,-1.2473755513877895,0.7573999762535095,44.67449951171875,41.61908095362528
36.906681820964984,-1.237917798053431,0.7573999762535095,334.38330078125,101.92676102260995
36.903319658770684,-1.2376948430007586,0.7573999762535095,193.343994140625,95.05624949562463
36.91410176511791,-1.2374718879480866,0.7573999762535095,33.627498626708984,117.6443602008796
36.88637507476759,-1.2478615934026152,0.7573999762535095,161.08819580078125,2.702362833545812
36.914338097473745,-1.2411149735087514,0.7573999762535095,337.1953125,183.44958761970068
36.88424362446404,-1.2381362940050498,0.8198999762535095,154.51809692382812,118.23537178813126
36.900068974102716,-1.240459485653895,0.8198999762535095,76.02110290527344,92.28172492151975
36.92046044322013,-1.2388007000620131,0.8198999762535095,37.14649963378906,79.35019209887807
36.9176378322533,-1.2454848925411286,0.8198999762535095,41.8489990234375,125.99479250013873
36.89569459596929,-1.2450835734463184,0.8198999762535095,77.76409912109375,70.9896337323016
36.881050908109785,-1.2505058403273086,0.8198999762535095,160.46629333496094,183.2939149754619
36.915845273629806,-1.241039168790843,0.8198999762535095,116.37809753417969,168.53445448265956
36.8865846525171,-1.2479329390194704,0.8823999762535095,95.49109649658203,2.70235036091513
36.879869246330614,-1.24025882610649,0.8823999762535095,121.71279907226562,79.29593159880712
36.88080565755183,-1.2410525460940034,0.8823999762535095,107.53060150146484,168.5344123872389
36.89983264174688,-1.240869722950812,0.8823999762535095,101.26399993896484,71.16652633058452
36.91422216084636,-1.2374005423312309,0.7630000114440918,41.238800048828125,138.75032829896594
36.903168049334866,-1.2410882189024313,0.7630000114440918,86.80139923095703,168.53446098258934
36.88728027228144,-1.2481781895774098,0.7630000114440918,20.423200607299805,32.44842193279134
36.88895243517648,-1.2549649413807544,0.7630000114440918,127.01930236816406,151.16746036785875
36.89172153693067,-1.2518034387338615,0.7630000114440918,87.27629852294922,179.30152029494758
36.890883225932626,-1.2399422299316953,0.8255000114440918,307.5028076171875,49.55009991482039
36.91621537901725,-1.241030250588736,0.8255000114440918,55.30080032348633,168.53444447214247
36.90129076779137,-1.2367138407690006,0.8255000114440918,231.23060607910156,152.78871010690605
36.892033674004416,-1.2466219633097575,0.8255000114440918,71.55110168457031,136.11232780867283
36.90117483116397,-1.2381942623187445,0.8255000114440918,175.2115020751953,185.62685252274665
36.91387881006524,-1.2365622313331832,0.8255000114440918,35.66469955444336,173.87179666472318
36.90637414299229,-1.2374317560386057,0.8255000114440918,239.6053924560547,158.1991372664192
36.89886501681829,-1.2366737088595194,0.8880000114440918,192.7384033203125,142.87335174649047
36.8938931191437,-1.2543629627385393,0.9505000114440918,794.9442138671875,186.46762207226692
36.91376733253891,-1.237017059640635,0.7060999870300293,43.32550048828125,131.68241840722044
36.918123874268126,-1.241667902039379,0.7060999870300293,49.484100341796875,76.09384037653231
36.89205151040863,-1.251370905931677,0.7685999870300293,39.41360092163086,186.33521007408916
36.91209071054281,-1.2364819675142216,0.7685999870300293,67.4845962524414,40.14541626658162
36.87899526252414,-1.2481023848595014,0.7685999870300293,91.30660247802734,168.40762518025616
36.89047298863571,-1.2556650202461455,0.7685999870300293,146.1844024658203,24.683365529435303
36.9006263617344,-1.236985845933261,0.8935999870300293,92.506103515625,182.53477415499617
36.89132021783586,-1.2376993021018123,0.8935999870300293,172.7176055908203,198.3339661646825
36.89133805424007,-1.2481826486784633,0.7228999733924866,7.194200038909912,32.44872226240187
36.89068702548627,-1.2482718306995322,0.7228999733924866,27.54319953918457,42.36399385733324
36.872007851173386,-1.2383770854619358,0.7228999733924866,20.879199981689453,128.92696820967134
36.88577309612538,-1.2470411188087813,0.7228999733924866,46.48550033569336,86.53587240038195
36.879922755543255,-1.2400091164474973,0.7228999733924866,59.15480041503906,49.549862204211955
36.88522908579685,-1.2476252610467826,0.7853999733924866,78.23989868164062,27.043646668095363
36.89371921420261,-1.246140380395985,0.7853999733924866,125.92829895019531,141.2654808562555
36.88454684333568,-1.2381229167018892,0.7853999733924866,67.4175033569336,139.34887401053084
36.880261647223314,-1.2489629913628166,0.7853999733924866,588.4984741210938,6.624880590903057
36.89119982210741,-1.2547286090249217,0.7853999733924866,67.33830261230469,3.581861543643466
36.89494546699231,-1.2384528901798442,0.7853999733924866,197.64480590820312,4.638077818807151
36.898392352106626,-1.2371151598638108,0.8478999733924866,113.34429931640625,166.62121912374013
36.91838250212923,-1.2390682461252198,0.8478999733924866,48.27119827270508,49.60347759238863
36.90713664927244,-1.237516478958621,0.8478999733924866,241.53880310058594,87.85871308896968
36.91587202823613,-1.2378196978302551,0.8478999733924866,60.766700744628906,188.41859316468378
36.90220934260837,-1.2378419933355223,0.8478999733924866,153.19320678710938,186.54058532635204
36.90345789090334,-1.2366603315563591,0.9103999733924866,124.52110290527344,3.3830683404173816
36.893821773526845,-1.2539438072395155,0.9103999733924866,238.75489807128906,144.2637069056562
36.88332059054598,-1.2494534924786957,0.9103999733924866,192.46359252929688,181.17924197158877
36.8982897927824,-1.2428763184248626,0.9103999733924866,61.5458984375,42.95533960539824
36.89240377939185,-1.2555401654166494,0.7117000222206116,27.39539909362793,165.36457118155397
36.90019828803327,-1.2420201710226013,0.7117000222206116,139.6923065185547,41.396667813709826
36.9076762004999,-1.2396122564537404,0.7117000222206116,187.03610229492188,109.09461006496937
36.91397691028842,-1.2397192748790231,0.7117000222206116,53.21269989013672,65.15121532478555
36.87518273112344,-1.2376636292933845,0.7742000222206116,153.00230407714844,198.33469397268533
36.91190788739962,-1.2372935239059486,0.7742000222206116,15.787099838256836,37.202996840189456
36.88151465461933,-1.2494713288829093,0.7742000222206116,106.47260284423828,148.12385651544528
36.883302754141766,-1.2388631274767614,0.7742000222206116,162.4687042236328,104.09197317042681
36.882045287644694,-1.2482183214868912,0.8367000222206116,138.285400390625,32.449045896768716
36.91923419043043,-1.2418641024857309,0.8367000222206116,105.86689758300781,53.64909355818625
36.892131774227586,-1.2541043348774397,0.8367000222206116,39.67359924316406,31.718558242357744
36.88946969089867,-1.2462607761244282,0.8367000222206116,92.28009796142578,175.7741310179594
36.908501134194786,-1.2389790641041512,0.8367000222206116,112.1897964477539,130.19668372192467
36.886651539032904,-1.2475895882383552,0.7172999978065491,57.95050048828125,27.043742975425403
36.91242514312182,-1.238448431078791,0.7797999978065491,52.502201080322266,86.36996515888573
36.88980412347769,-1.2479017253120963,0.7797999978065491,39.620201110839844,2.7024383062490323
36.892131774227586,-1.252392040072916,0.7797999978065491,85.16919708251953,101.92725323082686
36.879851409926395,-1.2396657656663816,0.7797999978065491,69.89199829101562,9.88839420366674
36.88197840112889,-1.2487132817038233,0.7797999978065491,486.3481140136719,101.85661015355127
36.90356490932862,-1.2369367958216728,0.8422999978065491,256.86370849609375,10.670007392979766
36.88411876963455,-1.2343193035033004,0.8422999978065491,136.0426025390625,191.11306940138522
36.877117980980636,-1.2382388533292792,0.8422999978065491,135.08380126953125,138.84242867889887
36.87976222790533,-1.2477233612699583,0.8422999978065491,906.4992065429688,133.23742866781654
36.882241488091054,-1.247999825535272,0.8422999978065491,145.55140686035156,12.618278790542394
36.894976680699685,-1.2398931798201072,0.9047999978065491,111.15959930419922,117.12301587269599
36.88153695012459,-1.2496051019145122,0.9047999978065491,118.24549865722656,155.15788048422093
36.89133805424007,-1.2496006428134594,0.7285000085830688,79.34960174560547,191.09453667264705
36.883231408524914,-1.2487846273206786,0.7285000085830688,104.05940246582031,101.85635054937603
36.89279618028455,-1.2395319926347783,0.7285000085830688,159.99920654296875,0.02669994543219648
36.89618509708517,-1.2381229167018892,0.7910000085830688,26.414499282836914,75.04647182416609
36.89317074477303,-1.2469965277982467,0.7910000085830688,111.37449645996094,96.45064671059792
36.884792093893616,-1.2363303580784042,0.8535000085830688,59.232398986816406,19.856331575707777
36.89292549421509,-1.240606635988659,0.8535000085830688,139.13589477539062,118.95765419414774
36.883864600874496,-1.247339878579362,0.8535000085830688,255.06149291992188,56.78955348124368
36.892582143433984,-1.2524901402960922,0.8535000085830688,48.96929931640625,59.72293841535817
36.89782604627283,-1.2456454201790528,0.8535000085830688,48.86090087890625,139.99708917139802
36.89377272341525,-1.2399243935274817,0.9160000085830688,216.39309692382812,39.63481409008676
36.90344897270123,-1.240356926329666,0.7340999841690063,52.251399993896484,89.21155058686908
36.88979520527558,-1.2553127512629234,0.7340999841690063,146.86090087890625,52.6909726789881
36.89026341088619,-1.2477367385731188,0.7340999841690063,26.692899703979492,17.128241364126563
36.911644800437465,-1.236588985939504,0.7965999841690063,15.680299758911133,2.0740746581237297
36.92020181535903,-1.2384796447861652,0.7965999841690063,56.65629959106445,119.01154154198012
36.91701801720687,-1.2461180848907176,0.7965999841690063,65.60540008544922,198.82764039847416
36.89169478232435,-1.2461448394970387,0.8590999841690063,222.0561065673828,185.68920882660856
36.88528705411055,-1.248080089354234,0.8590999841690063,165.6096954345703,12.617797933541297
36.89152533648432,-1.2412353692371947,0.8590999841690063,56.72779846191406,188.3651652887874
36.898093592336046,-1.2367004634658403,0.8590999841690063,162.90469360351562,110.356197363827
36.901683168684066,-1.2371329962680244,0.8590999841690063,73.6332015991211,172.52521927771315
36.88412768783665,-1.248080089354234,0.7508999705314636,43.6328010559082,22.533298900307635
36.90900947171489,-1.2390950007315407,0.7508999705314636,50.47140121459961,179.4349862764026
36.90631617467861,-1.2398173751021988,0.7508999705314636,22.02750015258789,30.155908043451486
36.89194003288229,-1.2544120128501273,0.7508999705314636,52.039798736572266,45.78640110110127
36.90177235070514,-1.2369055821142987,0.8133999705314636,142.7991943359375,151.42677949009754
36.906436570407045,-1.2412130737319276,0.8133999705314636,168.64540100097656,188.96890094800284
36.91494007611596,-1.2412665829445688,0.8133999705314636,69.9833984375,188.36522826263524
36.918351288421846,-1.2452931511958303,0.8133999705314636,38.75,46.15310049652108
36.91917622211674,-1.2414226514814395,0.8133999705314636,31.73710060119629,43.66887558367892
36.88138979978983,-1.2496987430366349,0.8133999705314636,153.8376007080078,148.1238307124444
36.88681652577188,-1.246907345777178,0.8133999705314636,140.33349609375,106.36665479729129
36.918257647299725,-1.2407805409297432,0.8758999705314636,71.55860137939453,56.133407262711884
36.883735286943946,-1.2393848423000149,0.8758999705314636,66.63880157470703,174.43264754468348
36.91050327056779,-1.237324737613323,0.8758999705314636,262.52899169921875,156.83869160397097
36.91755756843433,-1.2456454201790526,0.7397000193595886,31.844900131225586,135.97499524289708
36.901589527561946,-1.2370348960448485,0.7397000193595886,24.121599197387695,172.53276103528546
36.89420079711639,-1.2462563170233747,0.7397000193595886,43.55099868774414,92.0368064407404
36.90533517244684,-1.240156266782261,0.8022000193595886,58.78519821166992,69.38084103961486
36.91430242466532,-1.2400046573464438,0.8022000193595886,80.5031967163086,59.28875808462241
36.89950266826894,-1.2361118621267853,0.8647000193595886,180.46510314941406,83.38115241445584
36.877528218277554,-1.239768324990611,0.9272000193595886,663.1384887695312,39.63412861650251
36.888827580346984,-1.2479106435142033,0.7452999949455261,30.331199645996094,2.7023648923250034
36.916768307547876,-1.241369142268798,0.7452999949455261,118.28970336914062,198.28052738354748
36.882616052579536,-1.2488827275438545,0.8077999949455261,115.9000015258789,111.771835454586
36.89701894898216,-1.2387025998388377,0.9327999949455261,193.64109802246094,187.5990939130171
36.90682005309765,-1.239737111283237,0.7620999813079834,37.758399963378906,52.82232559508283
36.891538713787476,-1.2525748632161076,0.7620999813079834,105.11940002441406,137.09771610973664
36.917740391577524,-1.2424125719153045,0.7620999813079834,100.50379943847656,116.01471310536972
36.89603348764935,-1.245618665572732,0.7620999813079834,95.50669860839844,0.6456192012102755
36.906842348602915,-1.240307876218078,0.7620999813079834,96.98400115966797,110.37599232695695
36.89450401598802,-1.245975393657008,0.8245999813079834,100.3479995727539,92.04817723674643
36.88989330549875,-1.2461849714065194,0.8245999813079834,30.16360092163086,185.68945400676773
36.89094565334737,-1.2552235692418543,0.8245999813079834,109.06600189208984,24.683717028530648
36.902392165751564,-1.2366514133542523,0.8245999813079834,217.99180603027344,81.07099481744412
36.89786171908126,-1.2427380862922057,0.8245999813079834,190.14700317382812,85.15197648833838
36.895837287203,-1.2453020693979373,0.8245999813079834,101.2865982055664,42.85353913943847
36.89229230186551,-1.2541578440900811,0.8245999813079834,140.54420471191406,45.786608339234334
36.91306725367352,-1.239300119379999,0.8870999813079834,65.62319946289062,100.37792344157093
36.91275065749871,-1.2377929432239343,0.8870999813079834,68.9312973022461,16.0443282959688
36.886276974544415,-1.2491547327081145,0.8870999813079834,134.09979248046875,141.51745475996066
36.89465562542384,-1.2536495065699877,0.7565000057220459,23.749399185180664,193.50241748868407
36.920763662091765,-1.2382254760261187,0.7565000057220459,164.7346954345703,138.84249473633682
36.8941606652069,-1.2458862116359388,0.8190000057220459,88.24240112304688,127.21260543508016
36.891984623892824,-1.2542648625153638,0.8190000057220459,131.20150756835938,31.71841982893475
36.89404026947845,-1.2469920686971934,0.8190000057220459,128.84120178222656,49.81371179153854
36.913798546246284,-1.2408162137381709,0.8190000057220459,87.8489990234375,166.75438558017413
36.89206934681284,-1.246425762863406,0.8190000057220459,79.0436019897461,155.9430541301636
36.9034712682065,-1.24077608182869,0.8190000057220459,66.17720031738281,138.78836333300663
36.89115523109689,-1.2491458145060075,0.8190000057220459,124.52940368652344,141.51769151259447
36.904019737636084,-1.2363526535836715,0.8190000057220459,151.28399658203125,66.7010033270178
36.88439523389986,-1.2388007000620131,0.8190000057220459,86.87139892578125,188.5534666514094
36.91755756843433,-1.242318930793182,0.8190000057220459,31.9281005859375,135.97516423906347
36.893621113979435,-1.2408741820518654,0.8815000057220459,84.88929748535156,148.70378723343973
36.90332411787174,-1.2366023632426641,0.8815000057220459,83.8363037109375,3.6623029309670114
36.87892837600833,-1.2485527540658994,0.7052000164985657,30.143299102783203,133.23747139685625
36.91536369071605,-1.2409901186792553,0.7677000164985657,46.857200622558594,158.61911699016983
36.89217190613707,-1.2501134394346056,0.7677000164985657,63.88740158081055,183.14763438097307
36.89962306399737,-1.2360271392067699,0.7677000164985657,47.18619918823242,73.46578850708781
36.89343829083625,-1.253279401182552,0.7677000164985657,104.5813980102539,66.8895418802065
36.89475372564701,-1.2450122278294635,0.7677000164985657,107.03279876708984,148.34687296195503
36.87914687195995,-1.240807295536064,0.8302000164985657,121.48359680175781,138.7879740468001
36.91374057793259,-1.2373113603101622,0.8302000164985657,45.367401123046875,103.55366021780195
36.91767796416278,-1.2462518579223212,0.8302000164985657,96.98889923095703,137.10920387171478
36.90918337665597,-1.2372177191880402,0.8927000164985657,135.464599609375,52.822195753581504
36.90349802281282,-1.2367450544763747,0.8927000164985657,131.11929321289062,3.6472356784908775
36.90438538392246,-1.2411729418224464,0.8927000164985657,95.88169860839844,178.4498025773819
36.90686018500712,-1.2400403301548713,0.8927000164985657,141.79080200195312,81.00988804518698
36.88500167164313,-1.2486374769859148,0.8927000164985657,314.9776916503906,91.94073138442322
36.92094648523496,-1.2402186941970088,0.7107999920845032,248.83090209960938,79.29544711674507
36.88016354700014,-1.239710356676916,0.7732999920845032,133.66189575195312,19.803831140538556
36.88342760897126,-1.2485884268743273,0.7732999920845032,119.0031967163086,82.02560778050804
36.88972831875977,-1.2398619661127332,0.7732999920845032,55.11050033569336,39.63480872063901
36.889344836069185,-1.2482049441837304,0.7732999920845032,57.947200775146484,32.44848979782609
36.88439077479881,-1.2472328601540794,0.7732999920845032,149.91879272460938,66.70500742747669
36.893469504543624,-1.2536316701657741,0.7732999920845032,98.03160095214844,95.025488926983
36.8816038366404,-1.2499752073019486,0.7732999920845032,102.01119995117188,190.3280129473484
36.886111987805435,-1.2353404376445392,0.7732999920845032,32.55509948730469,56.396278569431814
36.89440145666379,-1.245596370067465,0.7275999784469604,47.792598724365234,134.25989212928323
36.90449686144879,-1.241288878449836,0.7275999784469604,42.07600021362305,198.28052855099784
36.89258660253504,-1.2536673429742018,0.7900999784469604,199.4416046142578,38.75290586855172
36.8939689238616,-1.246448058368673,0.7900999784469604,129.96310424804688,99.06134780390744
36.91708490372267,-1.2415118335025084,0.7900999784469604,27.861299514770508,185.87633844394767
36.89229676096656,-1.2523385308602746,0.7900999784469604,78.90869903564453,94.89311309432952
36.89206934681284,-1.2507733863905155,0.7900999784469604,62.437801361083984,193.12778313580455
36.88650438869814,-1.2491681100112746,0.7900999784469604,123.76589965820312,141.51744127192407
36.89413836970163,-1.239647929262168,0.8525999784469604,209.13890075683594,32.69167521821942
36.88374420514606,-1.2383547899566687,0.8525999784469604,146.15159606933594,97.09928947386247
36.907372981628264,-1.239879802516947,0.8525999784469604,189.63009643554688,109.09464316180383
36.891333595139024,-1.2544030946480202,0.8525999784469604,174.04730224609375,3.452003436708093
36.90442551583193,-1.240035871053818,0.9150999784469604,120.26020050048828,59.465452668972745
36.8799182964422,-1.2503542308914912,0.9150999784469604,247.80589294433594,91.85150153816114
36.9173212360785,-1.242978877749092,0.9150999784469604,354.83599853515625,165.91578499362424
36.917570945737495,-1.2457301430990684,0.7164000272750854,14.216400146484375,135.97499066912368
36.89191327827597,-1.2472417783561862,0.7164000272750854,131.53880310058594,66.70481871170526
36.896648843594726,-1.2449453413136617,0.7789000272750854,98.48480224609375,7.707973796203504
36.902824698553744,-1.2410213323866293,0.8414000272750854,60.94260025024414,158.6191162836198
36.89173045513279,-1.2477233612699585,0.8414000272750854,47.8588981628418,17.1280343885809
36.916616698112065,-1.2412532056414087,0.8414000272750854,62.7849006652832,188.36516505893647
36.90158060935984,-1.2414939970982946,0.9039000272750854,67.16339874267578,111.69576476361262
36.89386190543632,-1.2478928071099893,0.9039000272750854,62.71590042114258,6.476064727512582
36.891262249522164,-1.2484189810342963,0.722000002861023,79.36389923095703,62.19479816357348
36.906436570407045,-1.2398842616180006,0.722000002861023,46.52399826049805,42.4110249147742
36.903720977865504,-1.2405531267760175,0.784500002861023,150.34230041503906,109.04226879211497
36.896086996861996,-1.238448431078791,0.784500002861023,250.0908966064453,89.09203074926029
36.91820859718814,-1.2420335483257616,0.784500002861023,26.904600143432617,66.11360554395704
36.895730268777726,-1.2443522808735534,0.847000002861023,374.5625,127.2769458442714
36.89119982210741,-1.254189057797455,0.847000002861023,100.63259887695312,38.62209517743853
36.89994857837428,-1.2362723897647094,0.909500002861023,143.2801971435547,103.21187089536956
36.89329559960254,-1.239509697129511,0.909500002861023,199.66969299316406,0.026675812921784565
36.89249742051397,-1.253368583203621,0.7387999892234802,31.794599533081055,3.5828871657639207
36.89691638965793,-1.2454938107432356,0.7387999892234802,56.11920166015625,55.60390147679929
36.9152432949876,-1.241248746540355,0.7387999892234802,66.28399658203125,188.36521016360936
36.89332681330991,-1.246706686229773,0.8012999892234802,118.9906997680664,126.19669349330306
36.88052027508441,-1.240896477557133,0.8012999892234802,89.39029693603516,148.7036237815791
36.89617171978201,-1.2453243649032044,0.8012999892234802,106.43910217285156,14.721224722473124
36.900242879043816,-1.2369323367206193,0.8012999892234802,147.76800537109375,172.6194065026995
36.90830047464738,-1.2397817022937714,0.8637999892234802,78.80760192871094,179.43501661933192
36.89251971601924,-1.239349169491587,0.8637999892234802,147.9470977783203,19.85743525942808
36.88324032672702,-1.239335792188427,0.8637999892234802,86.66709899902344,139.2435055444672
36.88126494496035,-1.247415683297271,0.9262999892234802,2364.11181640625,38.894955782748255
36.888992567085964,-1.2552458647471219,0.7332000136375427,127.48300170898438,123.0314155759754
36.883672859529206,-1.239295660278946,0.7332000136375427,94.52030181884766,160.36451312271
36.91768688236488,-1.2407939182329035,0.7957000136375427,20.107099533081055,125.99501242490769
36.88376204155027,-1.238087243893462,0.7957000136375427,113.57990264892578,76.01590119168007
36.902945094282195,-1.241230910136141,0.8582000136375427,50.75640106201172,188.36519911811544
36.88732040419091,-1.247808084189974,0.8582000136375427,64.01930236816406,7.213031300503281
36.897005571679,-1.2379936027713399,0.8582000136375427,139.38909912109375,131.35666863443427
36.901362113408226,-1.2393670058958008,0.8582000136375427,68.77369689941406,71.23011845541104
36.892577684332934,-1.2389790641041512,0.9207000136375427,199.49620056152344,59.518884887876105
36.91670588013312,-1.2122289168845293,0.75,123.21589660644531,14.109215839751794
36.918699098304025,-1.2141418712364573,0.8125,90.24720001220703,21.14314724077692
36.905687441430054,-1.2047465453168473,0.7555999755859375,65.26730346679688,73.27830701604401
36.91600580126774,-1.2118900252044673,0.8180999755859375,350.4150085449219,21.061189726587767
36.915212081280224,-1.2111498144295954,0.8694000244140625,109.98429870605469,14.027180806493943
36.91531464060445,-1.2116091018381006,0.8917999863624573,72.45549774169922,42.1634646577658
36.89903000355727,-1.2037521657819286,0.7612000107765198,62.07979965209961,183.00673682046656
36.916545352495206,-1.2120505528423915,0.8237000107765198,122.78800201416016,21.14329156483911
36.896680057302106,-1.2036005563461114,0.8862000107765198,133.06520080566406,173.09098051034246
36.91632239744253,-1.2123225580066517,0.715499997138977,93.29720306396484,21.061174279368352
36.90319480394119,-1.2041534848767388,0.777999997138977,75.19200134277344,81.47157754332375
36.902088946879935,-1.2035515062345234,0.840499997138977,48.9656982421875,116.64210027379973
36.907680659600956,-1.2060218482181326,0.840499997138977,64.63040161132812,18.89246350548548
36.91769134146593,-1.213276805632089,0.9085999727249146,100.49169921875,7.075102987493788
36.90085377588813,-1.2032036963523547,0.7724000215530396,106.28150177001953,123.5150316195775
36.90480899852253,-1.2048491046410763,0.8349000215530396,154.32980346679688,11.130705660073566
36.904902639644654,-1.2051344871084968,0.8517000079154968,144.33309936523438,25.198889837632862
36.90711881286821,-1.2049382866621452,0.7322999835014343,99.36370086669922,137.87675072226276
36.90283807585692,-1.2035515062345237,0.8059999942779541,55.03049850463867,60.36935154205516
36.906115515131184,-1.2078456205489922,0.8059999942779541,170.63279724121094,190.95126677155966
36.90538422255843,-1.2059148297928501,0.8684999942779541,60.55229949951172,53.33529187675726
36.9039216374129,-1.2050319277842676,0.7379000186920166,10.142999649047852,95.53973239288922
36.90841641127477,-1.20565620193175,0.8629000186920166,83.69020080566406,58.553909386765575
36.9067085755713,-1.2080150663890228,0.7659000158309937,149.50999450683594,199.2454857016969
36.90652129332707,-1.2080418209953434,0.7089999914169312,99.18419647216797,199.2454985889512
36.90389934190763,-1.204166862179899,0.7714999914169312,51.866798400878906,25.19886384295369
36.89961414579527,-1.203502456122936,0.8339999914169312,43.61940002441406,163.17613976747822
36.91715624933953,-1.2120773074487123,0.7202000021934509,117.93309783935547,63.34775954611419
36.909227967666496,-1.2058524023781017,0.7882999777793884,49.888301849365234,38.72317714533227
36.90019828803327,-1.2034623242134548,0.8396000266075134,67.61129760742188,153.26091329649188
36.89970332781634,-1.2035960972450583,0.7369999885559082,26.105100631713867,173.0915198360035
36.9051478902026,-1.205575938112788,0.7994999885559082,93.01290130615234,39.26709178069084
36.90615118793963,-1.2071945917951887,0.7426000237464905,86.9542007446289,111.00488253139753
36.900385570277514,-1.2036317700534855,0.8051000237464905,252.89700317382812,183.0070603493109
36.91778498258806,-1.2129423730530806,0.9301000237464905,1093.137451171875,28.17734226645634
36.91745946821116,-1.2122958034003308,0.810699999332428,100.74620056152344,77.41590841761608
36.89979250983741,-1.2035292107292561,0.7537999749183655,304.6051940917969,173.0915414045746
36.90490709874571,-1.205575938112788,0.7594000101089478,29.812700271606445,60.36933696295549
36.90475103020884,-1.2040375482493493,0.8274999856948853,89.76349639892578,45.1420102252009
36.906458865912306,-1.2062537214729114,0.7817999720573425,90.82219696044922,0.938321961615164
36.90118820846714,-1.2036050154471647,0.8442999720573425,39.90879821777344,173.09193084638943
36.90680667579448,-1.2060842756328811,0.8442999720573425,85.36640167236328,8.9770628972088
36.90419364257717,-1.2060842756328813,0.8331000208854675,104.51399993896484,158.84652675663324
36.90062636173441,-1.2031724826449803,0.713699996471405,88.08650207519531,123.51495615379508
36.91535031341288,-1.2105924267979145,0.7304999828338623,260.4693908691406,35.2113452394121
36.91852519336294,-1.2132143782173408,0.9179999828338623,1182.0848388671875,49.27953481296868
36.903801241684455,-1.2048089727315956,0.7874000072479248,52.727901458740234,81.4715585625844
36.90679775759238,-1.2080507391974507,0.7874000072479248,58.106300354003906,199.245479748875
36.91709828102583,-1.2130850642867907,0.9124000072479248,284.2898864746094,21.061180482734386
36.90479562121937,-1.204505753859961,0.8611000180244446,202.0449981689453,17.005650935783244
36.900269633650126,-1.2033107147776376,0.8041999936103821,136.17930603027344,143.34560121222088
36.90621807445542,-1.2079704753784881,0.8779000043869019,158.8948974609375,199.79804137342222
36.91535031341288,-1.210048416469394,0.7864999771118164,747.771484375,63.34762621066182
36.905625014015314,-1.2048624819442368,0.7864999771118164,63.45930099487305,52.17604219375641
36.897447022683295,-1.2029584457944154,0.8489999771118164,61.163299560546875,103.6835749960319
36.916910998781596,-1.2121308166613534,0.8489999771118164,101.62670135498047,42.245526645294206
36.89899433074885,-1.203725411175608,0.8378000259399414,110.56189727783203,192.9220767041411
36.90239662485263,-1.2035336698303098,0.7921000123023987,98.22660064697266,102.57390066077633
36.916340233846746,-1.2125811858677513,0.746399998664856,110.24669647216797,42.16340304018691
36.90686910320923,-1.206766518094058,0.808899998664856,35.5791015625,60.43044525515777
36.905509077387926,-1.2076761747089613,0.871399998664856,187.71609497070312,180.67387172927454
36.905772164350076,-1.2067977318014322,0.8144999742507935,62.928001403808594,81.55735005636737
36.8980311649213,-1.2033285511818512,0.8769999742507935,180.2364044189453,143.34509553313697
36.90886678048116,-1.2058746978833688,0.8033000230789185,44.10810089111328,38.723186707431175
36.90856356160954,-1.2055224289001467,0.7631999850273132,78.83190155029297,78.38462658486795
36.90535300885105,-1.205352983060116,0.7631999850273132,83.1968994140625,11.130748327085499
36.90661939355024,-1.2056874156391242,0.774399995803833,243.01119995117188,58.55384595249039
36.90665060725761,-1.20605752102656,0.774399995803833,96.76850128173828,18.892409739796907
36.90349356371177,-1.2040553846535629,0.836899995803833,48.4922981262207,53.33522249003848
36.908947044300135,-1.2057498430538724,0.7174999713897705,44.47740173339844,48.63854385638882
36.90894704430013,-1.2064008718076755,0.8424999713897705,149.9696044921875,20.76896967187195
36.89439699756273,-1.2037432475798218,0.8424999713897705,62.028499603271484,183.00618325242164
36.907243667697706,-1.2072302646036164,0.7688000202178955,51.815399169921875,110.00722184793683
36.903529236520185,-1.2048000545294886,0.8938000202178955,73.01840209960938,102.57382035613175
36.89665776179684,-1.2025794222048725,0.8481000065803528,70.7667007446289,64.02203391376491
36.90805076498839,-1.2053440648580087,0.7398999929428101,56.582698822021484,98.21534324008003
36.90310562192012,-1.2042917170093954,0.8648999929428101,74.74859619140625,102.57383734221587
36.897915228293904,-1.2027131952364758,0.8136000037193298,38.20429992675781,73.93756907750827
36.904131215162415,-1.2041534848767388,0.8761000037193298,146.64540100097656,11.130687734301588
36.9063161746786,-1.2056026927191086,0.7566999793052673,38.63930130004883,52.175946551396954
36.90410446055609,-1.2044923765568003,0.7735000252723694,66.76860046386719,39.26703690934491
36.90661939355024,-1.205094355199016,0.7791000008583069,138.97959899902344,108.4486494753923
36.91520316307812,-1.2104541946652578,0.8471999764442444,96.29000091552734,35.21131973978807
36.90309670371801,-1.2036629837608597,0.9096999764442444,151.49110412597656,53.33524404542361
36.90583905086588,-1.207876834256366,0.7333999872207642,102.53730010986328,184.92102376490357
36.90745770454828,-1.2054332468790778,0.7333999872207642,159.82749938964844,78.38460874671391
36.90713219017138,-1.2048624819442366,0.8583999872207642,249.70860290527344,147.79210503775127
36.90846992048741,-1.206307230685553,0.8126999735832214,34.264198303222656,10.85360434287493
36.89619847438833,-1.2035738017397908,0.8126999735832214,109.12779998779297,173.09093298872466
36.907025171746106,-1.2060352255212932,0.8015000224113464,57.452598571777344,18.89243289675773
36.897540663805415,-1.2031903190491942,0.9265000224113464,229.52520751953125,123.5142925501101
36.905919314684844,-1.207533483475251,0.8808000087738037,228.1616973876953,163.33636346135356
36.90578554165324,-1.2049516639653057,0.7613999843597412,94.49019622802734,59.210114149714876
36.90546894547845,-1.205205832725352,0.8406999707221985,229.51820373535156,9.971514521633782
36.90695382612924,-1.2058613205802087,0.7045000195503235,41.31800079345703,38.72315102098583
36.90473319380462,-1.204715331609473,0.7268999814987183,51.868900299072266,4.096612061103132
36.89357652296891,-1.203774461287196,0.7893999814987183,122.92729949951172,192.92153579025094
36.903582745732834,-1.2037610839840356,0.800599992275238,416.73779296875,25.198875253360814
36.91473049836645,-1.2096827701830117,0.7548999786376953,71.72109985351562,56.31345953973155
36.90020274713432,-1.2037298702766612,0.8173999786376953,61.03110122680664,183.00701297332495
36.91847168415029,-1.2136736656258458,0.8173999786376953,64.1635971069336,42.2454201461576
36.905495700084764,-1.2076048290921058,0.8743000030517578,145.21620178222656,185.56278921362804
36.89693422606215,-1.2036585246598062,0.8285999894142151,90.5614013671875,183.0063717709492
36.90510775829311,-1.2052325873316727,0.8910999894142151,120.1583023071289,18.164813731551025
36.90466184818777,-1.2038903979145856,0.8910999894142151,186.5124053955078,52.17610096152061
36.90245013406527,-1.203413274101867,0.8910999894142151,92.76200103759766,81.47164093679812
36.90599511940275,-1.2053262284537953,0.7605000138282776,100.84200286865234,45.14190777707332
36.906293879173326,-1.20749335156577,0.8230000138282776,98.64630126953125,139.7533573414589
36.90438538392246,-1.2053396057569554,0.7203999757766724,41.5702018737793,81.47156941484869
36.898766916595115,-1.2034177332029201,0.7828999757766724,116.5469970703125,153.2605864584446
36.8969966534769,-1.2035113743250425,0.7828999757766724,46.906700134277344,163.17566557072317
36.89754512290647,-1.203355305788172,0.7828999757766724,100.5624008178711,143.3450235569193
36.908612611721125,-1.2055714790117342,0.7717000246047974,29.799699783325195,68.46926756285005
36.904528075156165,-1.2054689196875052,0.8342000246047974,157.36070251464844,81.47157859784363
36.90426052909295,-1.2041401075735785,0.8342000246047974,36.31290054321289,2.937487447743248
36.904782243916216,-1.2043318489188766,0.8967000246047974,115.53369903564453,31.073829195884244
36.917530813828016,-1.2128665683351723,0.8398000001907349,41.32659912109375,35.2114278130665
36.89707691729586,-1.203725411175608,0.8565999865531921,131.4862060546875,183.00639501838447
36.90609321962593,-1.204626149588404,0.8565999865531921,148.20260620117188,108.44872662004397
36.905339631547896,-1.206967177641463,0.7260000109672546,65.57499694824219,130.71028896979578
36.90765836409569,-1.2077341430226556,0.7885000109672546,91.49099731445312,169.49936045413708
36.906788839390266,-1.2071277052793872,0.8108999729156494,166.37100219726562,100.09188752168372
36.90752013196303,-1.205455542384345,0.7595999836921692,61.62080001831055,78.3846120820251
36.90480008032043,-1.2050720596937483,0.7652000188827515,106.62069702148438,25.19888399611152
36.91659886170785,-1.2124117400277203,0.8277000188827515,96.7677001953125,6.993016148962864
36.9069003169166,-1.2073640376352197,0.8445000052452087,80.11710357666016,129.8379594704384
36.895105994630235,-1.2031724826449803,0.8445000052452087,179.45140075683594,123.514058154025
36.90327506776015,-1.2036050154471647,0.7875999808311462,171.15379333496094,32.232976292196575
36.90588810097747,-1.205085436996909,0.7875999808311462,55.41899871826172,59.210103474443265
36.90453253425722,-1.2047465453168473,0.8500999808311462,225.7593994140625,32.23295582391863
36.91853411156504,-1.2135086788868683,0.9125999808311462,183.62860107421875,56.3135717738246
36.9056071776111,-1.2051434053106036,0.7764000296592712,29.77280044555664,31.073768500073964
36.90615118793962,-1.2060129300160256,0.8100000023841858,52.7859001159668,2.9373260489888757
36.897839423576,-1.2032482873628891,0.8155999779701233,104.94249725341797,133.4297069651764
36.90546002727634,-1.2048178909337022,0.7419000267982483,72.03060150146484,38.107877627130435
36.90634292928492,-1.2068690774182873,0.8669000267982483,101.31220245361328,70.34584306369251
36.91635361114991,-1.2122958034003308,0.7017999887466431,94.36329650878906,14.027095690127295
36.90731501331457,-1.206757599891951,0.7017999887466431,89.64230346679688,60.430422034797274
36.90329736326542,-1.2046038540831367,0.7017999887466431,11.007599830627441,109.60791371281401
36.91639820216044,-1.212246753288743,0.7642999887466431,89.66020202636719,6.993019219201638
36.91869463920297,-1.213967966295373,0.7642999887466431,85.38970184326172,35.211311953333734
36.90668182096498,-1.2059326661970637,0.8892999887466431,60.75859832763672,28.807775086438784
36.90653912973127,-1.2070786551677992,0.8324000239372253,162.17230224609375,100.09190636174135
36.90767174139884,-1.2074799742626094,0.8090999722480774,65.00299835205078,139.7532827725843
36.914703743760136,-1.2096203427682635,0.8090999722480774,105.67109680175781,63.347531455410866
36.908193456222094,-1.2052994738474743,0.8090999722480774,110.37689971923828,98.2153442850346
36.906115515131184,-1.2065613994455995,0.8715999722480774,91.1781005859375,47.59011848116236
36.90490263964466,-1.2047019543063127,0.8715999722480774,79.46440124511719,9.97155713077564
36.904746571107786,-1.2065569403445462,0.9229000210762024,96.61940002441406,151.81248076562792
36.90733730881984,-1.2056205291233224,0.8659999966621399,104.45020294189453,58.553887031353575
36.897968737506545,-1.203502456122936,0.8659999966621399,101.49140167236328,163.1758131583922
36.916286724634105,-1.211823138688666,0.9284999966621399,258.0502014160156,7.075126888522281
36.90265525271373,-1.2036808201650735,0.8772000074386597,97.12409973144531,88.50570450871832
36.91652751609098,-1.2127015815961946,0.7577999830245972,113.94560241699219,35.129324203814896
36.899582932087895,-1.203395437697653,0.7577999830245972,91.04209899902344,153.26078095039998
36.900126942416414,-1.203163564442874,0.7064999938011169,63.770999908447266,123.51483689862376
36.90166533227986,-1.2037878385903562,0.7689999938011169,27.109100341796875,172.91481898002144
36.91681735765947,-1.2120505528423915,0.7689999938011169,90.74459838867188,42.24552660496488
36.90385920999815,-1.2060307664202397,0.8939999938011169,56.964698791503906,179.9487721120263
36.893643409484696,-1.2036763610640202,0.8371000289916992,118.41200256347656,183.00617634282608
36.90650345692285,-1.207016227753051,0.796999990940094,41.327999114990234,90.17654718812497
36.90479562121937,-1.2056116109212158,0.762499988079071,50.89030075073242,67.40341915463173
36.904434434034044,-1.205415410474864,0.762499988079071,19.41189956665039,81.4715736585532
36.90746216364934,-1.2075914517889454,0.824999988079071,163.7845001220703,159.58401024235337
36.90665506635867,-1.2048401864389693,0.824999988079071,165.38839721679688,129.55093072413698
36.90708314005979,-1.2058301068728343,0.824999988079071,165.26060485839844,38.723155992234254
36.91743271360483,-1.2131519508025925,0.887499988079071,307.9082946777344,0.04104206520700608
36.905473404579496,-1.2041980758872732,0.8417999744415283,149.52740478515625,87.34651281640946
36.90464847088461,-1.2040241709461885,0.9042999744415283,145.76060485839844,38.107923679772014
36.89756741841174,-1.2035202925271498,0.8306000232696533,241.45899963378906,163.17574118217453
36.89780820986862,-1.2036050154471647,0.8931000232696533,96.07150268554688,173.09114221571642
36.897313249651695,-1.2037566248829819,0.8529999852180481,113.78269958496094,192.921778413887
36.90376110977498,-1.2041490257756853,0.7224000096321106,27.6835994720459,39.26704087828174
36.916496302383614,-1.2115020834128174,0.7849000096321106,40.834999084472656,56.313672748615424
36.906534670630215,-1.2047732999231675,0.7391999959945679,201.7001953125,129.55094461675836
36.90023841994275,-1.203382060394493,0.8072999715805054,121.59960174560547,153.26096002037943
36.90553137289319,-1.2045146720620679,0.7336000204086304,16.07659912109375,73.27832394475817
36.90001546489009,-1.2031412689376066,0.7961000204086304,42.78120040893555,123.51481402581872
36.916028096773005,-1.211515460715978,0.8296999931335449,194.70089721679688,14.109186684087556
36.907034089948205,-1.2046974952052592,0.7159000039100647,168.6475067138672,167.6228179589136
36.908211292626305,-1.206494512929798,0.8464999794960022,58.03350067138672,30.68432274643847
36.905696359632174,-1.204942745763199,0.7103000283241272,76.21499633789062,52.17603267493866
36.904768866613054,-1.2054421650811846,0.7728000283241272,73.07869720458984,67.40341259782207
36.90137549071138,-1.2033062556765841,0.9146000146865845,218.9615020751953,143.34590894453316
36.91831561561342,-1.2135711063016164,0.795199990272522,31.377700805664062,35.21136178945175
36.90513451289943,-1.2056606610328036,0.795199990272522,81.50859832763672,53.33526317770174
36.89420525621744,-1.2036986565692873,0.8008000254631042,59.387298583984375,183.0061795686811
36.90779213712729,-1.2055447244054138,0.8633000254631042,85.15039825439453,68.46926110279385
36.91710719922793,-1.2127283362025152,0.8689000010490417,178.63119506835938,0.04105739078938414
36.89737567706645,-1.2027042770343688,0.9314000010490417,190.10000610351562,73.93748564057903
36.90592823288694,-1.2052325873316725,0.7494999766349792,105.56790161132812,45.1419196194331
36.90319926304224,-1.2055714790117344,0.8119999766349792,105.51719665527344,194.01693824701516
36.906989498937676,-1.2077430612247626,0.8119999766349792,29.321699142456055,169.49939106288335
36.9051568084047,-1.2057543021549257,0.7551000118255615,41.743900299072266,53.33527204795876
36.90280240304848,-1.2039126934198527,0.8801000118255615,222.37860107421875,95.5397718039626
36.90470198009725,-1.205147864411657,0.8801000118255615,61.878501892089844,39.26705674068353
36.90768957780307,-1.2062180486644845,0.8288000226020813,22.167400360107422,0.9382546543085241
36.91613065609723,-1.2114173604928018,0.8343999981880188,44.65999984741211,35.21142536148555
36.917365827089036,-1.2121843258739948,0.8968999981880188,219.36439514160156,70.38183239721648
36.90677992118817,-1.2054287877780245,0.8456000089645386,69.2251968383789,88.29993525127328
36.904728734703575,-1.2042961761104487,0.7886999845504761,109.52770233154297,24.03974356951183
36.89439699756274,-1.2031457280386597,0.8511999845504761,50.2218017578125,123.51403037650071
36.90571865513744,-1.2047777590242212,0.7943000197410583,54.02510070800781,66.24421557532729
36.90534854975001,-1.204626149588404,0.9193000197410583,224.0334014892578,45.141976052744575
36.90249918417685,-1.2035871790429513,0.7998999953269958,205.49749755859375,95.53980718192481
36.90751121376092,-1.2060976529360414,0.8166999816894531,41.442901611328125,8.977098740995006
36.909022849018044,-1.206026307319186,0.8791999816894531,216.00819396972656,18.89246668343728
36.916937753387906,-1.2124295764319346,0.7486000061035156,19.424999237060547,21.14329308703873
36.90687802141133,-1.206146703047629,0.8223000168800354,28.228200912475586,8.977068522858062
36.903391004387544,-1.2039840390367076,0.7196999788284302,35.79100036621094,53.335226836440334
36.894521852392245,-1.2031903190491944,0.7821999788284302,118.38179779052734,123.51403270746336
36.91832007471447,-1.2136513701205784,0.7766000032424927,82.97840118408203,28.177280384447588
36.906516834226004,-1.205036386885321,0.7766000032424927,66.15270233154297,108.4486640736811
36.91696004889317,-1.2116804474549554,0.79339998960495,232.95050048828125,77.41591578144573
36.905018576272056,-1.2039884981377613,0.8101999759674072,182.59129333496094,66.24426846907498
36.894936548790206,-1.2029985777038963,0.821399986743927,84.83200073242188,103.68333169915915
36.894566443402766,-1.2029584457944151,0.7075999975204468,151.29710388183594,103.68331781041556
36.91081540764153,-1.206757599891951,0.7756999731063843,24.483400344848633,14.0285631192755
36.9024947250758,-1.2039751208346012,0.8438000082969666,101.28389739990234,123.67613974725711
36.90327506776015,-1.204354144424144,0.9063000082969666,160.1472930908203,95.539743216712
36.89744256358224,-1.2032839601713168,0.849399983882904,323.58758544921875,143.34501013987534
36.90991912832978,-1.2065212675361185,0.8605999946594238,52.668701171875,30.684371274752028
36.91609052418775,-1.2120193391350174,0.8605999946594238,131.95730590820312,6.993029073661009
36.906200238051206,-1.2059638799044379,0.7925000190734863,114.21109771728516,9.971418723366
36.9026374163095,-1.2038725615103716,0.8550000190734863,79.48210144042969,102.57387170477348
36.90644548860916,-1.2051969145232448,0.8148999810218811,206.14100646972656,87.34639808133461
36.90802846948312,-1.2052281282306192,0.7580000162124634,52.85390090942383,108.13070223523813
36.903636254945475,-1.2048669410452904,0.8260999917984009,35.5525016784668,102.57381904401964
36.894718052838584,-1.20327504196921,0.8885999917984009,123.46050262451172,133.42940044722317
36.90370760056233,-1.20459493588103,0.8998000025749207,174.78439331054688,81.47156050902993
36.89463332991857,-1.2037789203882494,0.7860000133514404,93.03959655761719,192.92155006738324
36.906771002986055,-1.2056517428306965,0.7860000133514404,32.29290008544922,58.55385818536238
36.90420701988032,-1.2048892365505575,0.7972000241279602,30.760499954223633,60.36930030706093
36.90645440681126,-1.2055714790117342,0.8597000241279602,80.5458984375,59.21002479882086
36.90680667579447,-1.2074220059489147,0.8597000241279602,160.30690002441406,139.75332430541943
36.91856086617137,-1.2136736656258456,0.7402999997138977,54.13249969482422,49.27948967736603
36.90746662275039,-1.2070563596625319,0.8027999997138977,198.1136932373047,90.1764958395923
36.905625014015314,-1.2043452262220367,0.8765000104904175,99.19760131835938,94.38058940719856
36.9151184401581,-1.2100261209641268,0.7738999724388123,193.71299743652344,63.34761216577675
36.90319926304224,-1.2044656219504801,0.7738999724388123,131.50979614257812,109.60791757118308
36.90545110907423,-1.2053931149695967,0.8363999724388123,65.9623031616211,4.096667069892132
36.90652575242811,-1.2044522446473194,0.8877000212669373,103.27799987792969,150.65322510098008
36.90645440681126,-1.2048936956516108,0.8307999968528748,206.9250946044922,115.4827575945823
36.904693061895145,-1.2048491046410763,0.7907000184059143,64.34609985351562,25.198874400524122
36.90524153132472,-1.203966202632494,0.7907000184059143,126.85459899902344,94.38061487311083
36.915140735663364,-1.210155434894677,0.8130999803543091,65.21790313720703,56.313539069004264
36.91219326986704,-1.2080239845911298,0.8130999803543091,28.015199661254883,6.993896602718823
36.90245459316632,-1.2036941974682338,0.8075000047683716,58.457401275634766,102.57389031400986
36.89478493935439,-1.203627310952432,0.8700000047683716,134.90280151367188,183.006198167931
36.90587472367431,-1.2053797376664366,0.7617999911308289,160.36659240722656,31.07373573949214
36.917312317876394,-1.2126882042930343,0.7730000019073486,42.88290023803711,28.177362210509607
36.90507654458574,-1.2048178909337022,0.7217000126838684,101.12789916992188,17.00563555664987
36.90427836549718,-1.2050408459863744,0.7842000126838684,41.3130989074707,67.40339025216889
36.89832992469187,-1.2031412689376066,0.8467000126838684,286.5028076171875,123.51442504187096
36.904322956507706,-1.204978418571626,0.8467000126838684,79.1343994140625,53.33521726909702
36.90666398456076,-1.2072347237046699,0.8065999746322632,168.64430236816406,119.92261812850474
36.904804539421484,-1.205245964634833,0.8579000234603882,110.62059783935547,39.26706235679192
36.89840127030873,-1.2033954376976532,0.9204000234603882,242.13319396972656,153.26051779137433
36.90662831175235,-1.206115489340255,0.755299985408783,79.62249755859375,8.977050664355348
36.90330628146752,-1.2041401075735783,0.7497000098228455,70.09639739990234,74.43748751915405
36.91640266126149,-1.2118811070023605,0.7497000098228455,127.6980972290039,21.143286602034014
36.902543775187375,-1.2036496064576994,0.7664999961853027,45.04359817504883,88.50571393482814
36.90341775899386,-1.2036674428619134,0.8289999961853027,196.99180603027344,32.23297054660768
36.8935676047668,-1.2038235113987839,0.7609000205993652,116.33509826660156,192.92153671987322
36.897094753700074,-1.2033642239902789,0.8234000205993652,140.73150634765625,153.26033065321576
36.904305120103494,-1.2046216904873508,0.7777000069618225,159.85699462890625,32.23295132366161
36.90372097786549,-1.205946043500224,0.9027000069618225,174.50689697265625,179.94876944866044
36.91712503563215,-1.211979207225536,0.78329998254776,53.06230163574219,70.38183784004406
36.90409108325293,-1.2051121916032297,0.84579998254776,53.653499603271484,88.50564820624295
36.8936255730805,-1.2037209520745547,0.7264000177383423,93.8958969116211,183.00617694641764
36.896858421344234,-1.203466783314508,0.7889000177383423,87.46050262451172,163.1756429753863
36.89504356721549,-1.2032750419692102,0.7889000177383423,100.9677963256836,143.3447757437902
36.909129867443326,-1.2076538792036935,0.8682000041007996,165.18350219726562,159.5840028210909
36.90401081943398,-1.2037031156703404,0.8112999796867371,204.66969299316406,17.005659510806808
36.89675140291896,-1.2035425880324164,0.8169000148773193,155.49989318847656,163.1756321668288
36.90551353648899,-1.2043184716157163,0.7599999904632568,13.257699966430664,87.34650586660446
36.90373881426971,-1.2043452262220367,0.8224999904632568,62.6265983581543,53.33521362297965
36.90347572730755,-1.2056784974370174,0.8849999904632568,57.7411994934082,179.94876563092024
36.907778759824126,-1.2074532196562886,0.7087000012397766,165.79420471191406,139.7532804188651
36.90521031761735,-1.207257019209937,0.7767999768257141,152.75160217285156,172.9148053280143
36.90275335293689,-1.2035336698303098,0.8449000120162964,58.06639862060547,67.403444323389
36.90380570078551,-1.2048714001463436,0.7422999739646912,11.401100158691406,88.50564520431678
36.90323047674961,-1.2039840390367076,0.8104000091552734,96.1406021118164,67.40340756663969
36.90633847018387,-1.2079749344795416,0.7021999955177307,55.96220016479492,199.24551278491452
36.907573641175674,-1.2070786551677992,0.718999981880188,110.76950073242188,100.09185167789751
36.916915457882645,-1.2125410539582706,0.871999979019165,314.8481140136719,0.04106085097186566
36.915582186667656,-1.211515460715978,0.79830002784729,61.02040100097656,14.027142021681279
36.90465738908672,-1.2047019543063129,0.86080002784729,58.26259994506836,11.130697004713651
36.91678168485104,-1.212117439358193,0.7414000034332275,39.90380096435547,28.17737111223909
36.90597282389749,-1.2069448821361959,0.7414000034332275,12.868499755859375,87.48457390580091
36.89875353929195,-1.203506915223989,0.8206999897956848,66.62850189208984,163.17596325744125
36.90391717831184,-1.20512556890639,0.8999999761581421,78.7761001586914,102.5738192827123
36.894361324754314,-1.2038012158935167,0.8263000249862671,50.6510009765625,192.92154209625494
36.89973900062477,-1.2037432475798218,0.8263000249862671,93.9166030883789,183.00690023945313
36.90520139941524,-1.2049739594705726,0.8263000249862671,157.61329650878906,9.971538957861464
36.90776984162202,-1.2064811356266376,0.8319000005722046,48.10279846191406,30.68432960725982
36.90555812749951,-1.2054421650811846,0.8486999869346619,87.38870239257812,4.096677077848219
36.90353369562125,-1.205696333841231,0.8486999869346619,71.6156997680664,172.9146801910141
36.90255269338949,-1.2039929572388146,0.8486999869346619,132.368896484375,116.64204741398176
36.90317696753697,-1.2042917170093956,0.8431000113487244,123.98819732666016,95.53974754430641
36.91645617047413,-1.2119747481244827,0.7348999977111816,89.13400268554688,21.14328943327899
36.90710543556506,-1.2071812144920284,0.7973999977111816,326.1357116699219,110.00723080887876
36.908188997121044,-1.2053752785653826,0.7973999977111816,87.16819763183594,88.29998599866748
36.90280686214953,-1.2040955165630443,0.8598999977111816,71.0792007446289,102.57385587490634
36.89715718111482,-1.2036629837608597,0.8029999732971191,278.76361083984375,183.00640713119446
36.905642850419525,-1.2067442225887908,0.8029999732971191,18.757099151611328,95.53987485304661
36.90774754611675,-1.2055313471022535,0.8086000084877014,69.02249908447266,78.38462012481175
36.89739351347065,-1.2036674428619134,0.8766999840736389,338.25469970703125,183.0064323350178
36.8948696622744,-1.2029539866933618,0.7628999948501587,82.03019714355469,103.68332773787624
36.894713593737535,-1.2037120338724476,0.8198000192642212,381.3070068359375,192.9215533765306
36.91651859788889,-1.21278630451621,0.8366000056266785,50.609100341796875,42.16340093685205
36.89627427910624,-1.203386519495546,0.717199981212616,138.37660217285156,153.26022419781253
36.919171763015676,-1.2151005779629482,0.779699981212616,14.18850040435791,14.027370403127634
36.907328390617735,-1.2071633780878148,0.779699981212616,181.39979553222656,110.00721785826188
36.89852166603718,-1.2036629837608597,0.904699981212616,246.8011932373047,183.0066279507527
36.902945094282195,-1.2043184716157163,0.7853000164031982,190.01730346679688,116.64201763249133
36.905031953575204,-1.205352983060116,0.8021000027656555,200.98260498046875,39.26707567709574
36.908550184306385,-1.2057052520433378,0.796500027179718,78.59049987792969,58.553909122974076
36.90337762708439,-1.2056339064264827,0.8188999891281128,117.86389923095703,186.9828513035265
36.90510775829311,-1.2057587612559793,0.7620000243186951,61.50170135498047,60.36935308600294
36.90349356371177,-1.205504592495933,0.8245000243186951,59.84590148925781,165.88059407181618
36.90220042440627,-1.2034266514050271,0.7675999999046326,48.98649978637695,102.57392343753985
36.907328390617735,-1.2053217693527418,0.7163000106811523,10.962900161743164,98.21532310141359
36.89424092902587,-1.2036050154471647,0.8468999862670898,91.82710266113281,173.09082073376547
36.90485358953307,-1.2070385232583183,0.8011999726295471,109.05130004882812,179.94884733825276
36.90659263894391,-1.2058301068728343,0.8636999726295471,110.15149688720703,38.723127864025
36.904639552682504,-1.2044210309399455,0.7900000214576721,98.9021987915039,9.971569041231794
36.90363179584443,-1.204483458354694,0.8580999970436096,94.68479919433594,74.43747434365045
36.90407770594977,-1.2040018754409214,0.7443000078201294,133.11239624023438,4.096600456949054
36.90480899852253,-1.2041267302704182,0.8693000078201294,44.89690017700195,45.14200743028823
36.90596836479643,-1.2074175468478612,0.8693000078201294,168.02420043945312,134.42319752434426
36.906436570407045,-1.2068467819130202,0.7498999834060669,5.710299968719482,70.34583580210601
36.91807482415653,-1.2127506317077825,0.8123999834060669,439.4338073730469,77.41587583623961
36.907368522527214,-1.2072703965130975,0.8748999834060669,45.73860168457031,119.92257704967858
36.90544219087212,-1.20749335156577,0.7610999941825867,164.91099548339844,168.81194512262775
36.90855910250849,-1.2073684967362732,0.8860999941825867,157.9261016845703,129.83791415849444
36.906476702316525,-1.2061511621486825,0.8860999941825867,160.4528045654297,8.977037122737283
36.9060575468175,-1.2077787340331902,0.777899980545044,156.32640075683594,171.3083115606197
36.91868572100086,-1.2137182566363804,0.777899980545044,330.0535888671875,49.27947664045096
36.89985493725215,-1.2035782608408443,0.829200029373169,103.4020004272461,163.17620447324705
36.8940179739732,-1.2034132741018668,0.8348000049591064,148.3876953125,153.26010071114018
36.90276673024005,-1.204037548249349,0.8973000049591064,65.2406005859375,109.60794728514307
36.90563393221741,-1.205486756091719,0.8515999913215637,275.0111083984375,2.9374034869524164
36.918685721000855,-1.214066066518549,0.7835000157356262,179.02239990234375,28.17722960033604
36.900844857686025,-1.2033954376976532,0.8460000157356262,156.68960571289062,153.26110801740856
36.908122110605255,-1.2056026927191086,0.805899977684021,34.46260070800781,68.4692672458703
36.89461549351436,-1.2028781819754533,0.868399977684021,73.43099975585938,93.76796202981568
36.899685491412136,-1.2033107147776374,0.794700026512146,53.81909942626953,143.34544338478187
36.89816939705396,-1.2035247516282028,0.8003000020980835,83.29019927978516,163.17584423130538
36.908394115769504,-1.2054733787885585,0.8003000020980835,84.0634994506836,78.38462743964209
36.918181842581824,-1.213209919116287,0.7545999884605408,18.5851993560791,56.31361596171441
36.916549811596255,-1.212117439358193,0.8170999884605408,137.2946014404297,7.075136061908977
36.90546002727634,-1.2055581017085744,0.9420999884605408,241.99119567871094,18.164848685286255
36.914864271398045,-1.210106384783089,0.8282999992370605,63.15869903564453,42.245348653068795
36.89457090250383,-1.2033107147776374,0.833899974822998,89.58270263671875,143.34475295427754
36.89449063868486,-1.2035827199418976,0.822700023651123,142.13009643554688,173.09082674852428
36.91198815121859,-1.2075602380815713,0.7200999855995178,9.813899993896484,14.108226498833364
36.917272185966915,-1.212616858676179,0.7825999855995178,154.4158935546875,21.143286875655946
36.905339631547896,-1.2072213464015096,0.7145000100135803,93.97319793701172,151.84791809395853
36.90640981580072,-1.207916966165847,0.7770000100135803,134.89340209960938,189.33015352202023
36.90355599112652,-1.2044344082431058,0.7257000207901001,21.078399658203125,74.43747659530565
36.90343113629702,-1.2042114531904335,0.8507000207901001,195.79409790039062,74.43748318260998
36.90492047604888,-1.2053396057569554,0.8050000071525574,30.079599380493164,39.267068668894225
36.90564730952058,-1.2052682601401004,0.7480999827384949,72.36019897460938,17.00558600648159
36.916023637671955,-1.2120371755392307,0.7537000179290771,32.334999084472656,21.061184814672348
36.89968995051318,-1.2036763610640204,0.7135999798774719,55.902198791503906,183.00687867088206
36.90598620120065,-1.2058078113675672,0.8274000287055969,67.55290222167969,2.937354647584469
36.89730879055064,-1.2031145143312858,0.7192000150680542,53.906898498535156,123.51427945911537
36.90723920859667,-1.2077252248205492,0.8442000150680542,185.4268035888672,169.49937713067447
36.916616698112065,-1.211827597789719,0.8497999906539917,92.74520111083984,35.21144538353107
36.90557150480267,-1.20525488283694,0.7360000014305115,142.14950561523438,24.039677256329682
36.90661939355024,-1.205245964634833,0.7985000014305115,63.4359016418457,101.41455571221935
36.89682720763687,-1.2037298702766612,0.7985000014305115,265.94720458984375,192.92171948012015
36.904817916724646,-1.2055001333948796,0.8610000014305115,84.70040130615234,60.369329945817476
36.9090362263212,-1.2057632203570328,0.741599977016449,53.91910171508789,48.6385416294504
36.89958739118895,-1.2032215327565687,0.741599977016449,134.96339416503906,133.43006334297868
36.89476710295018,-1.20288710017756,0.741599977016449,132.57870483398438,93.76796533896308
36.90602633311013,-1.2045726403757626,0.804099977016449,72.78810119628906,101.41464492557816
36.89621185169149,-1.2034890788197756,0.8722000122070312,82.68450164794922,163.1755741627027
36.90570527783428,-1.2058568614791547,0.7527999877929688,15.135199546813965,18.164882210655925
36.917049230914245,-1.2126926633940875,0.7527999877929688,16.045400619506836,7.075135505736173
36.90777875982413,-1.2058702387823155,0.7752000093460083,105.95880126953125,38.723183983451314
36.899863855454264,-1.2033776012934392,0.7975999712944031,231.0531005859375,153.2608456561688
36.89382623262789,-1.2037833794893027,0.7975999712944031,253.5605926513672,192.92153490915413
36.902815780351645,-1.2042917170093956,0.7294999957084656,57.03620147705078,123.67610812487449
36.911386172576364,-1.2078054886395106,0.8144000172615051,122.41300201416016,56.232683466439546
36.89338032252256,-1.2035916381440046,0.7574999928474426,163.44129943847656,173.0908218785906
36.90419364257717,-1.204755463518954,0.8199999928474426,62.04710006713867,53.33521275007204
36.90257052979371,-1.2037878385903562,0.8824999928474426,127.11930084228516,102.57388066188167
36.90767620049991,-1.2072079690983493,0.7742999792098999,113.19259643554688,110.00720517139942
36.89726865864116,-1.2031591053418202,0.8367999792098999,77.10179901123047,123.51426669416982
36.904523616055116,-1.2053708194643296,0.8367999792098999,99.8584976196289,74.43749008192836
36.90526828593104,-1.2055224289001467,0.8881000280380249,72.01799774169922,25.198920163407333
36.903712059663384,-1.2041044347651513,0.7687000036239624,47.918800354003906,32.232954515162625
36.90582567356272,-1.2041267302704182,0.7687000036239624,91.68000030517578,122.51693906147467
36.9069672034324,-1.2067709771951112,0.7854999899864197,38.74729919433594,60.43043995671818
36.90715002657559,-1.2057320066496586,0.7799000144004822,95.3280029296875,48.63851968501497
36.91592553744878,-1.211796384082345,0.7799000144004822,344.4833068847656,21.061195337626692
36.90620915625332,-1.207047441460425,0.9049000144004822,110.39309692382812,90.30787852387724
36.90764944589358,-1.2058390250749413,0.802299976348877,130.1562957763672,38.72317894880323
36.91840925673555,-1.2139367525879987,0.864799976348877,220.08470153808594,14.109092617154174
36.908073060493656,-1.2077430612247626,0.8759999871253967,192.9210968017578,169.4993530023516
36.90551353648899,-1.2057899749633534,0.8704000115394592,200.52879333496094,32.23304127626225
36.9025616115916,-1.2048089727315956,0.7621999979019165,165.93960571289062,179.94879810240172
36.902722139229525,-1.2050765187948018,0.8871999979019165,80.01110076904297,194.01695908401908
36.90587472367431,-1.2065658585466532,0.705299973487854,31.639400482177734,60.369460100786114
36.90030976555961,-1.2037477066808755,0.830299973487854,77.7042007446289,192.92239534208028
36.902311901932606,-1.2035202925271498,0.7164999842643738,15.84939956665039,102.57391170182578
36.907350686122996,-1.2052415055337797,0.7164999842643738,47.012298583984375,108.13068209659022
36.903542613823355,-1.2045815585778696,0.7734000086784363,77.92109680175781,88.50564846287443
36.8988739350204,-1.2033419284850115,0.7734000086784363,167.7628936767578,143.34526394019073
36.899070135466744,-1.2037655430850889,0.8359000086784363,70.73290252685547,192.9220956642628
36.897892932788636,-1.2037164929735011,0.8359000086784363,77.93890380859375,183.00651577192852
36.90697166253346,-1.207306069321525,0.8359000086784363,93.5989990234375,119.92259497158095
36.90635184748703,-1.2056606610328036,0.7901999950408936,78.75540161132812,45.141853443825624
36.905674064126906,-1.2043719808283577,0.7901999950408936,53.312599182128906,101.4146727154273
36.90632509288071,-1.2048089727315956,0.858299970626831,102.79889678955078,115.48278423126789
36.894923171487044,-1.203774461287196,0.722100019454956,16.840999603271484,192.92156097304718
36.906012955806965,-1.2054377059801313,0.8069999814033508,143.00489807128906,31.073723426103914
36.90545110907423,-1.206842322811967,0.8069999814033508,100.2145004272461,116.64212070073816
36.907332849718784,-1.2074710560605026,0.8694999814033508,157.91859436035156,139.75329545944675
36.91724097225955,-1.2125678085645912,0.7501000165939331,108.13600158691406,28.17736544467946
36.90006005590062,-1.2036183927503252,0.7099999785423279,55.666099548339844,173.09160806673148
36.89479831665755,-1.2030030368049496,0.7724999785423279,89.14340209960938,103.68332410267965
36.917249890461655,-1.2121085211560862,0.8349999785423279,130.6728057861328,63.347758195704515
36.90859477531691,-1.2064722174245306,0.8238000273704529,36.469600677490234,30.684323147203617
36.903707600562335,-1.2046841179020988,0.7156000137329102,38.75400161743164,81.47155918898156
36.90616902434383,-1.2069448821361959,0.8406000137329102,33.77669906616211,81.6231751673273
36.907756464318865,-1.205954961702331,0.7836999893188477,75.81420135498047,28.807822572095795
36.91754865023223,-1.212416199128774,0.8461999893188477,295.03118896484375,63.34774578904263
36.90583013266378,-1.20499625497584,0.8461999893188477,69.2291030883789,52.17602246125888
36.90570973693532,-1.2059103706917964,0.7268000245094299,34.63019943237305,25.198973734683694
36.89780820986862,-1.2035292107292563,0.703499972820282,10.540900230407715,163.17578338971296
36.903823537189716,-1.2043140125146627,0.703499972820282,28.509599685668945,46.301125446331454
36.90749337735671,-1.2080373618942903,0.828499972820282,89.0176010131836,199.24544390512588
36.89963198219948,-1.2037075747713941,0.828499972820282,80.30110168457031,192.92221627215645
36.907332849718784,-1.2080418209953436,0.754800021648407,76.01180267333984,199.24545090292085
36.90074229836179,-1.2035113743250423,0.754800021648407,36.40359878540039,163.1764413531397
36.89412499239848,-1.2035738017397908,0.8228999972343445,62.364898681640625,173.090819380969
36.916309020139366,-1.2126525314846068,0.8228999972343445,65.82929992675781,49.19747930640964
36.90675316658184,-1.2045904767799764,0.8228999972343445,49.44260025024414,164.72137182417032
36.90656588433758,-1.2059460435002243,0.8228999972343445,142.0751953125,28.807762199184495
36.91669696193103,-1.212554431261431,0.8228999972343445,175.05979919433594,6.993015880463228
36.894174042510066,-1.2035693426387373,0.7771999835968018,92.85279846191406,163.1754605549656
36.907591477579885,-1.2071232461783337,0.8396999835968018,71.00669860839844,100.091848669796
36.905455568175284,-1.2059371252981168,0.845300018787384,43.707698822021484,46.30121199317888
36.916170788006724,-1.2121887849750483,0.907800018787384,295.8699951171875,21.061177090931075
36.905379763457375,-1.2068467819130202,0.8051999807357788,73.131103515625,123.67619829424116
36.89993966017217,-1.203627310952432,0.8051999807357788,82.43389892578125,173.09158551993855
36.904300661002445,-1.2051389462095505,0.8051999807357788,18.893600463867188,74.43747805675864
36.9037967825834,-1.205014091380054,0.7940000295639038,70.93150329589844,95.5397318528431
36.899658736805804,-1.203774461287196,0.7940000295639038,69.10800170898438,192.92223751467833
36.908050764988396,-1.2059995527128655,0.8565000295639038,74.16500091552734,18.89247095728948
36.91455659342537,-1.2094553560292862,0.8565000295639038,111.66110229492188,63.34751321653903
36.91666128912259,-1.2126525314846066,0.7371000051498413,43.047401428222656,21.06117003379023
36.90822912903054,-1.2070340641572648,0.7483000159263611,10.54740047454834,90.17647760069165
36.89762092762438,-1.203395437697653,0.8733000159263611,141.17649841308594,153.26039610820806
36.905326254244734,-1.2057275475486051,0.7538999915122986,144.26109313964844,32.2330200740333
36.90797496027049,-1.2076182063952663,0.7081999778747559,89.4529037475586,159.58399513837205
36.917232054057436,-1.2129334548509734,0.8845000267028809,148.05230712890625,7.075125773440102
36.90598174209959,-1.2043586035251972,0.8276000022888184,101.99929809570312,122.51692125064
36.90797050116942,-1.2058122704686207,0.7193999886512756,113.50800323486328,38.72318770937184
36.908483297790575,-1.205754302154926,0.7818999886512756,51.52880096435547,48.63855008319508
36.914614561739064,-1.2094330605240187,0.9013000130653381,236.08880615234375,70.38158488953032
36.90813102880736,-1.2071009506730666,0.7305999994277954,9.763099670410156,100.09183749208998
36.906989498937676,-1.2061288666434156,0.7930999994277954,64.41889953613281,8.977073821297637
36.907702955106224,-1.2061288666434156,0.7930999994277954,88.44779968261719,8.977104430043925
36.90636076568914,-1.2045146720620679,0.7250000238418579,58.021400451660156,136.58506334195337
36.904322956507706,-1.2040776801588302,0.8500000238418579,95.3030014038086,9.971575182895743
36.90453253425722,-1.2043229307167695,0.8043000102043152,71.61609649658203,9.971571619825948
36.90905406272542,-1.207756438527923,0.8210999965667725,114.4979019165039,169.49936205723472
36.906177942545945,-1.205415410474864,0.8835999965667725,97.10399627685547,52.17597463995411
36.90607984232277,-1.2049516639653057,0.76419997215271,187.30340576171875,80.31235718089162
36.894851825870184,-1.2034712424155616,0.82669997215271,72.35810089111328,153.26012168993378
36.902820239452694,-1.2042337486957013,0.753000020980835,40.78960037231445,116.64202403557745
36.89439699756274,-1.2035202925271498,0.8323000073432922,40.97480010986328,163.17546559152117
36.91592553744878,-1.2111007643180072,0.8378999829292297,203.06260681152344,42.24548769811171
36.90501411717099,-1.2074175468478612,0.9003999829292297,204.2093963623047,194.01704963860277
36.90834506565791,-1.2070920324709595,0.7240999937057495,23.921899795532227,100.09183638369868
36.90363179584443,-1.2046529041947245,0.7865999937057495,66.68810272216797,88.50564668165539
36.9008091848776,-1.2034846197187217,0.8490999937057495,133.45050048828125,163.17646683448683
36.90364517314759,-1.2039349889251199,0.781000018119812,92.34230041503906,32.23295747973714
36.89898095344568,-1.2035515062345237,0.781000018119812,138.32159423828125,173.09135902544776
36.899315386024696,-1.20314572803866,0.8033999800682068,19.350000381469727,123.51464278129868
36.89814710154868,-1.2035960972450583,0.8033999800682068,169.4029998779297,173.09118735780905
36.904911557846766,-1.2044121127378384,0.8658999800682068,50.16939926147461,31.07382523546275
36.90553137289319,-1.2048268091358092,0.8658999800682068,67.56230163574219,45.14196002581383
36.89878029389827,-1.2038012158935167,0.7297000288963318,45.0880012512207,192.92203976211948
36.90628942007228,-1.2065391039403326,0.8090000152587891,116.2509994506836,40.89060153313482
36.91541719992868,-1.2103516353410286,0.8715000152587891,385.0498046875,56.31357839609638
36.90630279737543,-1.2057498430538724,0.8145999908447266,45.91120147705078,38.107760329781414
36.902253933618915,-1.2038012158935165,0.8770999908447266,96.44049835205078,123.67615972665995
36.90437646572035,-1.205393114969597,0.7633000016212463,18.97920036315918,88.50565746649453
36.905344090648946,-1.2040509255525096,0.8258000016212463,90.35040283203125,94.38060955093292
36.897237444933786,-1.2032349100597288,0.8258000016212463,97.03910064697266,133.42962548461662
36.900126942416414,-1.2037164929735011,0.7063999772071838,31.2091007232666,183.0069897744336
36.9080686013926,-1.206222507765538,0.8313999772071838,60.227699279785156,0.9382472025045263
36.907350686122996,-1.206026307319186,0.7577000260353088,71.14320373535156,18.892450818641564
36.90514343110154,-1.205067600592695,0.7577000260353088,105.73100280761719,4.096633998046431
36.90674870748079,-1.2073684967362732,0.8202000260353088,53.362998962402344,129.8379650960691
36.90427390639612,-1.2043987354346783,0.7175999879837036,17.31920051574707,18.164775796408023
36.906195778950156,-1.2050096322790003,0.7343999743461609,90.57270050048828,80.31234512252921
36.90194179654517,-1.203627310952432,0.7857000231742859,22.090599060058594,137.74437152533963
36.89788401458653,-1.2026195541143536,0.8482000231742859,49.15370178222656,64.02221034054651
36.905196940314184,-1.2054109513738107,0.7912999987602234,87.22039794921875,25.19891153812091
36.90433187470981,-1.204425490040999,0.7912999987602234,42.831600189208984,11.130689238897189
36.9065748025397,-1.2071232461783337,0.7912999987602234,75.7228012084961,100.09189975455567
36.900608525330185,-1.2032349100597288,0.8025000095367432,194.52330017089844,133.43031494420484
36.918444929543966,-1.2135131379879216,0.8650000095367432,166.6862030029297,49.27950201268414
36.906365224790186,-1.2072347237046699,0.8650000095367432,103.24919891357422,119.92263893170929
36.9178295735986,-1.2133615285521047,0.7512000203132629,63.787899017333984,14.109167630226528
36.90620469715226,-1.2058613205802087,0.8137000203132629,63.08570098876953,17.00551139250395
36.91758878214171,-1.212697122495141,0.8762000203132629,119.93499755859375,49.27958681418734
36.914877648701214,-1.209736279395653,0.7735999822616577,139.02430725097656,70.38163821791535
36.9045726661667,-1.2049962549758402,0.8985999822616577,139.92750549316406,39.26704759588256
36.90446118864037,-1.2054733787885588,0.7680000066757202,39.87220001220703,88.50566194587778
36.90288266686744,-1.2041490257756853,0.8305000066757202,177.13150024414062,109.60793995198996
36.917829573598596,-1.213544351695296,0.9265999794006348,148.26609802246094,0.041007143957791314
36.909174458453855,-1.2064276264139961,0.8585000038146973,187.6125946044922,30.684336445415926
36.897839423576,-1.2036897383671805,0.8752999901771545,118.59290313720703,183.00650105061348
36.90817116071683,-1.2078634569532056,0.8752999901771545,184.49819946289062,189.33007045640554
36.90661493444918,-1.204483458354694,0.8240000009536743,63.3047981262207,157.68730563204417
36.89734000425801,-1.203382060394493,0.8240000009536743,184.01260375976562,153.26035585702053
36.905415436265805,-1.2050140913800538,0.8865000009536743,220.49099731445312,17.005613913544934
36.91625997002778,-1.2123716081182392,0.7782999873161316,236.52659606933594,35.12932911862477
36.90425161089085,-1.2044968356578538,0.8407999873161316,62.987098693847656,25.198863556643577
36.9070251717461,-1.2051567826137641,0.8407999873161316,214.16229248046875,108.13066914591774
36.89853058423929,-1.2027934590554377,0.7269999980926514,20.006999969482422,83.85304000233674
36.91671033923418,-1.2119702890234294,0.7894999980926514,253.87989807128906,28.177370144282644
36.90633401108281,-1.2069448821361959,0.7214000225067139,10.685199737548828,80.2612022194194
36.91683519406368,-1.2124251173308809,0.7437999844551086,29.433300018310547,14.109216127670551
36.90407770594977,-1.2063919536055687,0.8687999844551086,42.09239959716797,186.98287171126265
36.91786970550808,-1.2131118188931116,0.7382000088691711,128.73080444335938,35.21140831095177
36.90738189983037,-1.2078902115595265,0.8007000088691711,348.54949951171875,189.33009164000805
36.90628942007228,-1.2045548039715488,0.8174999952316284,98.42479705810547,129.55097031149236
36.91034274292986,-1.2075290243741974,0.8799999952316284,326.4681091308594,119.53975460032908
36.90022950174065,-1.2034311105060804,0.8119000196456909,106.04060363769531,153.26093649538322
36.91575609160874,-1.2113014238654125,0.7662000060081482,321.03021240234375,7.0750976003098085
36.89719285392325,-1.2031011370281255,0.8287000060081482,128.86410522460938,113.59889547384118
36.899498209167874,-1.2029093956828272,0.7717999815940857,37.87009811401367,93.76860731832001
36.90436754751825,-1.2044789992536407,0.8342999815940857,41.21860122680664,18.164777228221837
36.89769673234229,-1.2031011370281257,0.8342999815940857,101.87259674072266,113.59897499801296
36.899435781753134,-1.2035515062345237,0.8342999815940857,111.42829895019531,173.09145708658556
36.91625105182568,-1.2121218984592463,0.8967999815940857,302.7701110839844,14.027101086380547
36.90680221669342,-1.2077921113363506,0.7372999787330627,640.9589233398438,189.33011486033146
36.90757810027672,-1.2059505026012773,0.7261000275611877,59.89139938354492,28.807819891148377
36.90308778551591,-1.2043898172325715,0.742900013923645,155.58689880371094,109.60792212321648
36.90444781133721,-1.2045503448704957,0.805400013923645,80.8041000366211,18.164779357069307
36.90594161019012,-1.2049070729547713,0.7484999895095825,66.40709686279297,80.31236854312853
36.90434971111403,-1.2048446455400228,0.8109999895095825,130.7489013671875,46.30112924852824
36.90339100438754,-1.2045102129610146,0.8109999895095825,25.6427001953125,95.53973958491409
36.906235910859635,-1.2077430612247626,0.7541000247001648,160.2382049560547,169.56933619482774
36.91790983741756,-1.213365987653158,0.8791000247001648,117.73880004882812,21.14323948666318
36.906253747263854,-1.2050408459863744,0.8791000247001648,116.89179992675781,87.34642520865893
36.9032126403454,-1.204082139259884,0.7597000002861023,118.90450286865234,74.43749255192894
36.90779213712729,-1.2077341430226558,0.7139999866485596,153.84230041503906,169.49935810041788
36.89726865864116,-1.2026641451248878,0.7932999730110168,126.0083999633789,73.9374728756335
36.898129265144476,-1.2031546462407672,0.8446000218391418,400.9299011230469,133.4297678067688
36.8940358103774,-1.2033597648892254,0.8446000218391418,113.78990173339844,143.34474190296316
36.895146126539714,-1.2030743824218049,0.7251999974250793,82.5199966430664,113.59869937253701
36.906570343438645,-1.206276016978179,0.7876999974250793,82.59339904785156,10.85366751332155
36.90658817984286,-1.2062269668665913,0.7876999974250793,74.9386978149414,0.9383084199970999
36.89981480534267,-1.2037833794893027,0.8501999974250793,309.043212890625,192.92225908324937
36.916482925080466,-1.2117428748697037,0.7989000082015991,50.0973014831543,35.21144277908812
36.903538154722305,-1.2046395268915644,0.8044999837875366,93.80829620361328,95.53973440649666
36.918016855842836,-1.2131385734994322,0.8101000189781189,68.72509765625,49.27955317456516
36.894847366769135,-1.2035604244366305,0.8156999945640564,234.91729736328125,173.0908393330154
36.90548232278161,-1.2075513198794645,0.8156999945640564,108.53559875488281,177.10786664804897
36.89989506916164,-1.2036094745482184,0.8781999945640564,156.0467071533203,183.00692213412907
36.89791968739496,-1.2029807412996825,0.8324999809265137,115.37220001220703,103.68364534196638
36.89925741771099,-1.203333010282905,0.7588000297546387,25.864999771118164,143.34534043273894
36.90202651946519,-1.2036986565692873,0.8436999917030334,51.8661003112793,137.74435887903726
36.90219596530521,-1.203774461287196,0.9061999917030334,106.19889831542969,130.71025321153886
36.89884272131302,-1.2037700021861424,0.7979999780654907,80.00879669189453,192.92205807012422
36.90362733674337,-1.2056740383359636,0.7979999780654907,29.033599853515625,165.8805949825361
36.899315386024696,-1.2036050154471647,0.8604999780654907,69.38030242919922,173.09143682221136
36.90615118793963,-1.2061511621486822,0.7243000268936157,105.14550018310547,4.096766632649681
36.89477602115228,-1.2031501871397134,0.7243000268936157,32.313499450683594,123.51404165677639
36.90446564774142,-1.2049427457631987,0.8493000268936157,119.32440185546875,46.30113231727416
36.91728110416902,-1.2127996818193703,0.7924000024795532,82.25180053710938,14.10920830009749
36.90849667509374,-1.206222507765538,0.741100013256073,23.713699340820312,0.9382452495319451
36.90697166253346,-1.2080239845911298,0.803600013256073,162.73550415039062,199.24546882480468
36.91831561561343,-1.2134596287752804,0.7523000240325928,71.83879852294922,42.245443188639825
36.91523437678549,-1.2116001836359935,0.8148000240325928,29.411300659179688,49.197547886700164
36.89887839412145,-1.203605015447165,0.7746999859809875,43.43000030517578,173.09134039141236
36.907216913091396,-1.2061199484413083,0.7858999967575073,74.9489974975586,8.977087753506511
36.90615564704067,-1.206436544616103,0.8483999967575073,190.7519073486328,34.088335267571445
36.906704116470245,-1.2072837738162578,0.7289999723434448,82.71189880371094,119.92261184847314
36.90078243027128,-1.2033642239902789,0.7914999723434448,73.1238021850586,153.26108253609857
36.91664345271838,-1.2129602094572944,0.7914999723434448,93.91220092773438,42.16340163390559
36.90576324614797,-1.2071633780878148,0.7803000211715698,169.1903076171875,127.64879828719234
36.90589701917958,-1.205616070022269,0.7803000211715698,148.63209533691406,24.039631240816025
36.90771187330833,-1.205736465750712,0.8428000211715698,128.09890747070312,48.638540678437025
36.90310116281906,-1.205406492272757,0.8651999831199646,137.9407958984375,186.9828551263075
36.91486873049911,-1.2099993663578064,0.7513999938964844,15.217300415039062,49.27942105388681
36.906012955806965,-1.207716306618442,0.8763999938964844,84.78019714355469,173.03684259124142
36.90643211130599,-1.2045235902641749,0.8083000183105469,46.42100143432617,143.61914433719818
36.89932876332785,-1.2028068363585984,0.9333000183105469,106.3386001586914,83.8532077087481
36.903841373593934,-1.2045904767799764,0.8251000046730042,46.341400146484375,67.40338529738764
36.91719192214796,-1.2130449323773098,0.7570000290870667,194.56930541992188,14.02710211205056
36.906793298491316,-1.2073328239278456,0.7738000154495239,45.10060119628906,119.92260589566979
36.90377448707814,-1.2043808990304645,0.7738000154495239,72.61190032958984,60.369300004957296
36.90717232208086,-1.2072659374120442,0.7738000154495239,59.57789993286133,119.92258535627525
36.90634292928492,-1.2050898960979621,0.8988000154495239,127.96160125732422,87.34641199346096
36.900791348473376,-1.2037833794893027,0.7793999910354614,103.22309875488281,192.922517857818
36.903547072924404,-1.2056205291233222,0.7793999910354614,68.810302734375,165.8805941798175
36.89779483256546,-1.2027087361354223,0.8418999910354614,47.53010177612305,73.93755435619327
36.917294481472176,-1.212286885198224,0.9043999910354614,160.0124969482422,56.31367737119117
36.90895596250225,-1.207738602123709,0.7281000018119812,18.74370002746582,169.4993572762038
36.91643387496887,-1.2125455130593237,0.7281000018119812,100.54049682617188,35.12932514186204
36.916549811596255,-1.212434035532988,0.8531000018119812,119.44940185546875,14.027093093666004
36.902722139229525,-1.20368973836718,0.8531000018119812,94.88330078125,81.47161195285392
36.90265971181477,-1.2034801606176686,0.8586999773979187,154.25840759277344,74.43753733644334
36.9057989189564,-1.205352983060116,0.7850000262260437,78.68440246582031,24.039655641692555
36.89808913323499,-1.2025927995080328,0.7505000233650208,129.4239959716797,64.02224076134272
36.905584882105835,-1.206967177641463,0.8755000233650208,163.49749755859375,123.72462975148362
36.9027711893411,-1.204924909358985,0.8185999989509583,84.95010375976562,172.9146969237044
36.905549209297405,-1.2040643028556701,0.8241999745368958,146.32069396972656,108.44877869995179
36.90756472297356,-1.206026307319186,0.8241999745368958,65.09149932861328,18.892460824556597
36.906102137828036,-1.205156782613764,0.7271999716758728,233.49679565429688,66.24417242311222
36.91699126260055,-1.212344853511919,0.8521999716758728,287.18011474609375,28.177370946378378
36.90635184748703,-1.2055135106980397,0.7785000205039978,20.94610023498535,59.2100396524908
36.89737567706645,-1.2038012158935167,0.8410000205039978,99.08439636230469,192.921791178814
36.905179103909965,-1.2065212675361185,0.8633999824523926,56.382999420166016,109.60799336835828
36.90048812960174,-1.2034221923039736,0.8690000176429749,141.75160217285156,153.2610080484638
36.90442551583193,-1.204157943977792,0.8120999932289124,242.8188934326172,9.971573503071086
36.909486595527596,-1.2060575210265603,0.7038999795913696,126.6249008178711,18.89245227687073
36.898093592336046,-1.2026998179333155,0.8288999795913696,25.381999969482422,73.93759949832301
36.91075298022678,-1.2071143279762266,0.8233000040054321,15.543399810791016,49.198916872595504
36.908184538019995,-1.205865779681262,0.8400999903678894,105.69830322265625,38.72319084429119
36.904991821665725,-1.2041980758872732,0.7720000147819519,50.23740005493164,52.1760893323338
36.90795712386626,-1.2065881540519203,0.7832000255584717,15.305899620056152,40.5996850014275
36.906102137828036,-1.2075424016773577,0.9082000255584717,138.23309326171875,151.71421733282384
36.89940456804576,-1.2033330102829047,0.7888000011444092,65.43720245361328,143.34538063536397
36.91685303046789,-1.2121932440761014,0.8513000011444092,84.42939758300781,28.17737137940552
36.90885340317801,-1.2059415843991705,0.7430999875068665,30.56089973449707,28.807827649794856
36.91630456103832,-1.2113415557748937,0.8680999875068665,50.518001556396484,56.313664021535246
36.905232613122614,-1.2074220059489147,0.8792999982833862,124.1854019165039,173.21381208630373
36.91871247560718,-1.2139278343858921,0.7085999846458435,21.43079948425293,42.24538032530753
36.905888100977464,-1.2041133529672579,0.7767000198364258,83.59750366210938,129.55102236393262
36.908799893965366,-1.2068200273066996,0.8392000198364258,259.7142028808594,70.34576184452567
36.904621716278285,-1.2053083920495813,0.8615999817848206,87.27799987792969,60.36931799832553
36.908715171045344,-1.2058211886707275,0.7422000169754028,125.91429901123047,38.72318827998729
36.906253747263854,-1.2072213464015096,0.8047000169754028,49.57500076293945,110.11495106151716
36.90032314286277,-1.2032839601713168,0.7590000033378601,109.01329803466797,143.34562506324778
36.90371651876444,-1.204256044200968,0.8270999789237976,73.98880004882812,53.33521588353188
36.91600580126774,-1.2113192602696263,0.8895999789237976,384.3558044433594,28.17733720352084
36.90535300885105,-1.205147864411657,0.8159000277519226,90.98320007324219,9.971523362567506
36.90632955198176,-1.2073907922415403,0.7132999897003174,12.079999923706055,129.8379981321271
36.90805522408945,-1.2064632992224238,0.8382999897003174,27.03529930114746,30.684324509193548
36.89467346182805,-1.2033553057881718,0.8382999897003174,62.52830123901367,143.34475593737568
36.904728734703575,-1.2046306086894574,0.9007999897003174,101.02369689941406,2.937476856019336
36.90802846948312,-1.2074710560605026,0.7814000248908997,71.64320373535156,139.7532753207988
36.90719907668718,-1.2072971511194184,0.8439000248908997,55.98320007324219,119.92258103939062
36.90723029039456,-1.205245964634833,0.8439000248908997,182.28610229492188,108.13067810689671
36.906895857815556,-1.2072614783109905,0.8439000248908997,169.74530029296875,119.92260027003907
36.90401081943397,-1.2039528253293337,0.8550999760627747,74.6688003540039,4.0966015802102165
36.916790603053144,-1.2116447746465278,0.8550999760627747,318.9211120605469,63.347757945378525
36.90091620330288,-1.2032170736555152,0.9175999760627747,220.28289794921875,133.43039040998724
36.90673087107657,-1.2073149875236318,0.7357000112533569,82.69139862060547,119.92260589566979
36.90562947311636,-1.2049338275610917,0.7982000112533569,87.22239685058594,45.14195096858791
36.900751216563904,-1.2035827199418976,0.8607000112533569,98.3738021850586,173.09180017912462
36.89685842134424,-1.2036094745482184,0.8607000112533569,128.43850708007812,173.09100180138972
36.90687802141133,-1.2052147509274589,0.8607000112533569,119.7842025756836,108.13065887624828
36.904171347071895,-1.204046466451456,0.7412999868392944,213.90859985351562,2.937487479001248
36.89795981930445,-1.2029450684912548,0.8037999868392944,53.193199157714844,103.6836603893306
36.894669002727,-1.2034088150008133,0.7580999732017517,41.76470184326172,153.2601147455527
36.894936548790206,-1.2035292107292563,0.7580999732017517,64.65579986572266,163.17548446833194
36.91640266126149,-1.2127907636172637,0.8719000220298767,94.77279663085938,49.19747814112193
36.90130414509453,-1.203622851851379,0.701200008392334,10.801300048828125,173.0919579580012
36.91715624933953,-1.2127907636172637,0.7692999839782715,61.8921012878418,14.10920830009749
36.90751121376091,-1.2074844333636627,0.7692999839782715,91.21510314941406,139.7532884616332
36.905009658069936,-1.2051790781190312,0.7124000191688538,51.734798431396484,25.198896375240253
36.89376380521315,-1.2034979970218824,0.8999000191688538,273.87579345703125,163.1754586819256
36.89799103301181,-1.203386519495546,0.9054999947547913,224.78250122070312,153.260454341314
36.89467346182804,-1.2031368098365531,0.7972999811172485,101.3583984375,123.51403834761048
36.90670411647025,-1.2045369675673352,0.8597999811172485,60.852500915527344,164.72138593208362
36.90326614955804,-1.2037967567924628,0.729200005531311,18.25550079345703,46.30114667655441
36.90639197939651,-1.2054287877780245,0.729200005531311,121.47360229492188,73.27821145287588
36.90195963294939,-1.2033285511818512,0.791700005531311,36.59769821166992,116.64212627874471
36.904175806172944,-1.2045146720620679,0.791700005531311,28.632200241088867,32.23295011715546
36.90200868306096,-1.203502456122936,0.8709999918937683,51.82939910888672,123.67619490618983
36.90211570148625,-1.2035871790429513,0.7002999782562256,25.797399520874023,123.67618248541886
36.90470198009725,-1.2044210309399455,0.8252999782562256,70.46299743652344,17.005654671765715
36.89871786648353,-1.202717654337529,0.8141000270843506,143.18460083007812,73.9377162420587
36.89353639105943,-1.2033909785965995,0.8766000270843506,155.418701171875,153.26010046840187
36.9005015069049,-1.2032126145544615,0.7739999890327454,113.19429779052734,133.43029044104244
36.901923960140955,-1.2036719019629667,0.8364999890327454,31.42169952392578,144.77845328658515
36.905923773785894,-1.2043006352115024,0.8364999890327454,81.38800048828125,115.48283863735
36.90753350926619,-1.207653879203694,0.8309000134468079,190.16900634765625,159.5840069070607
36.897785914363354,-1.2032126145544615,0.8476999998092651,93.70610046386719,123.5143481747296
36.90026517454907,-1.2037967567924628,0.8476999998092651,95.97669982910156,192.92237181713972
36.90339546348859,-1.2040509255525096,0.8421000242233276,196.99240112304688,60.36931227895386
36.90624036996069,-1.204305094312556,0.7394999861717224,219.8896942138672,143.61916769740048
36.9057320324406,-1.2043942763336248,0.7964000105857849,118.03739929199219,94.38058130003158
36.917682423263834,-1.2126569905856603,0.8589000105857849,67.74810028076172,56.31366121514745
36.897059080891644,-1.2034177332029201,0.8589000105857849,179.38099670410156,153.26031854040573
36.90356490932862,-1.2041222711693649,0.7506999969482422,79.75800323486328,53.335218839512095
36.9065748025397,-1.2053217693527418,0.8131999969482422,111.74469757080078,87.3463834727932
36.89398676026582,-1.2034890788197756,0.8131999969482422,230.989501953125,163.17545882755746
36.90522815402156,-1.2045458857694418,0.7562999725341797,151.0041046142578,52.176073305561005
36.904666307288814,-1.2055447244054138,0.824400007724762,87.38200378417969,81.47158423273315
36.90807751959471,-1.2061021120370945,0.7674999833106995,69.86479949951172,8.977112926821038
36.9048223758257,-1.2044031945357316,0.7786999940872192,33.60210037231445,24.03974006941868
36.90632063377966,-1.2043630626262507,0.7786999940872192,120.68579864501953,150.65324938310258
36.904822375825695,-1.204942745763199,0.789900004863739,15.998299598693848,18.164794824738497
36.89472697104069,-1.2030833006239114,0.852400004863739,80.56089782714844,113.59867956614106
36.903823537189716,-1.205036386885321,0.7329999804496765,34.60279846191406,102.57381850732965
36.89762092762438,-1.203163564442874,0.7954999804496765,53.040401458740234,123.51431971028434
36.90640089759862,-1.2043942763336248,0.7386000156402588,161.435302734375,150.65323759036073
36.89826749727713,-1.2025482084974983,0.7441999912261963,220.80880737304688,64.02227248637286
36.90564730952058,-1.205085436996909,0.7441999912261963,59.08869934082031,38.107859737630896
36.91100714898683,-1.2071277052793872,0.8066999912261963,137.26040649414062,28.09659853732112
36.907983878472585,-1.2051924554221918,0.7554000020027161,65.73809814453125,108.13070086305534
36.918360206623966,-1.215907675253622,0.8179000020027161,162.9680938720703,147.6747568029307
36.89791968739496,-1.2035738017397908,0.8179000020027161,126.43070220947266,173.09115693701287
36.90338208618543,-1.2047465453168473,0.8804000020027161,186.47779846191406,116.64199604270266
36.90745324544723,-1.2059371252981168,0.7609999775886536,38.46670150756836,28.807813547735684
36.907551345670406,-1.2069582594393562,0.8234999775886536,113.24859619140625,90.17648949617961
36.90130414509453,-1.2031814008470878,0.7498000264167786,94.7344970703125,123.51516391716255
36.895003435306016,-1.20314572803866,0.8123000264167786,39.04690170288086,123.51405354060657
36.91650076148467,-1.2124741674424686,0.7041000127792358,146.16140747070312,21.06117075612196
36.91711611743005,-1.2125009220487897,0.7666000127792358,14.18910026550293,28.177367979041655
36.90221826081049,-1.2036094745482184,0.8291000127792358,74.38580322265625,116.6420883120936
36.90621361535436,-1.2073328239278458,0.8291000127792358,70.91100311279297,130.68430757782247
36.9155019228487,-1.2117785476781315,0.7096999883651733,6.417300224304199,42.16344715650488
36.90484467133096,-1.2039751208346012,0.8971999883651733,119.29280090332031,59.21018563974827
36.90243229766104,-1.203555965335577,0.8403000235557556,107.1312026977539,102.57390066077633
36.903894882806576,-1.2048223500347555,0.7833999991416931,61.36949920654297,74.4374717623977
36.916603320808896,-1.2125856449688048,0.7544999718666077,62.88959884643555,21.061170044210247
36.89659087528104,-1.203725411175608,0.8683000206947327,221.50619506835938,192.92169818903577
36.89792414649602,-1.2030431687144305,0.8226000070571899,102.79930114746094,113.59900411457518
36.91592107834772,-1.2109402366800834,0.7768999934196472,157.68649291992188,56.31363816638515
36.89775470065598,-1.2029718230975754,0.8450000286102295,113.70899963378906,103.68361622542267
36.90562055491427,-1.2046841179020988,0.725600004196167,39.922401428222656,66.24422462340613
36.90577662345113,-1.2055581017085744,0.788100004196167,153.9407958984375,2.937392321384271
36.90857247981164,-1.2057855158622999,0.8048999905586243,55.913700103759766,48.63854949223096
36.89703678538638,-1.2037789203882494,0.8673999905586243,108.86019897460938,192.92174207543843
36.904171347071895,-1.2051077325021762,0.7368000149726868,34.83580017089844,81.4715630152108
36.900510425107015,-1.2033820603944927,0.7993000149726868,114.84760284423828,153.26103255162616
36.905816755360604,-1.2042560442009682,0.8618000149726868,195.2978973388672,115.48284743057415
36.90688693961344,-1.2080150663890228,0.7591999769210815,16.24920082092285,199.24547412324426
36.904893721442555,-1.204037548249349,0.8216999769210815,46.3838005065918,59.210182620054375
36.906400897598616,-1.208032902793237,0.878600001335144,79.93949890136719,199.24550552332798
36.906498997821785,-1.2074532196562886,0.8273000121116638,190.18760681152344,139.75335007989094
36.906864644108175,-1.2048669410452904,0.8898000121116638,87.50540161132812,147.79209476804476
36.89721960852956,-1.2035381289313634,0.8898000121116638,80.60220336914062,163.17568947029397
36.90657926164076,-1.2044611628494266,0.7815999984741211,66.2417984008789,164.72139934296325
36.918369124826064,-1.2135354334931892,0.8496999740600586,71.61370086669922,42.245432018083164
36.90776092341992,-1.2060396846223467,0.7760000228881836,45.77119827270508,18.89246585922321
36.90389934190763,-1.2047153316094728,0.7358999848365784,43.16120147705078,67.40338489799596
36.9032795268612,-1.2045235902641749,0.7983999848365784,77.55560302734375,102.57382846132455
36.90504978997943,-1.2050230095821608,0.7526999711990356,63.0093994140625,4.096633998046431
36.89452631149329,-1.2035381289313634,0.8151999711990356,73.31880187988281,163.17546792252088
36.90885340317801,-1.206298312483446,0.8040000200271606,74.33480072021484,10.853608669933914
36.897817128070734,-1.2026195541143536,0.8040000200271606,44.02909851074219,64.02219561923151
36.90571865513744,-1.2053975740706502,0.7583000063896179,8.577400207519531,17.0055753110206
36.90316359023381,-1.203555965335577,0.8375999927520752,274.1418151855469,46.3011593139861
36.906842348602915,-1.2045993949820832,0.8320000171661377,103.6167984008789,171.7554514311808
36.89691193055689,-1.203163564442874,0.7182000279426575,17.92180061340332,123.51421889500968
36.914694825558016,-1.2097451975977598,0.7975000143051147,85.61759948730469,63.34754899610647
36.89805346042656,-1.2032661237671027,0.8600000143051147,159.63380432128906,133.42973673385563
36.90636522479018,-1.207555778980518,0.8600000143051147,152.7794952392578,149.6687165597287
36.90500073986783,-1.2048134318326487,0.8655999898910522,117.04350280761719,2.9374621525062454
36.90301643989905,-1.2053128511506346,0.8087000250816345,11.881400108337402,186.9828577913185
36.906895857815556,-1.2059326661970637,0.8087000250816345,122.94239807128906,28.8077866648914
36.90680667579448,-1.2051434053106036,0.814300000667572,36.21139907836914,118.04601223693842
36.907600395782,-1.2061377848455221,0.814300000667572,67.56510162353516,8.977101749115041
36.916491843282564,-1.212028257337124,0.7573999762535095,85.25800323486328,14.10921275077804
36.9050230353731,-1.2049472048642522,0.7005000114440918,74.677001953125,4.096627469941474
36.903912719210794,-1.2059192888939034,0.7630000114440918,16.87179946899414,165.88060156350988
36.90590593738168,-1.20485356374213,0.8310999870300293,67.94349670410156,73.2782873039596
36.90539314076054,-1.2072926920183646,0.8367000222206116,141.56939697265625,159.17797486250586
36.90600849670591,-1.205682956538071,0.8992000222206116,155.58990478515625,17.00553904943749
36.9043720066193,-1.2038993161166927,0.8992000222206116,266.3089904785156,31.07383856409765
36.91654089339415,-1.211658151949688,0.7797999978065491,116.46219635009766,49.27959917637998
36.91577838711401,-1.2110472551053661,0.8422999978065491,57.97090148925781,35.211396747977965
36.90769849600517,-1.207355119433113,0.9160000085830688,310.7231140136719,129.83792356325247
36.89935105883312,-1.2033107147776374,0.7340999841690063,56.79719924926758,143.3453603710083
36.897157181114814,-1.2037789203882494,0.7340999841690063,31.37820053100586,192.9217659750278
36.90829155644528,-1.2077965704374043,0.8590999841690063,210.9329071044922,179.4147104846022
36.90850559329585,-1.2055090515969866,0.8133999705314636,49.34479904174805,78.38462717585058
36.898222906266604,-1.2034043558997598,0.8758999705314636,227.91580200195312,153.2604854142272
36.91646508867624,-1.2125990222719651,0.7452999949455261,56.50210189819336,28.095247477100685
36.91701801720687,-1.2117830067791846,0.8702999949455261,182.46910095214844,63.347760146265074
36.898548420643486,-1.203466783314508,0.8870999813079834,340.32391357421875,163.17591028987067
36.91700463990371,-1.2126792860909272,0.8190000057220459,49.554901123046875,7.075135505736173
36.89411161509532,-1.2036674428619134,0.8302000164985657,137.35580444335938,183.00617821590316
36.90802846948312,-1.207573615384732,0.8302000164985657,53.30039978027344,149.66863453905006
36.90122834037662,-1.2036986565692873,0.8927000164985657,78.91699981689453,183.00728968124946
36.91781619629543,-1.2132723465310353,0.8927000164985657,142.27040100097656,14.109175542229794
36.898628684462466,-1.2034935379208287,0.7107999920845032,87.06289672851562,163.1759276196907
36.91757540483855,-1.213321396642623,0.7107999920845032,28.5718994140625,0.041030199245761824
36.902762271139004,-1.2049605821674123,0.8414000272750854,76.46520233154297,179.94878604707955
36.90381461898762,-1.2039126934198525,0.8012999892234802,153.74139404296875,18.164779066021136
36.9056071776111,-1.2058345659738878,0.7957000136375427,128.0428009033203,25.19896162699285
36.90721245399034,-1.2070206868541045,0.8582000136375427,92.33580017089844,90.17650349176961
36.90570527783428,-1.2053039329485278,0.9207000136375427,124.37359619140625,24.039666796639562
